case_type,rank,seed,cell_id,class,delta_nc_error,delta_foreground_dice,delta_nucleus_dice,delta_cytoplasm_dice,delta_circularity_error,delta_nucleus_area_error,delta_cytoplasm_area_error,baseline_nc_error,nc_aware_nc_error,baseline_foreground_dice,nc_aware_foreground_dice,model,nucleus_dice,cytoplasm_dice,foreground_dice,gt_nucleus_area,pred_nucleus_area,gt_cytoplasm_area,pred_cytoplasm_area,gt_nc,gt_circularity,nucleus_area_absolute_error,cytoplasm_area_absolute_error,pred_nc,nc_absolute_error,nc_relative_error,invalid_nc,pred_circularity,circularity_absolute_error,invalid_circularity,best_epoch,high_dice,high_nc_error,high_circularity_error
top_nc_improved,1,20260803,153831426-153831438-001,carcinoma_in_situ,-0.9794079543982379,0.06361550474537592,0.03035994884897586,0.09687106064177586,0.10924115156753944,-273.0,-491.0,4.731976618315652,3.7525686639174145,0.6726215194934162,0.7362370242387921,,,,,,,,,,,,,,,,,,,,,,,
top_nc_improved,2,20260803,149185698-149185721-004,carcinoma_in_situ,-0.8473186495846394,0.03370956529180957,0.044394840242681255,0.023024290340938003,-0.018309542106774823,-248.0,-746.0,1.1194112490829102,0.2720925994982708,0.7660182298066118,0.7997277950984214,,,,,,,,,,,,,,,,,,,,,,,
top_nc_improved,3,20260805,153831471-153831479-001,carcinoma_in_situ,-0.8376782292765588,0.028420964470558308,-0.01046004577179338,0.0673019747129101,0.032113649208094674,119.0,-271.0,1.009583843981457,0.1719056147048983,0.8093619837618616,0.8377829482324199,,,,,,,,,,,,,,,,,,,,,,,
top_nc_improved,4,20260803,149146635-149146651-001,carcinoma_in_situ,-0.720928611760512,-0.007918661291295703,-0.030127019895922258,0.01428969731333074,0.00014790168760026035,167.0,-1519.0,0.7563289178837458,0.03540030612323375,0.777713645157198,0.7697949838659023,,,,,,,,,,,,,,,,,,,,,,,
top_nc_improved,5,20260803,149146886-149146936-002,carcinoma_in_situ,-0.6065452475811042,-0.03533494414703042,-0.015362445799008917,-0.05530744249505182,-0.021752694360675395,117.0,-753.0,0.8422606959969898,0.23571544841588565,0.8256975343914691,0.7903625902444387,,,,,,,,,,,,,,,,,,,,,,,
top_nc_improved,6,20260803,149315229-149315291-003,severe_dysplastic,-0.5986679736060885,0.05249827590909395,-0.0009739986714428772,0.10597055048963067,-0.011263476364867131,-42.0,-1540.0,0.7999194415263264,0.20125146792023796,0.8078532883872149,0.8603515642963089,,,,,,,,,,,,,,,,,,,,,,,
top_nc_improved,7,20260805,149143370-149143378-002,carcinoma_in_situ,-0.5271276565922205,0.1482413241428049,0.051881389718215876,0.2446012585673938,-0.20672134966692235,-606.0,-22.0,0.7195927327074867,0.1924650761152662,0.5918337703525778,0.7400750944953827,,,,,,,,,,,,,,,,,,,,,,,
top_nc_improved,8,20260803,149187049-149187073-001,carcinoma_in_situ,-0.49218219733440915,0.013768749711673745,0.02045659938590938,0.007080900037438109,0.0026922355359684236,-115.0,-294.0,0.601366131439639,0.10918393410522986,0.8462767567943346,0.8600455065060083,,,,,,,,,,,,,,,,,,,,,,,
top_nc_improved,9,20260805,148503900-148503914-001,light_dysplastic,-0.4339474921968616,-0.0590368822531927,-0.08873002339851266,-0.029343741107872634,0.1697561400429729,583.0,-765.0,0.6341311979661648,0.20018370576930322,0.742890807702957,0.6838539254497643,,,,,,,,,,,,,,,,,,,,,,,
top_nc_improved,10,20260804,149315229-149315291-003,severe_dysplastic,-0.4280413752504475,-0.011440202165669544,0.012382891508683103,-0.0352632958400223,0.026915455454247006,-315.0,-669.0,0.49040166589091605,0.06236029064046855,0.8488111690352658,0.8373709668695962,,,,,,,,,,,,,,,,,,,,,,,
top_nc_improved,11,20260805,149054526-149054563-001,light_dysplastic,-0.4263067052941801,0.17021930698500198,0.18828850749979376,0.1521501064702102,-0.35710488248695343,-1945.0,1327.0,0.44067225233580104,0.014365547041620963,0.6729427602644988,0.8431620672495008,,,,,,,,,,,,,,,,,,,,,,,
top_nc_improved,12,20260803,149185850-149185864-001,carcinoma_in_situ,-0.3924551919091215,0.05934485196684758,0.04657030571938048,0.07211939821431468,-0.003340108820091614,-575.0,-986.0,0.47071759667196544,0.07826240476284396,0.8328861315676837,0.8922309835345312,,,,,,,,,,,,,,,,,,,,,,,
top_nc_improved,13,20260804,149146886-149146936-002,carcinoma_in_situ,-0.3696421842273614,-0.033505917620963,-0.0031599389727464677,-0.06385189626917953,0.009226248188917374,19.0,-457.0,0.6515931756464366,0.2819509914190752,0.8426856635987112,0.8091797459777482,,,,,,,,,,,,,,,,,,,,,,,
top_nc_improved,14,20260803,153956444-153956458-003,normal_columnar,-0.3604158018514303,0.11289641015505336,0.1502724198151706,0.07552040049493625,-0.009339060136074884,-183.0,-1295.0,0.4580890742907263,0.09767327243929602,0.6840489817681461,0.7969453919231995,,,,,,,,,,,,,,,,,,,,,,,
top_nc_improved,15,20260803,153314956-153314985-001,severe_dysplastic,-0.3376179434454798,0.03192660307451611,0.029792664346358966,0.03406054180267326,0.03442856682998152,-234.0,-472.0,0.3408177170563593,0.0031997736108795305,0.8339812794677989,0.865907882542315,,,,,,,,,,,,,,,,,,,,,,,
top_nc_improved,16,20260803,153657257-153657289-002,light_dysplastic,-0.3346844931272275,0.12756542953376315,0.14724185174701399,0.10788900732051221,-0.17973243678224515,-1751.0,-699.0,0.41955878940383406,0.08487429627660659,0.8167327051030553,0.9442981346368184,,,,,,,,,,,,,,,,,,,,,,,
top_nc_improved,17,20260805,153829063-153829073-001,severe_dysplastic,-0.3313837980409229,-0.010230855292655883,-0.0023261830023246777,-0.0181355275829872,-0.011420946452161296,17.0,-397.0,0.42398610594741903,0.09260230790649615,0.9006125481251532,0.8903816928324974,,,,,,,,,,,,,,,,,,,,,,,
top_nc_improved,18,20260803,149181806-149181819-002,severe_dysplastic,-0.327034199982557,0.025315140566200878,0.001047409977042335,0.04958287115535953,0.006161328309715386,93.0,-3552.0,0.3669010704904856,0.03986687050792859,0.8780277562521142,0.903342896818315,,,,,,,,,,,,,,,,,,,,,,,
top_nc_improved,19,20260803,149185604-149185629-001,carcinoma_in_situ,-0.32537012221465544,-0.002413907078846478,0.0007844877310593246,-0.00561230188875228,-0.020147026700973125,-6.0,-888.0,1.6012384155299788,1.2758682933153234,0.7401185627955661,0.7377046557167196,,,,,,,,,,,,,,,,,,,,,,,
top_nc_improved,20,20260803,149147848-149147864-001,carcinoma_in_situ,-0.3147706665610175,0.19673497228197678,0.2309770162679815,0.16249292829597206,-0.10767972972264872,-1154.0,-2718.0,0.4274463555932234,0.11267568903220593,0.6597516615107203,0.8564866337926971,,,,,,,,,,,,,,,,,,,,,,,
top_nc_worsened,1,20260805,149315229-149315291-003,severe_dysplastic,1.0569119000272265,-0.17413348109510796,-0.14567179686140774,-0.20259516532880806,0.07163516253045799,1790.0,1770.0,0.11172205950983405,1.1686339595370605,0.8475179097714515,0.6733844286763435,,,,,,,,,,,,,,,,,,,,,,,
top_nc_worsened,2,20260805,153831426-153831438-001,carcinoma_in_situ,0.9971152771716327,-0.07851818959491574,-0.04649304828984202,-0.11054333089998952,0.007298241104399916,374.0,409.0,3.6804397441981336,4.677555021369766,0.7222191695076821,0.6437009799127663,,,,,,,,,,,,,,,,,,,,,,,
top_nc_worsened,3,20260803,149105131-149105155-003,severe_dysplastic,0.8723561199693277,-0.11534636736756576,-0.08599493800967362,-0.14469779672545802,0.0029761324830300806,333.0,520.0,0.5338627099196172,1.4062188298889449,0.7331417513428015,0.6177953839752357,,,,,,,,,,,,,,,,,,,,,,,
top_nc_worsened,4,20260803,153831471-153831479-001,carcinoma_in_situ,0.803472626338201,-0.02578258923103005,0.04466713978514636,-0.09623231824720635,-0.039154895612722895,-258.0,218.0,0.047280602489561785,0.8507532288277628,0.8631968862812588,0.8374142970502287,,,,,,,,,,,,,,,,,,,,,,,
top_nc_worsened,5,20260805,149185405-149185423-002,carcinoma_in_situ,0.7971988357278521,-0.2300996037497971,-0.33779080176026244,-0.12240840573933165,0.09224071150556512,2026.0,1883.0,4.171294210052574,4.968493045780426,0.5816985625086504,0.3515989587588533,,,,,,,,,,,,,,,,,,,,,,,
top_nc_worsened,6,20260805,149185698-149185721-004,carcinoma_in_situ,0.6127908070137693,-0.15332628956088956,-0.09381949975098602,-0.21283307937079304,0.27536189947507295,473.0,330.0,0.4759741447036625,1.0887649517174318,0.7621534939702591,0.6088272044093695,,,,,,,,,,,,,,,,,,,,,,,
top_nc_worsened,7,20260805,149185604-149185629-001,carcinoma_in_situ,0.5847652829355972,-0.19745998662678588,-0.19335711558650037,-0.2015628576670715,-0.08034460325603476,1209.0,885.0,1.4339032000570513,2.0186684829926484,0.6338130882278482,0.43635310160106233,,,,,,,,,,,,,,,,,,,,,,,
top_nc_worsened,8,20260803,149062593-149062608-001,moderate_dysplastic,0.5350967875301227,0.04127018508752678,0.016631118876923145,0.06590925129813063,-0.00498350513591983,-213.0,1319.0,0.3095896447851755,0.8446864323152982,0.759640862652118,0.8009110477396448,,,,,,,,,,,,,,,,,,,,,,,
top_nc_worsened,9,20260804,149105131-149105155-003,severe_dysplastic,0.514635718891038,-0.06827447225484784,-0.04007261277954788,-0.09647633173014791,0.014296426896315051,140.0,346.0,0.6148742643124665,1.1295099832035045,0.7552804063614824,0.6870059341066346,,,,,,,,,,,,,,,,,,,,,,,
top_nc_worsened,10,20260803,149182550-149182608-005,carcinoma_in_situ,0.49337558537890525,-0.015120409328620465,-0.013056500101646051,-0.01718431855559477,-0.044735657974833476,220.0,177.0,0.059874012598740256,0.5532495979776455,0.8083895274914336,0.7932691181628131,,,,,,,,,,,,,,,,,,,,,,,
top_nc_worsened,11,20260804,149316117-149316122-002,carcinoma_in_situ,0.4649835208494426,-0.09972854651815755,-0.06075238721087772,-0.13870470582543726,0.1584145882644955,147.0,390.0,0.2720389677654027,0.7370224886148453,0.8348722326290913,0.7351436861109337,,,,,,,,,,,,,,,,,,,,,,,
top_nc_worsened,12,20260803,148503900-148503914-001,light_dysplastic,0.44117165161612115,-0.0699964011976455,-0.006166944729093737,-0.13382585766619726,0.014143629584231876,71.0,1613.0,0.18430238415203226,0.6254740357681534,0.8256467710072357,0.7556503698095902,,,,,,,,,,,,,,,,,,,,,,,
top_nc_worsened,13,20260804,153958547-153958572-004,normal_columnar,0.39970844121008564,-0.14099929875756945,-0.048519565652377694,-0.2334790318627611,0.05207469020756428,-40.0,453.0,0.26245408084457666,0.6621625220546623,0.8773315195788935,0.7363322208213241,,,,,,,,,,,,,,,,,,,,,,,
top_nc_worsened,14,20260803,149105131-149105155-002,severe_dysplastic,0.34193034327634586,-0.05270209866026487,-0.056090824683378226,-0.04931337263715141,-0.01842360097227702,436.0,593.0,0.009195006127450944,0.3511253494037968,0.9227267669792982,0.8700246683190334,,,,,,,,,,,,,,,,,,,,,,,
top_nc_worsened,15,20260804,153831471-153831479-001,carcinoma_in_situ,0.3056874474249929,0.03411211130301617,0.00594242709481041,0.06228179551122193,-0.06306759448829014,-133.0,43.0,0.6952701663897638,1.0009576138147567,0.7877997601918465,0.8219118714948627,,,,,,,,,,,,,,,,,,,,,,,
top_nc_worsened,16,20260803,149054526-149054563-001,light_dysplastic,0.3048463052504773,0.005341579694805421,-0.031118459892281236,0.04180161928189219,-0.2062897547838023,407.0,-1570.0,0.178573596997819,0.4834199022482963,0.6353824906750976,0.640724070369903,,,,,,,,,,,,,,,,,,,,,,,
top_nc_worsened,17,20260804,153829063-153829073-001,severe_dysplastic,0.30348255553903813,-0.04516913529151623,0.004862680111403117,-0.09520095069443568,-0.010790071894937636,-95.0,391.0,0.026230974184682898,0.32971352972372103,0.8856699574298792,0.840500822138363,,,,,,,,,,,,,,,,,,,,,,,
top_nc_worsened,18,20260804,149147848-149147864-001,carcinoma_in_situ,0.28850023917177625,-0.4056479430358789,-0.6347042496134796,-0.17659163645827824,0.05803609717176844,1914.0,-622.0,0.2546068432715791,0.5431070824433554,0.8395096243926665,0.4338616813567876,,,,,,,,,,,,,,,,,,,,,,,
top_nc_worsened,19,20260803,149317002-149317010-001,severe_dysplastic,0.28692821415058045,-0.07009920396528724,-0.05076684263074105,-0.08943156529983332,0.13004332468448976,184.0,181.0,0.050919044675218794,0.33784725882579925,0.9100633247224008,0.8399641207571136,,,,,,,,,,,,,,,,,,,,,,,
top_nc_worsened,20,20260803,149014929-149015008-002,moderate_dysplastic,0.28247732472473797,0.004648639598355819,-0.008244845714055815,0.01754212491076751,-0.09560956638327023,97.0,-1783.0,0.23744931000666014,0.5199266347313981,0.5439700883922824,0.5486187279906383,,,,,,,,,,,,,,,,,,,,,,,
top_circularity_improved,1,20260805,158987453-158987462-001,normal_superficiel,-0.015444859355409957,0.080459787808426,0.13620611568818025,0.024713459928671577,-0.504842309758898,-722.0,-3121.0,0.035788802614971846,0.02034394325956189,0.5837852892292076,0.6642450770376336,,,,,,,,,,,,,,,,,,,,,,,
top_circularity_improved,2,20260804,149315960-149315967-001,moderate_dysplastic,0.0738634438150354,0.06654526901583824,0.10775662493623417,0.025333913095442417,-0.4324342488650996,-1644.0,4224.0,0.2558518000599307,0.3297152438749661,0.7179700853110568,0.784515354326895,,,,,,,,,,,,,,,,,,,,,,,
top_circularity_improved,3,20260805,149054526-149054563-001,light_dysplastic,-0.4263067052941801,0.17021930698500198,0.18828850749979376,0.1521501064702102,-0.35710488248695343,-1945.0,1327.0,0.44067225233580104,0.014365547041620963,0.6729427602644988,0.8431620672495008,,,,,,,,,,,,,,,,,,,,,,,
top_circularity_improved,4,20260803,153657698-153657708-001,light_dysplastic,0.013791900272284385,0.031064342642704634,0.023251050883711377,0.03887763440169778,-0.3317491764090599,-498.0,-3338.0,0.001645320439757736,0.015437220712042121,0.8789673951417738,0.9100317377844784,,,,,,,,,,,,,,,,,,,,,,,
top_circularity_improved,5,20260804,149054526-149054563-001,light_dysplastic,0.12671019348149504,-0.07621960917173543,-0.05653804109071214,-0.09590117725275871,-0.3180603071739515,728.0,-3.0,0.32281099525426277,0.4495211887357578,0.6970892964593065,0.6208696872875711,,,,,,,,,,,,,,,,,,,,,,,
top_circularity_improved,6,20260805,149315960-149315967-001,moderate_dysplastic,-0.17697604979266213,0.16196629419941766,0.10841107982605336,0.21552150857278207,-0.25752351117578975,-1401.0,644.0,0.3418616475422428,0.16488559774958067,0.7664407056503256,0.9284069998497433,,,,,,,,,,,,,,,,,,,,,,,
top_circularity_improved,7,20260803,149315960-149315967-001,moderate_dysplastic,-0.016616054990340468,0.2382176768755595,0.12184563365720569,0.3545897200939133,-0.24387538730955205,-2321.0,-3773.0,0.18301890552230338,0.1664028505319629,0.6063936486567325,0.844611325532292,,,,,,,,,,,,,,,,,,,,,,,
top_circularity_improved,8,20260804,149059215-149059228-001,light_dysplastic,-0.051620499081333135,0.17204774698962133,0.29815657423734576,0.0459389197418969,-0.20824159849324836,-629.0,-1821.0,0.06508064023602479,0.013460141154691657,0.7285654976989376,0.900613244688559,,,,,,,,,,,,,,,,,,,,,,,
top_circularity_improved,9,20260805,149143370-149143378-002,carcinoma_in_situ,-0.5271276565922205,0.1482413241428049,0.051881389718215876,0.2446012585673938,-0.20672134966692235,-606.0,-22.0,0.7195927327074867,0.1924650761152662,0.5918337703525778,0.7400750944953827,,,,,,,,,,,,,,,,,,,,,,,
top_circularity_improved,10,20260803,149054526-149054563-001,light_dysplastic,0.3048463052504773,0.005341579694805421,-0.031118459892281236,0.04180161928189219,-0.2062897547838023,407.0,-1570.0,0.178573596997819,0.4834199022482963,0.6353824906750976,0.640724070369903,,,,,,,,,,,,,,,,,,,,,,,
top_circularity_improved,11,20260803,153657257-153657289-002,light_dysplastic,-0.3346844931272275,0.12756542953376315,0.14724185174701399,0.10788900732051221,-0.17973243678224515,-1751.0,-699.0,0.41955878940383406,0.08487429627660659,0.8167327051030553,0.9442981346368184,,,,,,,,,,,,,,,,,,,,,,,
top_circularity_improved,12,20260805,148884702-148884710-002,light_dysplastic,-0.04997622629833226,0.06824439556777495,0.10730077366445057,0.029188017471099337,-0.15098239378133516,-1075.0,-294.0,0.08346495035221746,0.0334887240538852,0.8577573968903063,0.9260017924580812,,,,,,,,,,,,,,,,,,,,,,,
top_circularity_improved,13,20260804,153958547-153958572-003,normal_columnar,0.13511960733249695,-0.016097752780366625,0.006994116648303739,-0.03918962220903688,-0.1406570237524828,-24.0,200.0,0.33910745529653474,0.4742270626290317,0.8037679952502362,0.7876702424698696,,,,,,,,,,,,,,,,,,,,,,,
top_circularity_improved,14,20260805,149056410-149056458-005,severe_dysplastic,-0.17006873589280058,0.03803931175318076,0.05079777766476812,0.025280845841593513,-0.12380754497165014,-102.0,-104.0,0.27321435700882346,0.10314562111602288,0.8492436743579304,0.8872829861111111,,,,,,,,,,,,,,,,,,,,,,,
top_circularity_improved,15,20260805,153657257-153657289-002,light_dysplastic,-0.12569904708958402,0.03210012119218897,0.03887814590779348,0.025322096476584455,-0.11539859244435524,-560.0,-585.0,0.15382892961480155,0.02812988252521753,0.9193956213681733,0.9514957425603623,,,,,,,,,,,,,,,,,,,,,,,
top_circularity_improved,16,20260804,149058262-149058288-001,moderate_dysplastic,0.13094005032701012,-0.05662349408265699,-0.05451813856910992,-0.05872884959620406,-0.11275739382675565,331.0,827.0,0.12415003037120742,0.25509008069821754,0.8453456630986698,0.7887221690160128,,,,,,,,,,,,,,,,,,,,,,,
top_circularity_improved,17,20260803,149147848-149147864-001,carcinoma_in_situ,-0.3147706665610175,0.19673497228197678,0.2309770162679815,0.16249292829597206,-0.10767972972264872,-1154.0,-2718.0,0.4274463555932234,0.11267568903220593,0.6597516615107203,0.8564866337926971,,,,,,,,,,,,,,,,,,,,,,,
top_circularity_improved,18,20260803,148881729-148881744-001,light_dysplastic,-0.03764214675058762,0.1048823050364236,0.15059298096269924,0.05917162911014795,-0.10750914498096087,-1522.0,-715.0,0.05052101120618942,0.012878864455601796,0.8232338451365762,0.9281161501729998,,,,,,,,,,,,,,,,,,,,,,,
top_circularity_improved,19,20260803,153314857-153314882-002,light_dysplastic,-0.04844372765424998,0.08195408134096116,0.09845417975024551,0.06545398293167692,-0.10106865823446054,-1395.0,-930.0,0.07680915622139395,0.02836542856714397,0.8131891411129486,0.8951432224539098,,,,,,,,,,,,,,,,,,,,,,,
top_circularity_improved,20,20260805,157181387-157181418-001,normal_superficiel,-0.009511245216636433,0.18117460935906504,0.3536668467275056,0.008682371990624604,-0.09764916670314483,-916.0,4248.0,0.010496490169159387,0.0009852449525229534,0.707646779229294,0.888821388588359,,,,,,,,,,,,,,,,,,,,,,,
top_circularity_worsened,1,20260803,153826963-153826976-001,severe_dysplastic,0.10983213980911988,-0.2101909190509439,-0.2143875667880717,-0.2059942713138163,0.4563921231107572,1201.0,465.0,0.034276574401544746,0.14410871421066462,0.9139314638983262,0.7037405448473824,,,,,,,,,,,,,,,,,,,,,,,
top_circularity_worsened,2,20260805,149105131-149105205-002,moderate_dysplastic,0.23901548993276006,-0.1630402228582084,-0.24911938760474917,-0.07696105811166765,0.32562371307227234,1083.0,1717.0,0.0989010330041824,0.33791652293694247,0.843341091551369,0.6803008686931606,,,,,,,,,,,,,,,,,,,,,,,
top_circularity_worsened,3,20260805,153657698-153657708-001,light_dysplastic,-0.0005886536691017963,-0.07970357734271682,-0.09021429775260459,-0.06919285693282884,0.29767287451886737,1546.0,562.0,0.027890159693853223,0.027301506024751426,0.8970752340706984,0.8173716567279816,,,,,,,,,,,,,,,,,,,,,,,
top_circularity_worsened,4,20260805,149185698-149185721-004,carcinoma_in_situ,0.6127908070137693,-0.15332628956088956,-0.09381949975098602,-0.21283307937079304,0.27536189947507295,473.0,330.0,0.4759741447036625,1.0887649517174318,0.7621534939702591,0.6088272044093695,,,,,,,,,,,,,,,,,,,,,,,
top_circularity_worsened,5,20260803,209565698-209565729-001,normal_intermediate,0.05086072324044409,-0.2014949253574907,-0.42698372449125405,0.02399387377627271,0.2752641489416556,3583.0,-2536.0,0.0030217363312213946,0.053882459571665486,0.8905778007131059,0.6890828753556152,,,,,,,,,,,,,,,,,,,,,,,
top_circularity_worsened,6,20260803,149105131-149105205-002,moderate_dysplastic,0.0400203006028193,-0.0404585426722428,-0.07855456367920899,-0.002362521665276618,0.25865005019067017,489.0,-534.0,0.15492566855213213,0.19494596915495144,0.8693644479820951,0.8289059053098523,,,,,,,,,,,,,,,,,,,,,,,
top_circularity_worsened,7,20260803,148884702-148884710-002,light_dysplastic,0.1704669461696283,-0.07423791419962311,-0.11433527167244151,-0.03414055672680483,0.2512011076775221,1958.0,5141.0,0.1193565875884817,0.28982353375811,0.7686745467439192,0.6944366325442961,,,,,,,,,,,,,,,,,,,,,,,
top_circularity_worsened,8,20260804,149099502-149099544-001,moderate_dysplastic,0.2044691830071771,-0.076080954815549,-0.10321531375848514,-0.04894659587261285,0.2455736399595691,1333.0,1351.0,0.01771208184072398,0.22218126484790107,0.9233214243527607,0.8472404695372117,,,,,,,,,,,,,,,,,,,,,,,
top_circularity_worsened,9,20260803,149061666-149061699-001,moderate_dysplastic,-0.19763989533011275,0.06704750309399221,-0.032937459516584444,0.16703246570456876,0.22001278360033094,243.0,-4404.0,0.22385697395204837,0.02621707862193562,0.8201923291533322,0.8872398322473244,,,,,,,,,,,,,,,,,,,,,,,
top_circularity_worsened,10,20260804,149182550-149182608-005,carcinoma_in_situ,0.0007778889635960962,-0.07195575954025579,-0.07615082788885796,-0.06776069119165351,0.19029542742936445,-92.0,-75.0,0.031400934456683016,0.03217882342027911,0.8328820687848106,0.7609263092445548,,,,,,,,,,,,,,,,,,,,,,,
top_circularity_worsened,11,20260805,153354589-153354597-001,light_dysplastic,-0.005041949937880819,-0.04289740386013108,-0.041995384059567153,-0.04379942366069489,0.19004737495263962,-161.0,262.0,0.1676636619441918,0.16262171200631098,0.8278381377007875,0.7849407338406564,,,,,,,,,,,,,,,,,,,,,,,
top_circularity_worsened,12,20260804,149053423-149053447-001,light_dysplastic,0.23337508963161796,-0.08886445212403427,-0.07053866639186712,-0.1071902378562013,0.17418731353143357,846.0,2721.0,0.01042189929219317,0.24379698892381113,0.9221364327729702,0.8332719806489359,,,,,,,,,,,,,,,,,,,,,,,
top_circularity_worsened,13,20260805,148503900-148503914-001,light_dysplastic,-0.4339474921968616,-0.0590368822531927,-0.08873002339851266,-0.029343741107872634,0.1697561400429729,583.0,-765.0,0.6341311979661648,0.20018370576930322,0.742890807702957,0.6838539254497643,,,,,,,,,,,,,,,,,,,,,,,
top_circularity_worsened,14,20260805,149014929-149015008-002,moderate_dysplastic,-0.16633797821533902,0.12569549198968477,0.0923554110658743,0.15903557291349518,0.1686764595904367,-1210.0,285.0,0.6625843991802615,0.49624642096492244,0.4974941423582514,0.6231896343479362,,,,,,,,,,,,,,,,,,,,,,,
top_circularity_worsened,15,20260804,149316117-149316122-002,carcinoma_in_situ,0.4649835208494426,-0.09972854651815755,-0.06075238721087772,-0.13870470582543726,0.1584145882644955,147.0,390.0,0.2720389677654027,0.7370224886148453,0.8348722326290913,0.7351436861109337,,,,,,,,,,,,,,,,,,,,,,,
top_circularity_worsened,16,20260803,153654325-153654360-003,severe_dysplastic,-0.15469465985910352,0.16519932335135767,0.1826985973903712,0.14770004931234404,0.15380579157500085,-506.0,-3811.0,0.27566551898558445,0.12097085912648092,0.654856743572709,0.8200560669240666,,,,,,,,,,,,,,,,,,,,,,,
top_circularity_worsened,17,20260803,148500154-148500165-001,light_dysplastic,0.12032262328398793,-0.0506632845540389,-0.0790714363400481,-0.022255132768029595,0.14609652949861507,1100.0,1036.0,0.21571661340742063,0.33603923669140856,0.7804345047464043,0.7297712201923654,,,,,,,,,,,,,,,,,,,,,,,
top_circularity_worsened,18,20260805,149099502-149099544-001,moderate_dysplastic,-0.033924452216382406,0.011040505675572354,0.005862395872630044,0.016218615478514775,0.13594675127916378,-205.0,-338.0,0.03996367245153509,0.006039220235152687,0.9233913250799034,0.9344318307554758,,,,,,,,,,,,,,,,,,,,,,,
top_circularity_worsened,19,20260805,157181146-157181197-003,normal_columnar,0.02037867376833913,-0.045951548764263106,-0.01980914481748819,-0.07209395271103791,0.1353745411701106,35.0,155.0,0.0277225513169449,0.04810122508528403,0.7907088295954898,0.7447572808312267,,,,,,,,,,,,,,,,,,,,,,,
top_circularity_worsened,20,20260803,149317002-149317010-001,severe_dysplastic,0.28692821415058045,-0.07009920396528724,-0.05076684263074105,-0.08943156529983332,0.13004332468448976,184.0,181.0,0.050919044675218794,0.33784725882579925,0.9100633247224008,0.8399641207571136,,,,,,,,,,,,,,,,,,,,,,,
high_dice_high_nc_error,1,20260805,153829063-153829073-001,severe_dysplastic,,,,,,,,,,,,baseline,0.959880139836857,0.8413449564134495,0.9006125481251532,2896,3111,2217,1798,1.3062697338746054,0.8313936688676801,215.0,419.0,1.7302558398220245,0.42398610594741903,0.32457751287882664,False,0.800439151141127,0.03095451772655311,False,22,True,True,False
high_dice_high_nc_error,2,20260804,149105131-149105155-002,severe_dysplastic,,,,,,,,,,,,nc_aware_lambda_0p10,0.9483546617915904,0.8329588014981273,0.8906567316448588,2083,2293,3072,2268,0.6780598958333334,0.7474148451163989,210.0,804.0,1.0110229276895943,0.33296303185626097,0.4910518124586009,False,0.811524514611061,0.06410966949466212,False,24,True,True,False
high_dice_high_nc_error,3,20260805,149181806-149181819-002,severe_dysplastic,,,,,,,,,,,,baseline,0.954238850875916,0.8499542983595516,0.9020965746177338,10775,9832,9466,11321,1.138284386224382,0.8329012682232401,943.0,1855.0,0.8684745163854783,0.26980986983890376,0.23703183147580012,False,0.7702063978868245,0.06269487033641552,False,22,True,True,False
high_dice_high_circularity_error,1,20260805,153657257-153657289-002,light_dysplastic,,,,,,,,,,,,baseline,0.9320099255583126,0.906781317178034,0.9193956213681733,4695,5380,8051,7300,0.5831573717550614,0.8646746649337484,685.0,751.0,0.736986301369863,0.15382892961480155,0.26378585486450473,False,0.6263700020134111,0.23830466292033736,False,22,True,False,True
high_dice_high_circularity_error,2,20260805,153314857-153314882-002,light_dysplastic,,,,,,,,,,,,baseline,0.9108103096606712,0.8779723451631526,0.894391327411912,7387,8792,18219,18158,0.405455842801471,0.7925504056156489,1405.0,61.0,0.48419429452582885,0.07873845172435784,0.19419687476556302,False,0.5996558785272669,0.19289452708838206,False,22,True,False,True
high_dice_high_circularity_error,3,20260804,153657698-153657708-001,light_dysplastic,,,,,,,,,,,,nc_aware_lambda_0p10,0.9531011516581102,0.8940532927168804,0.9235772221874953,7491,6923,28671,32388,0.26127445851208536,0.8682300659249313,568.0,3717.0,0.21375200691614177,0.04752245159594359,0.18188639632124284,False,0.7048247722960854,0.16340529362884593,False,24,True,False,True
high_dice_high_circularity_error,4,20260805,153657698-153657708-001,light_dysplastic,,,,,,,,,,,,baseline,0.9049791974231647,0.8891712707182321,0.8970752340706984,7491,7411,28671,25629,0.26127445851208536,0.8682300659249313,80.0,3042.0,0.2891646182059386,0.027890159693853223,0.10674618983613098,False,0.5918437830582898,0.2763862828666416,False,22,True,False,True
high_dice_high_circularity_error,5,20260803,153657698-153657708-001,light_dysplastic,,,,,,,,,,,,nc_aware_lambda_0p10,0.9235606484069312,0.8965028271620257,0.9100317377844784,7491,6821,28671,27746,0.26127445851208536,0.8682300659249313,670.0,925.0,0.24583723780004324,0.015437220712042121,0.0590840823702088,False,0.6878236101168891,0.18040645580804227,False,25,True,False,True
high_dice_high_circularity_error,6,20260804,149059215-149059228-001,light_dysplastic,,,,,,,,,,,,nc_aware_lambda_0p10,0.9288782816229116,0.8723482077542063,0.900613244688559,2241,1949,16683,16125,0.13432835820895522,0.8497180326460076,292.0,558.0,0.12086821705426357,0.013460141154691657,0.10020252708833624,False,0.6826916009806688,0.16702643166533881,False,24,True,False,True
high_dice_high_circularity_error,7,20260805,209565409-209565466-001,normal_intermediate,,,,,,,,,,,,baseline,0.9400807202732071,0.8703966942148761,0.9052387072440415,1695,1526,53759,67241,0.03152960434531892,0.8536753848029748,169.0,13482.0,0.02269448699454202,0.0088351173507769,0.2802076755020579,False,0.6687206350466446,0.1849547497563302,False,22,True,False,True
high_dice_high_circularity_error,8,20260804,209565409-209565466-001,normal_intermediate,,,,,,,,,,,,baseline,0.9371890547263682,0.8804760526450207,0.9088325536856945,1695,1521,53759,63707,0.03152960434531892,0.8536753848029748,174.0,9948.0,0.023874927402012337,0.007654676943306585,0.24276975028685135,False,0.6833499829446672,0.17032540185830758,False,23,True,False,True
high_dice_high_circularity_error,9,20260805,209565409-209565466-001,normal_intermediate,,,,,,,,,,,,nc_aware_lambda_0p10,0.9543944427665358,0.8643895726882965,0.9093920077274162,1695,1616,53759,65428,0.03152960434531892,0.8536753848029748,79.0,11669.0,0.024698905667298404,0.006830698678020518,0.21663709972735148,False,0.6761942223734128,0.17748116242956202,False,24,True,False,True
high_dice_high_circularity_error,10,20260805,149059215-149059228-001,light_dysplastic,,,,,,,,,,,,nc_aware_lambda_0p10,0.9252873563218391,0.8800050524188455,0.9026462043703423,2241,1935,16683,14985,0.13432835820895522,0.8497180326460076,306.0,1698.0,0.12912912912912913,0.00519922907982609,0.03870508390085852,False,0.61415923791952,0.23555879472648766,False,24,True,False,True
high_dice_high_circularity_error,11,20260804,209565409-209565466-001,normal_intermediate,,,,,,,,,,,,nc_aware_lambda_0p10,0.9550698239222829,0.9113474865831057,0.9332086552526944,1695,1599,53759,60090,0.03152960434531892,0.8536753848029748,96.0,6331.0,0.026610084872690964,0.004919519472627958,0.1560236340144339,False,0.6356985431023613,0.2179768417006135,False,24,True,False,True
high_dice_high_circularity_error,12,20260804,153657698-153657708-001,light_dysplastic,,,,,,,,,,,,baseline,0.9400795283148224,0.9118822964976812,0.9259809124062518,7491,7095,28671,27606,0.26127445851208536,0.8682300659249313,396.0,1065.0,0.2570093457943925,0.004265112717692865,0.016324199532485296,False,0.6678766339741037,0.20035343195082767,False,23,True,False,True
high_dice_high_circularity_error,13,20260805,157267647-157267732-001,normal_superficiel,,,,,,,,,,,,nc_aware_lambda_0p10,0.9119905493207324,0.9351620947630923,0.9235763220419124,886,807,44763,49873,0.01979313272122065,0.8744260092471228,79.0,5110.0,0.016181099993984722,0.003612032727235929,0.18247996909526554,False,0.639583975289192,0.2348420339579308,False,24,True,False,True
high_dice_high_circularity_error,14,20260803,209565409-209565466-001,normal_intermediate,,,,,,,,,,,,nc_aware_lambda_0p10,0.9592255793487826,0.9182023924991918,0.9387139859239872,1695,1714,53759,60682,0.03152960434531892,0.8536753848029748,19.0,6923.0,0.028245608252859166,0.003283996092459756,0.10415265297467419,False,0.6743433533182923,0.17933203148468246,False,25,True,False,True
high_dice_high_circularity_error,15,20260804,157267647-157267732-001,normal_superficiel,,,,,,,,,,,,baseline,0.9135200974421437,0.9477669773929986,0.9306435374175712,886,756,44763,45563,0.01979313272122065,0.8744260092471228,130.0,800.0,0.016592410508526657,0.003200722212693994,0.16170055327873006,False,0.6678198581026024,0.2066061511445204,False,23,True,False,True
high_dice_high_circularity_error,16,20260805,148881729-148881744-001,light_dysplastic,,,,,,,,,,,,baseline,0.9688771166398638,0.855145162738784,0.9120111396893239,5413,5158,39472,38475,0.13713518443453587,0.7994318713980407,255.0,997.0,0.13406107862248212,0.0030741058120537512,0.022416445555412286,False,0.6332366551689074,0.16619521622913336,False,22,True,False,True
high_dice_high_circularity_error,17,20260805,157267647-157267732-001,normal_superficiel,,,,,,,,,,,,baseline,0.925639500297442,0.9494422970734401,0.937540898685441,886,795,44763,45787,0.01979313272122065,0.8744260092471228,91.0,1024.0,0.017363006967043047,0.002430125754177604,0.12277000404126545,False,0.6474963543649347,0.22692965488218808,False,22,True,False,True
high_dice_high_circularity_error,18,20260803,157223394-157223428-001,normal_intermediate,,,,,,,,,,,,baseline,0.8702194357366771,0.9245753892475725,0.8973974124921249,808,787,46589,52384,0.017343149670523084,0.880370394462147,21.0,5795.0,0.015023671350030543,0.0023194783204925403,0.13373260520431077,False,0.6743998389974037,0.2059705554647433,False,11,True,False,True
high_dice_high_circularity_error,19,20260804,157224297-157224320-001,normal_superficiel,,,,,,,,,,,,nc_aware_lambda_0p10,0.8740359897172236,0.9338800478152568,0.9039580187662402,636,531,71830,77913,0.008854239175831825,0.8832725780610445,105.0,6083.0,0.006815293981748874,0.0020389451940829506,0.2302529783326175,False,0.6335315576644901,0.24974102039655444,False,24,True,False,True
high_dice_high_circularity_error,20,20260804,157224297-157224320-001,normal_superficiel,,,,,,,,,,,,baseline,0.8883071553228621,0.9622422246212876,0.9252746899720748,636,510,71830,73597,0.008854239175831825,0.8832725780610445,126.0,1767.0,0.006929630283843091,0.0019246088919887333,0.21734126586230162,False,0.6294530283233024,0.2538195497377421,False,23,True,False,True
high_dice_high_circularity_error,21,20260804,157223735-157223751-001,normal_superficiel,,,,,,,,,,,,baseline,0.8604471858134156,0.9488827740543256,0.9046649799338706,739,558,88708,86458,0.00833070298056545,0.8683221163370768,181.0,2250.0,0.006454000786509056,0.0018767021940563943,0.22524833139563355,False,0.6767558137361469,0.19156630260092988,False,23,True,False,True
high_dice_high_circularity_error,22,20260803,157224297-157224320-001,normal_superficiel,,,,,,,,,,,,nc_aware_lambda_0p10,0.8523908523908524,0.939616764845284,0.8960038086180682,636,807,71830,75860,0.008854239175831825,0.8832725780610445,171.0,4030.0,0.010638017400474558,0.001783778224642733,0.2014376110259238,False,0.671583472164735,0.21168910589630952,False,25,True,False,True
high_dice_high_circularity_error,23,20260805,157224352-157224395-001,normal_superficiel,,,,,,,,,,,,nc_aware_lambda_0p10,0.880838894184938,0.9376148520733054,0.9092268731291218,575,474,85750,94373,0.006705539358600583,0.7618561902391834,101.0,8623.0,0.005022622995984021,0.0016829163626165622,0.25093662657155075,False,0.4455265345918885,0.31632965564729487,False,24,True,False,True
high_dice_high_circularity_error,24,20260803,157223735-157223751-001,normal_superficiel,,,,,,,,,,,,baseline,0.8851744186046512,0.9484703247974497,0.9168223717010504,739,637,88708,92605,0.00833070298056545,0.8683221163370768,102.0,3897.0,0.006878678257113547,0.001452024723451904,0.17427706278523133,False,0.6525143828990779,0.21580773343799886,False,11,True,False,True
high_dice_high_circularity_error,25,20260804,157223394-157223428-001,normal_intermediate,,,,,,,,,,,,nc_aware_lambda_0p10,0.9490291262135923,0.9017969415486959,0.9254130338811442,808,840,46589,52023,0.017343149670523084,0.880370394462147,32.0,5434.0,0.016146704342310133,0.0011964453282129507,0.0689826454995569,False,0.7067001355699629,0.17367025889218413,False,24,True,False,True
high_dice_high_circularity_error,26,20260804,157224352-157224395-001,normal_superficiel,,,,,,,,,,,,baseline,0.93215859030837,0.9090110361084325,0.9205848132084012,575,560,85750,100910,0.006705539358600583,0.7618561902391834,15.0,15160.0,0.005549499554058071,0.0011560398045425118,0.17237501231689428,False,0.5241473526700753,0.2377088375691081,False,23,True,False,True
high_dice_high_circularity_error,27,20260804,157223394-157223428-001,normal_intermediate,,,,,,,,,,,,baseline,0.9584664536741214,0.9608236366561209,0.9596450451651212,808,757,46589,46656,0.017343149670523084,0.880370394462147,51.0,67.0,0.016225137174211247,0.001118012496311837,0.06446049633738653,False,0.706788431379103,0.17358196308304408,False,23,True,False,True
high_dice_high_circularity_error,28,20260804,157185164-157185177-001,normal_superficiel,,,,,,,,,,,,nc_aware_lambda_0p10,0.9184845005740528,0.9223359573451372,0.920410228959595,459,412,76912,82132,0.005967859371749532,0.8502512593631689,47.0,5220.0,0.005016315199922077,0.0009515441718274554,0.15941809189392048,False,0.6265854725133455,0.2236657868498234,False,24,True,False,True
high_dice_high_circularity_error,29,20260805,157223735-157223751-001,normal_superficiel,,,,,,,,,,,,baseline,0.9403183023872679,0.954498328343604,0.947408315365436,739,769,88708,82978,0.00833070298056545,0.8683221163370768,30.0,5730.0,0.009267516691171153,0.0009368137106057026,0.11243964322671085,False,0.6014241209298121,0.26689799540726467,False,22,True,False,True
high_dice_high_circularity_error,30,20260805,157223394-157223428-001,normal_intermediate,,,,,,,,,,,,nc_aware_lambda_0p10,0.9259475218658892,0.9373455957150865,0.9316465587904879,808,907,46589,49749,0.017343149670523084,0.880370394462147,99.0,3160.0,0.018231522241653097,0.0008883725711300132,0.051220301254654745,False,0.6737034703239538,0.2066669241381932,False,24,True,False,True
high_dice_high_circularity_error,31,20260805,157224297-157224320-001,normal_superficiel,,,,,,,,,,,,nc_aware_lambda_0p10,0.9493975903614458,0.9574091768484824,0.953403383604964,636,609,71830,75737,0.008854239175831825,0.8832725780610445,27.0,3907.0,0.008040983931235724,0.0008132552445961009,0.09183887961103063,False,0.6733049479074211,0.2099676301536234,False,24,True,False,True
high_dice_high_circularity_error,32,20260805,157223735-157223751-001,normal_superficiel,,,,,,,,,,,,nc_aware_lambda_0p10,0.9125364431486881,0.951159526212601,0.9318479846806446,739,633,88708,83690,0.00833070298056545,0.8683221163370768,106.0,5018.0,0.007563627673557175,0.0007670753070082754,0.09206704905318362,False,0.6480527460929304,0.2202693702441464,False,24,True,False,True
high_dice_high_circularity_error,33,20260804,157185164-157185177-001,normal_superficiel,,,,,,,,,,,,baseline,0.91415313225058,0.9399839289713224,0.9270685306109512,459,403,76912,74914,0.005967859371749532,0.8502512593631689,56.0,1998.0,0.005379501828763649,0.0005883575429858831,0.09857118527043295,False,0.6791339315657767,0.1711173277973922,False,23,True,False,True
high_dice_high_circularity_error,34,20260803,157223394-157223428-001,normal_intermediate,,,,,,,,,,,,nc_aware_lambda_0p10,0.951278928136419,0.9407186999313344,0.9459988140338766,808,834,46589,49529,0.017343149670523084,0.880370394462147,26.0,2940.0,0.01683861979850189,0.0005045298720211949,0.029089340302376365,False,0.6795520450262408,0.20081834943590626,False,25,True,False,True
high_dice_high_circularity_error,35,20260805,157224297-157224320-001,normal_superficiel,,,,,,,,,,,,baseline,0.9345650500384911,0.9641413118623473,0.9493531809504192,636,663,71830,71371,0.008854239175831825,0.8832725780610445,27.0,459.0,0.00928948732678539,0.0004352481509535648,0.04915148448406301,False,0.6972038206006584,0.1860687574603861,False,22,True,False,True
high_dice_high_circularity_error,36,20260803,157223735-157223751-001,normal_superficiel,,,,,,,,,,,,nc_aware_lambda_0p10,0.9457789979409746,0.9468034391282157,0.9462912185345952,739,718,88708,89593,0.00833070298056545,0.8683221163370768,21.0,885.0,0.008014018952373511,0.00031668402819193947,0.03800951965410161,False,0.669980568871668,0.19834154746540877,False,25,True,False,True
high_dice_high_circularity_error,37,20260803,157185164-157185177-001,normal_superficiel,,,,,,,,,,,,baseline,0.9305699481865285,0.9188874043483541,0.9247286762674414,459,506,76912,87748,0.005967859371749532,0.8502512593631689,47.0,10836.0,0.00576651319688198,0.00020134617486755168,0.03373277243228719,False,0.6323773183427039,0.21787394102046498,False,11,True,False,True
high_dice_high_circularity_error,38,20260803,157185164-157185177-001,normal_superficiel,,,,,,,,,,,,nc_aware_lambda_0p10,0.9449339207048458,0.9550766308792107,0.9500052757920283,459,449,76912,74724,0.005967859371749532,0.8502512593631689,10.0,2188.0,0.006008778973288368,4.091960153883561e-05,0.006855514427514761,False,0.669223265062127,0.18102799430104188,False,25,True,False,True
