seed,model,degradation,severity,target,nominal_coverage,empirical_coverage,coverage_gap,conditional_coverage,failure_aware_coverage,interval_mean_width,interval_median_width,invalid_rate,failure_rate,calibration_sample_size,test_sample_size,frozen_quantile,calibration_source
20260803,baseline,clean,clean,nc,0.9,0.9021739130434783,0.0021739130434782483,0.9021739130434783,0.9021739130434783,1.715943749630765,1.7159437496307652,0.0,0.0,183,184,0.8579718748153826,clean
20260803,baseline,gaussian_blur,1,nc,0.9,0.9021739130434783,0.0021739130434782483,0.9021739130434783,0.9021739130434783,1.715943749630765,1.7159437496307652,0.0,0.0,183,184,0.8579718748153826,clean
20260803,baseline,gaussian_blur,2,nc,0.9,0.8967391304347826,-0.003260869565217428,0.8967391304347826,0.8967391304347826,1.715943749630765,1.7159437496307652,0.0,0.0,183,184,0.8579718748153826,clean
20260803,baseline,gaussian_blur,3,nc,0.9,0.9021739130434783,0.0021739130434782483,0.9021739130434783,0.9021739130434783,1.715943749630765,1.7159437496307652,0.0,0.0,183,184,0.8579718748153826,clean
20260803,baseline,gaussian_noise,10,nc,0.9,0.9021739130434783,0.0021739130434782483,0.9021739130434783,0.9021739130434783,1.715943749630765,1.7159437496307652,0.0,0.0,183,184,0.8579718748153826,clean
20260803,baseline,gaussian_noise,20,nc,0.9,0.8858695652173914,-0.01413043478260867,0.8858695652173914,0.8858695652173914,1.715943749630765,1.7159437496307652,0.0,0.0,183,184,0.8579718748153826,clean
20260803,baseline,gaussian_noise,30,nc,0.9,0.8315217391304348,-0.06847826086956521,0.8315217391304348,0.8315217391304348,1.715943749630765,1.7159437496307652,0.0,0.0,183,184,0.8579718748153826,clean
20260803,baseline,clean,clean,circularity,0.9,0.8461538461538461,-0.05384615384615388,0.8461538461538461,0.8369565217391305,0.49980013084624425,0.4998001308462441,0.010869565217391304,0.010869565217391304,180,184,0.24990006542312204,clean
20260803,baseline,gaussian_blur,1,circularity,0.9,0.8461538461538461,-0.05384615384615388,0.8461538461538461,0.8369565217391305,0.49980013084624425,0.4998001308462441,0.010869565217391304,0.010869565217391304,180,184,0.24990006542312204,clean
20260803,baseline,gaussian_blur,2,circularity,0.9,0.8571428571428571,-0.04285714285714293,0.8571428571428571,0.8478260869565217,0.49980013084624425,0.4998001308462441,0.010869565217391304,0.010869565217391304,180,184,0.24990006542312204,clean
20260803,baseline,gaussian_blur,3,circularity,0.9,0.8688524590163934,-0.031147540983606614,0.8688524590163934,0.8641304347826086,0.4998001308462443,0.4998001308462441,0.005434782608695652,0.005434782608695652,180,184,0.24990006542312204,clean
20260803,baseline,gaussian_noise,10,circularity,0.9,0.8571428571428571,-0.04285714285714293,0.8571428571428571,0.8478260869565217,0.49980013084624425,0.4998001308462441,0.010869565217391304,0.010869565217391304,180,184,0.24990006542312204,clean
20260803,baseline,gaussian_noise,20,circularity,0.9,0.6740331491712708,-0.22596685082872925,0.6740331491712708,0.6630434782608695,0.49980013084624425,0.4998001308462441,0.016304347826086956,0.016304347826086956,180,184,0.24990006542312204,clean
20260803,baseline,gaussian_noise,30,circularity,0.9,0.4157303370786517,-0.4842696629213483,0.4157303370786517,0.40217391304347827,0.49980013084624425,0.4998001308462441,0.03260869565217391,0.03260869565217391,180,184,0.24990006542312204,clean
20260803,nc_aware_lambda_0p10,clean,clean,nc,0.9,0.8369565217391305,-0.06304347826086953,0.8369565217391305,0.8369565217391305,1.2050940244433652,1.205094024443365,0.0,0.0,183,184,0.6025470122216825,clean
20260803,nc_aware_lambda_0p10,gaussian_blur,1,nc,0.9,0.8315217391304348,-0.06847826086956521,0.8315217391304348,0.8315217391304348,1.2050940244433652,1.205094024443365,0.0,0.0,183,184,0.6025470122216825,clean
20260803,nc_aware_lambda_0p10,gaussian_blur,2,nc,0.9,0.8369565217391305,-0.06304347826086953,0.8369565217391305,0.8369565217391305,1.2050940244433652,1.205094024443365,0.0,0.0,183,184,0.6025470122216825,clean
20260803,nc_aware_lambda_0p10,gaussian_blur,3,nc,0.9,0.8315217391304348,-0.06847826086956521,0.8315217391304348,0.8315217391304348,1.2050940244433652,1.205094024443365,0.0,0.0,183,184,0.6025470122216825,clean
20260803,nc_aware_lambda_0p10,gaussian_noise,10,nc,0.9,0.8369565217391305,-0.06304347826086953,0.8369565217391305,0.8369565217391305,1.2050940244433652,1.205094024443365,0.0,0.0,183,184,0.6025470122216825,clean
20260803,nc_aware_lambda_0p10,gaussian_noise,20,nc,0.9,0.842391304347826,-0.05760869565217397,0.842391304347826,0.842391304347826,1.2050940244433652,1.205094024443365,0.0,0.0,183,184,0.6025470122216825,clean
20260803,nc_aware_lambda_0p10,gaussian_noise,30,nc,0.9,0.842391304347826,-0.05760869565217397,0.842391304347826,0.842391304347826,1.2050940244433652,1.205094024443365,0.0,0.0,183,184,0.6025470122216825,clean
20260803,nc_aware_lambda_0p10,clean,clean,circularity,0.9,0.8351648351648352,-0.06483516483516483,0.8351648351648352,0.8260869565217391,0.4769537242052721,0.47695372420527216,0.010869565217391304,0.010869565217391304,183,184,0.23847686210263608,clean
20260803,nc_aware_lambda_0p10,gaussian_blur,1,circularity,0.9,0.8516483516483516,-0.0483516483516484,0.8516483516483516,0.842391304347826,0.4769537242052721,0.47695372420527216,0.010869565217391304,0.010869565217391304,183,184,0.23847686210263608,clean
20260803,nc_aware_lambda_0p10,gaussian_blur,2,circularity,0.9,0.8461538461538461,-0.05384615384615388,0.8461538461538461,0.8369565217391305,0.4769537242052721,0.47695372420527216,0.010869565217391304,0.010869565217391304,183,184,0.23847686210263608,clean
20260803,nc_aware_lambda_0p10,gaussian_blur,3,circularity,0.9,0.8571428571428571,-0.04285714285714293,0.8571428571428571,0.8478260869565217,0.4769537242052721,0.47695372420527216,0.010869565217391304,0.010869565217391304,183,184,0.23847686210263608,clean
20260803,nc_aware_lambda_0p10,gaussian_noise,10,circularity,0.9,0.8186813186813187,-0.08131868131868136,0.8186813186813187,0.8097826086956522,0.4769537242052721,0.47695372420527216,0.010869565217391304,0.010869565217391304,183,184,0.23847686210263608,clean
20260803,nc_aware_lambda_0p10,gaussian_noise,20,circularity,0.9,0.7802197802197802,-0.1197802197802198,0.7802197802197802,0.7717391304347826,0.4769537242052721,0.47695372420527216,0.010869565217391304,0.010869565217391304,183,184,0.23847686210263608,clean
20260803,nc_aware_lambda_0p10,gaussian_noise,30,circularity,0.9,0.6593406593406593,-0.2406593406593407,0.6593406593406593,0.6521739130434783,0.4769537242052721,0.47695372420527216,0.010869565217391304,0.010869565217391304,183,184,0.23847686210263608,clean
20260804,baseline,clean,clean,nc,0.9,0.8804347826086957,-0.019565217391304346,0.8804347826086957,0.8804347826086957,1.252666483819339,1.2526664838193389,0.0,0.0,183,184,0.6263332419096694,clean
20260804,baseline,gaussian_blur,1,nc,0.9,0.8967391304347826,-0.003260869565217428,0.8967391304347826,0.8967391304347826,1.252666483819339,1.2526664838193389,0.0,0.0,183,184,0.6263332419096694,clean
20260804,baseline,gaussian_blur,2,nc,0.9,0.8913043478260869,-0.008695652173913104,0.8913043478260869,0.8913043478260869,1.252666483819339,1.2526664838193389,0.0,0.0,183,184,0.6263332419096694,clean
20260804,baseline,gaussian_blur,3,nc,0.9,0.8858695652173914,-0.01413043478260867,0.8858695652173914,0.8858695652173914,1.252666483819339,1.2526664838193389,0.0,0.0,183,184,0.6263332419096694,clean
20260804,baseline,gaussian_noise,10,nc,0.9,0.8858695652173914,-0.01413043478260867,0.8858695652173914,0.8858695652173914,1.252666483819339,1.2526664838193389,0.0,0.0,183,184,0.6263332419096694,clean
20260804,baseline,gaussian_noise,20,nc,0.9,0.8858695652173914,-0.01413043478260867,0.8858695652173914,0.8858695652173914,1.252666483819339,1.2526664838193389,0.0,0.0,183,184,0.6263332419096694,clean
20260804,baseline,gaussian_noise,30,nc,0.9,0.8586956521739131,-0.04130434782608694,0.8586956521739131,0.8586956521739131,1.252666483819339,1.2526664838193389,0.0,0.0,183,184,0.6263332419096694,clean
20260804,baseline,clean,clean,circularity,0.9,0.907608695652174,0.007608695652173925,0.907608695652174,0.907608695652174,0.49922193700783263,0.4992219370078328,0.0,0.0,183,184,0.2496109685039164,clean
20260804,baseline,gaussian_blur,1,circularity,0.9,0.9021739130434783,0.0021739130434782483,0.9021739130434783,0.9021739130434783,0.49922193700783263,0.4992219370078328,0.0,0.0,183,184,0.2496109685039164,clean
20260804,baseline,gaussian_blur,2,circularity,0.9,0.8967391304347826,-0.003260869565217428,0.8967391304347826,0.8967391304347826,0.49922193700783263,0.4992219370078328,0.0,0.0,183,184,0.2496109685039164,clean
20260804,baseline,gaussian_blur,3,circularity,0.9,0.8852459016393442,-0.014754098360655776,0.8852459016393442,0.8804347826086957,0.49922193700783263,0.4992219370078328,0.005434782608695652,0.005434782608695652,183,184,0.2496109685039164,clean
20260804,baseline,gaussian_noise,10,circularity,0.9,0.8804347826086957,-0.019565217391304346,0.8804347826086957,0.8804347826086957,0.49922193700783263,0.4992219370078328,0.0,0.0,183,184,0.2496109685039164,clean
20260804,baseline,gaussian_noise,20,circularity,0.9,0.8206521739130435,-0.07934782608695656,0.8206521739130435,0.8206521739130435,0.49922193700783263,0.4992219370078328,0.0,0.0,183,184,0.2496109685039164,clean
20260804,baseline,gaussian_noise,30,circularity,0.9,0.5869565217391305,-0.31304347826086953,0.5869565217391305,0.5869565217391305,0.49922193700783263,0.4992219370078328,0.0,0.0,183,184,0.2496109685039164,clean
20260804,nc_aware_lambda_0p10,clean,clean,nc,0.9,0.8532608695652174,-0.046739130434782616,0.8532608695652174,0.8532608695652174,1.239758488833635,1.239758488833635,0.0,0.0,183,184,0.6198792444168175,clean
20260804,nc_aware_lambda_0p10,gaussian_blur,1,nc,0.9,0.8478260869565217,-0.05217391304347829,0.8478260869565217,0.8478260869565217,1.239758488833635,1.239758488833635,0.0,0.0,183,184,0.6198792444168175,clean
20260804,nc_aware_lambda_0p10,gaussian_blur,2,nc,0.9,0.8478260869565217,-0.05217391304347829,0.8478260869565217,0.8478260869565217,1.239758488833635,1.239758488833635,0.0,0.0,183,184,0.6198792444168175,clean
20260804,nc_aware_lambda_0p10,gaussian_blur,3,nc,0.9,0.8532608695652174,-0.046739130434782616,0.8532608695652174,0.8532608695652174,1.239758488833635,1.239758488833635,0.0,0.0,183,184,0.6198792444168175,clean
20260804,nc_aware_lambda_0p10,gaussian_noise,10,nc,0.9,0.8586956521739131,-0.04130434782608694,0.8586956521739131,0.8586956521739131,1.239758488833635,1.239758488833635,0.0,0.0,183,184,0.6198792444168175,clean
20260804,nc_aware_lambda_0p10,gaussian_noise,20,nc,0.9,0.8695652173913043,-0.0304347826086957,0.8695652173913043,0.8695652173913043,1.239758488833635,1.239758488833635,0.0,0.0,183,184,0.6198792444168175,clean
20260804,nc_aware_lambda_0p10,gaussian_noise,30,nc,0.9,0.8804347826086957,-0.019565217391304346,0.8804347826086957,0.8804347826086957,1.239758488833635,1.239758488833635,0.0,0.0,183,184,0.6198792444168175,clean
20260804,nc_aware_lambda_0p10,clean,clean,circularity,0.9,0.8351648351648352,-0.06483516483516483,0.8351648351648352,0.8260869565217391,0.4710448643315505,0.4710448643315506,0.010869565217391304,0.010869565217391304,183,184,0.2355224321657753,clean
20260804,nc_aware_lambda_0p10,gaussian_blur,1,circularity,0.9,0.8571428571428571,-0.04285714285714293,0.8571428571428571,0.8478260869565217,0.4710448643315505,0.4710448643315506,0.010869565217391304,0.010869565217391304,183,184,0.2355224321657753,clean
20260804,nc_aware_lambda_0p10,gaussian_blur,2,circularity,0.9,0.8415300546448088,-0.05846994535519123,0.8415300546448088,0.8369565217391305,0.4710448643315505,0.4710448643315506,0.005434782608695652,0.005434782608695652,183,184,0.2355224321657753,clean
20260804,nc_aware_lambda_0p10,gaussian_blur,3,circularity,0.9,0.8633879781420765,-0.03661202185792356,0.8633879781420765,0.8586956521739131,0.4710448643315505,0.4710448643315506,0.005434782608695652,0.005434782608695652,183,184,0.2355224321657753,clean
20260804,nc_aware_lambda_0p10,gaussian_noise,10,circularity,0.9,0.8296703296703297,-0.0703296703296703,0.8296703296703297,0.8206521739130435,0.4710448643315505,0.4710448643315506,0.010869565217391304,0.010869565217391304,183,184,0.2355224321657753,clean
20260804,nc_aware_lambda_0p10,gaussian_noise,20,circularity,0.9,0.7377049180327869,-0.1622950819672131,0.7377049180327869,0.7336956521739131,0.4710448643315505,0.4710448643315506,0.005434782608695652,0.005434782608695652,183,184,0.2355224321657753,clean
20260804,nc_aware_lambda_0p10,gaussian_noise,30,circularity,0.9,0.5573770491803278,-0.3426229508196722,0.5573770491803278,0.5543478260869565,0.4710448643315505,0.4710448643315506,0.005434782608695652,0.005434782608695652,183,184,0.2355224321657753,clean
20260805,baseline,clean,clean,nc,0.9,0.8858695652173914,-0.01413043478260867,0.8858695652173914,0.8858695652173914,1.2352720876348808,1.2352720876348806,0.0,0.0,183,184,0.6176360438174403,clean
20260805,baseline,gaussian_blur,1,nc,0.9,0.8858695652173914,-0.01413043478260867,0.8858695652173914,0.8858695652173914,1.2352720876348808,1.2352720876348806,0.0,0.0,183,184,0.6176360438174403,clean
20260805,baseline,gaussian_blur,2,nc,0.9,0.8913043478260869,-0.008695652173913104,0.8913043478260869,0.8913043478260869,1.2352720876348808,1.2352720876348806,0.0,0.0,183,184,0.6176360438174403,clean
20260805,baseline,gaussian_blur,3,nc,0.9,0.8858695652173914,-0.01413043478260867,0.8858695652173914,0.8858695652173914,1.2352720876348808,1.2352720876348806,0.0,0.0,183,184,0.6176360438174403,clean
20260805,baseline,gaussian_noise,10,nc,0.9,0.8913043478260869,-0.008695652173913104,0.8913043478260869,0.8913043478260869,1.2352720876348808,1.2352720876348806,0.0,0.0,183,184,0.6176360438174403,clean
20260805,baseline,gaussian_noise,20,nc,0.9,0.8858695652173914,-0.01413043478260867,0.8858695652173914,0.8858695652173914,1.2352720876348808,1.2352720876348806,0.0,0.0,183,184,0.6176360438174403,clean
20260805,baseline,gaussian_noise,30,nc,0.9,0.8641304347826086,-0.035869565217391375,0.8641304347826086,0.8641304347826086,1.2352720876348808,1.2352720876348806,0.0,0.0,183,184,0.6176360438174403,clean
20260805,baseline,clean,clean,circularity,0.9,0.8913043478260869,-0.008695652173913104,0.8913043478260869,0.8913043478260869,0.4978673697968553,0.4978673697968553,0.0,0.0,183,184,0.24893368489842765,clean
20260805,baseline,gaussian_blur,1,circularity,0.9,0.9021739130434783,0.0021739130434782483,0.9021739130434783,0.9021739130434783,0.4978673697968553,0.4978673697968553,0.0,0.0,183,184,0.24893368489842765,clean
20260805,baseline,gaussian_blur,2,circularity,0.9,0.8913043478260869,-0.008695652173913104,0.8913043478260869,0.8913043478260869,0.4978673697968553,0.4978673697968553,0.0,0.0,183,184,0.24893368489842765,clean
20260805,baseline,gaussian_blur,3,circularity,0.9,0.907608695652174,0.007608695652173925,0.907608695652174,0.907608695652174,0.4978673697968553,0.4978673697968553,0.0,0.0,183,184,0.24893368489842765,clean
20260805,baseline,gaussian_noise,10,circularity,0.9,0.875,-0.025000000000000022,0.875,0.875,0.4978673697968553,0.4978673697968553,0.0,0.0,183,184,0.24893368489842765,clean
20260805,baseline,gaussian_noise,20,circularity,0.9,0.842391304347826,-0.05760869565217397,0.842391304347826,0.842391304347826,0.4978673697968553,0.4978673697968553,0.0,0.0,183,184,0.24893368489842765,clean
20260805,baseline,gaussian_noise,30,circularity,0.9,0.6467391304347826,-0.25326086956521743,0.6467391304347826,0.6467391304347826,0.4978673697968553,0.4978673697968553,0.0,0.0,183,184,0.24893368489842765,clean
20260805,nc_aware_lambda_0p10,clean,clean,nc,0.9,0.8858695652173914,-0.01413043478260867,0.8858695652173914,0.8858695652173914,1.4385442742519134,1.4385442742519132,0.0,0.0,183,184,0.7192721371259566,clean
20260805,nc_aware_lambda_0p10,gaussian_blur,1,nc,0.9,0.875,-0.025000000000000022,0.875,0.875,1.4385442742519134,1.4385442742519132,0.0,0.0,183,184,0.7192721371259566,clean
20260805,nc_aware_lambda_0p10,gaussian_blur,2,nc,0.9,0.875,-0.025000000000000022,0.875,0.875,1.4385442742519134,1.4385442742519132,0.0,0.0,183,184,0.7192721371259566,clean
20260805,nc_aware_lambda_0p10,gaussian_blur,3,nc,0.9,0.8695652173913043,-0.0304347826086957,0.8695652173913043,0.8695652173913043,1.4385442742519134,1.4385442742519132,0.0,0.0,183,184,0.7192721371259566,clean
20260805,nc_aware_lambda_0p10,gaussian_noise,10,nc,0.9,0.875,-0.025000000000000022,0.875,0.875,1.4385442742519134,1.4385442742519132,0.0,0.0,183,184,0.7192721371259566,clean
20260805,nc_aware_lambda_0p10,gaussian_noise,20,nc,0.9,0.8478260869565217,-0.05217391304347829,0.8478260869565217,0.8478260869565217,1.4385442742519134,1.4385442742519132,0.0,0.0,183,184,0.7192721371259566,clean
20260805,nc_aware_lambda_0p10,gaussian_noise,30,nc,0.9,0.7445652173913043,-0.1554347826086957,0.7445652173913043,0.7445652173913043,1.4385442742519134,1.4385442742519132,0.0,0.0,183,184,0.7192721371259566,clean
20260805,nc_aware_lambda_0p10,clean,clean,circularity,0.9,0.8633879781420765,-0.03661202185792356,0.8633879781420765,0.8586956521739131,0.5477515554336341,0.5477515554336339,0.005434782608695652,0.005434782608695652,183,184,0.2738757777168169,clean
20260805,nc_aware_lambda_0p10,gaussian_blur,1,circularity,0.9,0.9016393442622951,0.0016393442622950616,0.9016393442622951,0.8967391304347826,0.5477515554336341,0.5477515554336339,0.005434782608695652,0.005434782608695652,183,184,0.2738757777168169,clean
20260805,nc_aware_lambda_0p10,gaussian_blur,2,circularity,0.9,0.907103825136612,0.0071038251366120075,0.907103825136612,0.9021739130434783,0.5477515554336341,0.5477515554336339,0.005434782608695652,0.005434782608695652,183,184,0.2738757777168169,clean
20260805,nc_aware_lambda_0p10,gaussian_blur,3,circularity,0.9,0.8961748633879781,-0.0038251366120218844,0.8961748633879781,0.8913043478260869,0.5477515554336341,0.5477515554336339,0.005434782608695652,0.005434782608695652,183,184,0.2738757777168169,clean
20260805,nc_aware_lambda_0p10,gaussian_noise,10,circularity,0.9,0.825136612021858,-0.07486338797814207,0.825136612021858,0.8206521739130435,0.5477515554336341,0.5477515554336339,0.005434782608695652,0.005434782608695652,183,184,0.2738757777168169,clean
20260805,nc_aware_lambda_0p10,gaussian_noise,20,circularity,0.9,0.6939890710382514,-0.20601092896174866,0.6939890710382514,0.6902173913043478,0.5477515554336341,0.5477515554336339,0.005434782608695652,0.005434782608695652,183,184,0.2738757777168169,clean
20260805,nc_aware_lambda_0p10,gaussian_noise,30,circularity,0.9,0.47305389221556887,-0.42694610778443115,0.47305389221556887,0.42934782608695654,0.5477515554336341,0.5477515554336339,0.09239130434782608,0.09239130434782608,183,184,0.2738757777168169,clean
