seed,model,target,degradation,severity,nominal_coverage,clean_coverage,empirical_coverage,coverage_gap,coverage_delta_vs_clean,below_nominal,frozen_quantile
20260803,baseline,nc,clean,clean,0.9,0.9021739130434783,0.9021739130434783,0.0021739130434782483,0.0,False,0.8579718748153826
20260803,baseline,nc,gaussian_blur,1.0,0.9,0.9021739130434783,0.9021739130434783,0.0021739130434782483,0.0,False,0.8579718748153826
20260803,baseline,nc,gaussian_blur,2.0,0.9,0.9021739130434783,0.8967391304347826,-0.003260869565217428,-0.005434782608695676,True,0.8579718748153826
20260803,baseline,nc,gaussian_blur,3.0,0.9,0.9021739130434783,0.9021739130434783,0.0021739130434782483,0.0,False,0.8579718748153826
20260803,baseline,nc,gaussian_noise,10.0,0.9,0.9021739130434783,0.9021739130434783,0.0021739130434782483,0.0,False,0.8579718748153826
20260803,baseline,nc,gaussian_noise,20.0,0.9,0.9021739130434783,0.8858695652173914,-0.01413043478260867,-0.016304347826086918,True,0.8579718748153826
20260803,baseline,nc,gaussian_noise,30.0,0.9,0.9021739130434783,0.8315217391304348,-0.06847826086956521,-0.07065217391304346,True,0.8579718748153826
20260803,baseline,circularity,clean,clean,0.9,0.8461538461538461,0.8461538461538461,-0.05384615384615388,0.0,True,0.24990006542312204
20260803,baseline,circularity,gaussian_blur,1.0,0.9,0.8461538461538461,0.8461538461538461,-0.05384615384615388,0.0,True,0.24990006542312204
20260803,baseline,circularity,gaussian_blur,2.0,0.9,0.8461538461538461,0.8571428571428571,-0.04285714285714293,0.01098901098901095,True,0.24990006542312204
20260803,baseline,circularity,gaussian_blur,3.0,0.9,0.8461538461538461,0.8688524590163934,-0.031147540983606614,0.022698612862547263,True,0.24990006542312204
20260803,baseline,circularity,gaussian_noise,10.0,0.9,0.8461538461538461,0.8571428571428571,-0.04285714285714293,0.01098901098901095,True,0.24990006542312204
20260803,baseline,circularity,gaussian_noise,20.0,0.9,0.8461538461538461,0.6740331491712708,-0.22596685082872925,-0.17212069698257537,True,0.24990006542312204
20260803,baseline,circularity,gaussian_noise,30.0,0.9,0.8461538461538461,0.4157303370786517,-0.4842696629213483,-0.43042350907519444,True,0.24990006542312204
20260803,nc_aware_lambda_0p10,nc,clean,clean,0.9,0.8369565217391305,0.8369565217391305,-0.06304347826086953,0.0,True,0.6025470122216825
20260803,nc_aware_lambda_0p10,nc,gaussian_blur,1.0,0.9,0.8369565217391305,0.8315217391304348,-0.06847826086956521,-0.005434782608695676,True,0.6025470122216825
20260803,nc_aware_lambda_0p10,nc,gaussian_blur,2.0,0.9,0.8369565217391305,0.8369565217391305,-0.06304347826086953,0.0,True,0.6025470122216825
20260803,nc_aware_lambda_0p10,nc,gaussian_blur,3.0,0.9,0.8369565217391305,0.8315217391304348,-0.06847826086956521,-0.005434782608695676,True,0.6025470122216825
20260803,nc_aware_lambda_0p10,nc,gaussian_noise,10.0,0.9,0.8369565217391305,0.8369565217391305,-0.06304347826086953,0.0,True,0.6025470122216825
20260803,nc_aware_lambda_0p10,nc,gaussian_noise,20.0,0.9,0.8369565217391305,0.842391304347826,-0.05760869565217397,0.005434782608695565,True,0.6025470122216825
20260803,nc_aware_lambda_0p10,nc,gaussian_noise,30.0,0.9,0.8369565217391305,0.842391304347826,-0.05760869565217397,0.005434782608695565,True,0.6025470122216825
20260803,nc_aware_lambda_0p10,circularity,clean,clean,0.9,0.8351648351648352,0.8351648351648352,-0.06483516483516483,0.0,True,0.23847686210263608
20260803,nc_aware_lambda_0p10,circularity,gaussian_blur,1.0,0.9,0.8351648351648352,0.8516483516483516,-0.0483516483516484,0.016483516483516425,True,0.23847686210263608
20260803,nc_aware_lambda_0p10,circularity,gaussian_blur,2.0,0.9,0.8351648351648352,0.8461538461538461,-0.05384615384615388,0.01098901098901095,True,0.23847686210263608
20260803,nc_aware_lambda_0p10,circularity,gaussian_blur,3.0,0.9,0.8351648351648352,0.8571428571428571,-0.04285714285714293,0.0219780219780219,True,0.23847686210263608
20260803,nc_aware_lambda_0p10,circularity,gaussian_noise,10.0,0.9,0.8351648351648352,0.8186813186813187,-0.08131868131868136,-0.016483516483516536,True,0.23847686210263608
20260803,nc_aware_lambda_0p10,circularity,gaussian_noise,20.0,0.9,0.8351648351648352,0.7802197802197802,-0.1197802197802198,-0.05494505494505497,True,0.23847686210263608
20260803,nc_aware_lambda_0p10,circularity,gaussian_noise,30.0,0.9,0.8351648351648352,0.6593406593406593,-0.2406593406593407,-0.17582417582417587,True,0.23847686210263608
20260804,baseline,nc,clean,clean,0.9,0.8804347826086957,0.8804347826086957,-0.019565217391304346,0.0,True,0.6263332419096694
20260804,baseline,nc,gaussian_blur,1.0,0.9,0.8804347826086957,0.8967391304347826,-0.003260869565217428,0.016304347826086918,True,0.6263332419096694
20260804,baseline,nc,gaussian_blur,2.0,0.9,0.8804347826086957,0.8913043478260869,-0.008695652173913104,0.010869565217391242,True,0.6263332419096694
20260804,baseline,nc,gaussian_blur,3.0,0.9,0.8804347826086957,0.8858695652173914,-0.01413043478260867,0.005434782608695676,True,0.6263332419096694
20260804,baseline,nc,gaussian_noise,10.0,0.9,0.8804347826086957,0.8858695652173914,-0.01413043478260867,0.005434782608695676,True,0.6263332419096694
20260804,baseline,nc,gaussian_noise,20.0,0.9,0.8804347826086957,0.8858695652173914,-0.01413043478260867,0.005434782608695676,True,0.6263332419096694
20260804,baseline,nc,gaussian_noise,30.0,0.9,0.8804347826086957,0.8586956521739131,-0.04130434782608694,-0.021739130434782594,True,0.6263332419096694
20260804,baseline,circularity,clean,clean,0.9,0.907608695652174,0.907608695652174,0.007608695652173925,0.0,False,0.2496109685039164
20260804,baseline,circularity,gaussian_blur,1.0,0.9,0.907608695652174,0.9021739130434783,0.0021739130434782483,-0.005434782608695676,False,0.2496109685039164
20260804,baseline,circularity,gaussian_blur,2.0,0.9,0.907608695652174,0.8967391304347826,-0.003260869565217428,-0.010869565217391353,True,0.2496109685039164
20260804,baseline,circularity,gaussian_blur,3.0,0.9,0.907608695652174,0.8852459016393442,-0.014754098360655776,-0.0223627940128297,True,0.2496109685039164
20260804,baseline,circularity,gaussian_noise,10.0,0.9,0.907608695652174,0.8804347826086957,-0.019565217391304346,-0.02717391304347827,True,0.2496109685039164
20260804,baseline,circularity,gaussian_noise,20.0,0.9,0.907608695652174,0.8206521739130435,-0.07934782608695656,-0.08695652173913049,True,0.2496109685039164
20260804,baseline,circularity,gaussian_noise,30.0,0.9,0.907608695652174,0.5869565217391305,-0.31304347826086953,-0.32065217391304346,True,0.2496109685039164
20260804,nc_aware_lambda_0p10,nc,clean,clean,0.9,0.8532608695652174,0.8532608695652174,-0.046739130434782616,0.0,True,0.6198792444168175
20260804,nc_aware_lambda_0p10,nc,gaussian_blur,1.0,0.9,0.8532608695652174,0.8478260869565217,-0.05217391304347829,-0.005434782608695676,True,0.6198792444168175
20260804,nc_aware_lambda_0p10,nc,gaussian_blur,2.0,0.9,0.8532608695652174,0.8478260869565217,-0.05217391304347829,-0.005434782608695676,True,0.6198792444168175
20260804,nc_aware_lambda_0p10,nc,gaussian_blur,3.0,0.9,0.8532608695652174,0.8532608695652174,-0.046739130434782616,0.0,True,0.6198792444168175
20260804,nc_aware_lambda_0p10,nc,gaussian_noise,10.0,0.9,0.8532608695652174,0.8586956521739131,-0.04130434782608694,0.005434782608695676,True,0.6198792444168175
20260804,nc_aware_lambda_0p10,nc,gaussian_noise,20.0,0.9,0.8532608695652174,0.8695652173913043,-0.0304347826086957,0.016304347826086918,True,0.6198792444168175
20260804,nc_aware_lambda_0p10,nc,gaussian_noise,30.0,0.9,0.8532608695652174,0.8804347826086957,-0.019565217391304346,0.02717391304347827,True,0.6198792444168175
20260804,nc_aware_lambda_0p10,circularity,clean,clean,0.9,0.8351648351648352,0.8351648351648352,-0.06483516483516483,0.0,True,0.2355224321657753
20260804,nc_aware_lambda_0p10,circularity,gaussian_blur,1.0,0.9,0.8351648351648352,0.8571428571428571,-0.04285714285714293,0.0219780219780219,True,0.2355224321657753
20260804,nc_aware_lambda_0p10,circularity,gaussian_blur,2.0,0.9,0.8351648351648352,0.8415300546448088,-0.05846994535519123,0.006365219479973594,True,0.2355224321657753
20260804,nc_aware_lambda_0p10,circularity,gaussian_blur,3.0,0.9,0.8351648351648352,0.8633879781420765,-0.03661202185792356,0.028223142977241267,True,0.2355224321657753
20260804,nc_aware_lambda_0p10,circularity,gaussian_noise,10.0,0.9,0.8351648351648352,0.8296703296703297,-0.0703296703296703,-0.005494505494505475,True,0.2355224321657753
20260804,nc_aware_lambda_0p10,circularity,gaussian_noise,20.0,0.9,0.8351648351648352,0.7377049180327869,-0.1622950819672131,-0.09745991713204827,True,0.2355224321657753
20260804,nc_aware_lambda_0p10,circularity,gaussian_noise,30.0,0.9,0.8351648351648352,0.5573770491803278,-0.3426229508196722,-0.2777877859845074,True,0.2355224321657753
20260805,baseline,nc,clean,clean,0.9,0.8858695652173914,0.8858695652173914,-0.01413043478260867,0.0,True,0.6176360438174403
20260805,baseline,nc,gaussian_blur,1.0,0.9,0.8858695652173914,0.8858695652173914,-0.01413043478260867,0.0,True,0.6176360438174403
20260805,baseline,nc,gaussian_blur,2.0,0.9,0.8858695652173914,0.8913043478260869,-0.008695652173913104,0.005434782608695565,True,0.6176360438174403
20260805,baseline,nc,gaussian_blur,3.0,0.9,0.8858695652173914,0.8858695652173914,-0.01413043478260867,0.0,True,0.6176360438174403
20260805,baseline,nc,gaussian_noise,10.0,0.9,0.8858695652173914,0.8913043478260869,-0.008695652173913104,0.005434782608695565,True,0.6176360438174403
20260805,baseline,nc,gaussian_noise,20.0,0.9,0.8858695652173914,0.8858695652173914,-0.01413043478260867,0.0,True,0.6176360438174403
20260805,baseline,nc,gaussian_noise,30.0,0.9,0.8858695652173914,0.8641304347826086,-0.035869565217391375,-0.021739130434782705,True,0.6176360438174403
20260805,baseline,circularity,clean,clean,0.9,0.8913043478260869,0.8913043478260869,-0.008695652173913104,0.0,True,0.24893368489842765
20260805,baseline,circularity,gaussian_blur,1.0,0.9,0.8913043478260869,0.9021739130434783,0.0021739130434782483,0.010869565217391353,False,0.24893368489842765
20260805,baseline,circularity,gaussian_blur,2.0,0.9,0.8913043478260869,0.8913043478260869,-0.008695652173913104,0.0,True,0.24893368489842765
20260805,baseline,circularity,gaussian_blur,3.0,0.9,0.8913043478260869,0.907608695652174,0.007608695652173925,0.01630434782608703,False,0.24893368489842765
20260805,baseline,circularity,gaussian_noise,10.0,0.9,0.8913043478260869,0.875,-0.025000000000000022,-0.016304347826086918,True,0.24893368489842765
20260805,baseline,circularity,gaussian_noise,20.0,0.9,0.8913043478260869,0.842391304347826,-0.05760869565217397,-0.048913043478260865,True,0.24893368489842765
20260805,baseline,circularity,gaussian_noise,30.0,0.9,0.8913043478260869,0.6467391304347826,-0.25326086956521743,-0.24456521739130432,True,0.24893368489842765
20260805,nc_aware_lambda_0p10,nc,clean,clean,0.9,0.8858695652173914,0.8858695652173914,-0.01413043478260867,0.0,True,0.7192721371259566
20260805,nc_aware_lambda_0p10,nc,gaussian_blur,1.0,0.9,0.8858695652173914,0.875,-0.025000000000000022,-0.010869565217391353,True,0.7192721371259566
20260805,nc_aware_lambda_0p10,nc,gaussian_blur,2.0,0.9,0.8858695652173914,0.875,-0.025000000000000022,-0.010869565217391353,True,0.7192721371259566
20260805,nc_aware_lambda_0p10,nc,gaussian_blur,3.0,0.9,0.8858695652173914,0.8695652173913043,-0.0304347826086957,-0.01630434782608703,True,0.7192721371259566
20260805,nc_aware_lambda_0p10,nc,gaussian_noise,10.0,0.9,0.8858695652173914,0.875,-0.025000000000000022,-0.010869565217391353,True,0.7192721371259566
20260805,nc_aware_lambda_0p10,nc,gaussian_noise,20.0,0.9,0.8858695652173914,0.8478260869565217,-0.05217391304347829,-0.03804347826086962,True,0.7192721371259566
20260805,nc_aware_lambda_0p10,nc,gaussian_noise,30.0,0.9,0.8858695652173914,0.7445652173913043,-0.1554347826086957,-0.14130434782608703,True,0.7192721371259566
20260805,nc_aware_lambda_0p10,circularity,clean,clean,0.9,0.8633879781420765,0.8633879781420765,-0.03661202185792356,0.0,True,0.2738757777168169
20260805,nc_aware_lambda_0p10,circularity,gaussian_blur,1.0,0.9,0.8633879781420765,0.9016393442622951,0.0016393442622950616,0.03825136612021862,False,0.2738757777168169
20260805,nc_aware_lambda_0p10,circularity,gaussian_blur,2.0,0.9,0.8633879781420765,0.907103825136612,0.0071038251366120075,0.04371584699453557,False,0.2738757777168169
20260805,nc_aware_lambda_0p10,circularity,gaussian_blur,3.0,0.9,0.8633879781420765,0.8961748633879781,-0.0038251366120218844,0.032786885245901676,True,0.2738757777168169
20260805,nc_aware_lambda_0p10,circularity,gaussian_noise,10.0,0.9,0.8633879781420765,0.825136612021858,-0.07486338797814207,-0.03825136612021851,True,0.2738757777168169
20260805,nc_aware_lambda_0p10,circularity,gaussian_noise,20.0,0.9,0.8633879781420765,0.6939890710382514,-0.20601092896174866,-0.1693989071038251,True,0.2738757777168169
20260805,nc_aware_lambda_0p10,circularity,gaussian_noise,30.0,0.9,0.8633879781420765,0.47305389221556887,-0.42694610778443115,-0.3903340859265076,True,0.2738757777168169
