split,seed,model,degradation,severity,foreground_dice,nucleus_dice,cytoplasm_dice,mean_nc_absolute_error,median_nc_absolute_error,mean_circularity_absolute_error,invalid_nc_rate,invalid_circularity_rate
calibration,20260803,baseline,clean,clean,0.8187108860597098,0.8620771506391548,0.7753446214802648,0.2618679250020426,0.08465874849337096,0.1153892663117384,0.0,0.01639344262295082
calibration,20260803,baseline,gaussian_blur,1,0.8176338842538181,0.8624097106945076,0.7728580578131286,0.26458063991290204,0.07466779310946847,0.11277053809891306,0.0,0.01639344262295082
calibration,20260803,baseline,gaussian_blur,2,0.8146380939396557,0.8618071865343755,0.767469001344936,0.27246463983353886,0.08362704494837447,0.11484548574092736,0.0,0.00546448087431694
calibration,20260803,baseline,gaussian_blur,3,0.8091567029155922,0.8580064219601425,0.760306983871042,0.2810462141095714,0.08035081616434353,0.11443119745319634,0.0,0.0
calibration,20260803,baseline,gaussian_noise,10,0.8131754121564105,0.852170608228728,0.7741802160840935,0.27130793653245106,0.07930195206052476,0.12794245762623835,0.0,0.01639344262295082
calibration,20260803,baseline,gaussian_noise,20,0.789443140622864,0.8158217730008914,0.7630645082448366,0.31886186392751736,0.0921467167576635,0.18038965690314737,0.0,0.03278688524590164
calibration,20260803,baseline,gaussian_noise,30,0.7192015964632745,0.7138645002528313,0.7245386926737176,0.4048617669113917,0.12791668669253603,0.28019665155287254,0.02185792349726776,0.04918032786885246
calibration,20260803,nc_aware_lambda_0p10,clean,clean,0.8333000250459067,0.885198378642981,0.7814016714488323,0.2826584170833037,0.0962446769388201,0.1166408169139375,0.0,0.0
calibration,20260803,nc_aware_lambda_0p10,gaussian_blur,1,0.8315073539551516,0.8819852744063609,0.7810294335039425,0.2786428077981984,0.09772773477267649,0.11454726426903097,0.0,0.0
calibration,20260803,nc_aware_lambda_0p10,gaussian_blur,2,0.8265250662844569,0.8750264164716778,0.7780237160972358,0.28196393876651943,0.1023353866252705,0.11813665085678687,0.0,0.0
calibration,20260803,nc_aware_lambda_0p10,gaussian_blur,3,0.8195377659359041,0.8657949198330018,0.7732806120388064,0.2918139678859583,0.11016187897260477,0.11602120079713335,0.0,0.0
calibration,20260803,nc_aware_lambda_0p10,gaussian_noise,10,0.8325577734668008,0.8847061221775072,0.7804094247560948,0.2752023930170869,0.0972688978411071,0.11303627610474755,0.0,0.0
calibration,20260803,nc_aware_lambda_0p10,gaussian_noise,20,0.8263261564451652,0.878587781746229,0.7740645311441012,0.2578636640221697,0.10761642427567725,0.13917730479835785,0.0,0.0
calibration,20260803,nc_aware_lambda_0p10,gaussian_noise,30,0.8128952727920609,0.8620929691957321,0.7636975763883893,0.2724076429835219,0.09399445241303772,0.18688884237411071,0.0,0.0
calibration,20260804,baseline,clean,clean,0.8484880123868067,0.9010423471009823,0.795933677672631,0.2229983226750932,0.08641249013065944,0.11509053063741466,0.0,0.0
calibration,20260804,baseline,gaussian_blur,1,0.8484378157406598,0.9000947946831659,0.7967808367981538,0.22764279580307636,0.09016783649670024,0.11480963058081396,0.0,0.0
calibration,20260804,baseline,gaussian_blur,2,0.8459131214331859,0.8956550706234,0.7961711722429718,0.23528108959486702,0.09445351878357297,0.11432082205716991,0.0,0.0
calibration,20260804,baseline,gaussian_blur,3,0.8397085933803904,0.8874413332517423,0.7919758535090385,0.24677408622449248,0.09338567275119813,0.1141726574803378,0.0,0.0
calibration,20260804,baseline,gaussian_noise,10,0.8454897632995427,0.8973643502401112,0.7936151763589745,0.2277187666626159,0.08775712784344042,0.12351538681720946,0.0,0.0
calibration,20260804,baseline,gaussian_noise,20,0.8321586905543592,0.882366055022522,0.7819513260861968,0.2503228613983055,0.08931424738061688,0.16188448936147917,0.0,0.00546448087431694
calibration,20260804,baseline,gaussian_noise,30,0.7936950345785706,0.8377886758853571,0.7496013932717839,0.32076646982800705,0.09988858189363142,0.2301718397676679,0.0,0.00546448087431694
calibration,20260804,nc_aware_lambda_0p10,clean,clean,0.8292484260371984,0.885859223547469,0.7726376285269283,0.24648203520919248,0.10623276316073738,0.11582635161429657,0.0,0.0
calibration,20260804,nc_aware_lambda_0p10,gaussian_blur,1,0.8281519288048462,0.8845993039052313,0.7717045537044611,0.2462902127906244,0.10410131742085535,0.11614735849911684,0.0,0.0
calibration,20260804,nc_aware_lambda_0p10,gaussian_blur,2,0.8246927713263683,0.8804727366866834,0.7689128059660529,0.24666194459829796,0.09906519742448103,0.11932085667637042,0.0,0.0
calibration,20260804,nc_aware_lambda_0p10,gaussian_blur,3,0.819975446652056,0.8750385714821017,0.7649123218220102,0.2544668250782548,0.11171035137701807,0.11641529335852317,0.0,0.0
calibration,20260804,nc_aware_lambda_0p10,gaussian_noise,10,0.8285093553929229,0.8841764424233999,0.7728422683624461,0.23821298565487103,0.11293352059262779,0.11782284358850724,0.0,0.0
calibration,20260804,nc_aware_lambda_0p10,gaussian_noise,20,0.822243969118721,0.8764330665843977,0.7680548716530441,0.2429851208688025,0.10812215000182934,0.1464268850694744,0.0,0.0
calibration,20260804,nc_aware_lambda_0p10,gaussian_noise,30,0.7909916143927322,0.839258233098735,0.7427249956867295,0.30036494155061816,0.10798236584851023,0.22508104558644698,0.0,0.0
calibration,20260805,baseline,clean,clean,0.8454862108179034,0.903452047690825,0.7875203739449819,0.21653083009610558,0.06563147522908552,0.11376115155128141,0.0,0.0
calibration,20260805,baseline,gaussian_blur,1,0.8453879028733087,0.9021618829852627,0.7886139227613546,0.2188421171846856,0.07334447841789435,0.10877519500639968,0.0,0.0
calibration,20260805,baseline,gaussian_blur,2,0.8433048233532245,0.8977216059927263,0.7888880407137233,0.2250538057495948,0.073351141183012,0.11221421639643331,0.0,0.0
calibration,20260805,baseline,gaussian_blur,3,0.838788267276124,0.8907037929311534,0.786872741621095,0.237612398516188,0.07299850981628764,0.11324661817967784,0.0,0.0
calibration,20260805,baseline,gaussian_noise,10,0.8433530404086041,0.9022402518664466,0.7844658289507618,0.21310000118020758,0.0703453860771166,0.11516783800533298,0.0,0.0
calibration,20260805,baseline,gaussian_noise,20,0.8347726769364237,0.8952383411363863,0.7743070127364609,0.22553957899348068,0.08116634047811655,0.14767297952183941,0.0,0.0
calibration,20260805,baseline,gaussian_noise,30,0.8134574695606416,0.8747768825292214,0.7521380565920613,0.2794488559037985,0.08868874302916646,0.2019459837206224,0.0,0.0
calibration,20260805,nc_aware_lambda_0p10,clean,clean,0.8246138649265095,0.8791616870246546,0.7700660428283645,0.24821117908844656,0.07705911299263901,0.1310523871616787,0.0,0.0
calibration,20260805,nc_aware_lambda_0p10,gaussian_blur,1,0.8267944002178179,0.8815287302800734,0.7720600701555622,0.24659419904511456,0.08554717069803242,0.12296832156601711,0.0,0.0
calibration,20260805,nc_aware_lambda_0p10,gaussian_blur,2,0.8278243154843953,0.8827185504518722,0.7729300805169186,0.25030154743202715,0.0872499024103538,0.11623341390730632,0.0,0.0
calibration,20260805,nc_aware_lambda_0p10,gaussian_blur,3,0.8263280730810211,0.8815024197740537,0.7711537263879884,0.2624785887581184,0.08993117999330491,0.11490437133421247,0.0,0.0
calibration,20260805,nc_aware_lambda_0p10,gaussian_noise,10,0.8149388222777538,0.8668676803848606,0.7630099641706471,0.272092819729365,0.07994582254809457,0.14542392196168957,0.0,0.0
calibration,20260805,nc_aware_lambda_0p10,gaussian_noise,20,0.7686335328864956,0.8027917572402501,0.7344753085327415,0.3521322397324619,0.09831379545299812,0.21474456735222888,0.0,0.0
calibration,20260805,nc_aware_lambda_0p10,gaussian_noise,30,0.6031452990976999,0.5418603434581312,0.6644302547372682,0.537708432773142,0.26615768971738774,0.31891978454460956,0.0,0.07103825136612021
test,20260803,baseline,clean,clean,0.8014072099611532,0.8469683327383954,0.7558460871839104,0.3160617128987805,0.12032019765983634,0.14022004451398964,0.0,0.010869565217391304
test,20260803,baseline,gaussian_blur,1,0.7994806604853771,0.8459731111134665,0.7529882098572876,0.3221841658308381,0.12885081398656056,0.13790243942908942,0.0,0.010869565217391304
test,20260803,baseline,gaussian_blur,2,0.7954776279940391,0.843393395948081,0.7475618600399975,0.331006613472685,0.12947084142366808,0.13045126571219753,0.0,0.010869565217391304
test,20260803,baseline,gaussian_blur,3,0.789820853567381,0.8392702689160856,0.7403714382186762,0.3409158996959423,0.13920116454098672,0.1285246642338839,0.0,0.005434782608695652
test,20260803,baseline,gaussian_noise,10,0.8032705799783615,0.845997880410437,0.760543279546286,0.30872082795651296,0.11008160376221757,0.13611540979611714,0.0,0.010869565217391304
test,20260803,baseline,gaussian_noise,20,0.7783124394733234,0.806295537883306,0.750329341063341,0.3375222394757017,0.14983851127725495,0.21950811006948193,0.0,0.016304347826086956
test,20260803,baseline,gaussian_noise,30,0.6874589243203897,0.674594000723474,0.7003238479173056,0.45107565054483423,0.19517694478317743,0.323587326172748,0.0,0.03260869565217391
test,20260803,nc_aware_lambda_0p10,clean,clean,0.8142844728878987,0.8656374967231735,0.7629314490526239,0.34197697100981683,0.14272568086981177,0.14065447638881365,0.0,0.010869565217391304
test,20260803,nc_aware_lambda_0p10,gaussian_blur,1,0.8132542365116112,0.8636321511852769,0.7628763218379454,0.33576125194514234,0.1437557986505465,0.13961893372610218,0.0,0.010869565217391304
test,20260803,nc_aware_lambda_0p10,gaussian_blur,2,0.809947714228415,0.8582289976331089,0.7616664308237212,0.3251341558712926,0.14312515801560072,0.13568523666021656,0.0,0.010869565217391304
test,20260803,nc_aware_lambda_0p10,gaussian_blur,3,0.803434010327944,0.8495655250690696,0.7573024955868185,0.328198689823465,0.1392568940264961,0.13186917940028267,0.0,0.010869565217391304
test,20260803,nc_aware_lambda_0p10,gaussian_noise,10,0.8138169095773936,0.8658351927124943,0.7617986264422929,0.33570661601642865,0.1453288405304463,0.14713467797245905,0.0,0.010869565217391304
test,20260803,nc_aware_lambda_0p10,gaussian_noise,20,0.8107962612907101,0.8632957840714863,0.7582967385099342,0.3263360123623126,0.14464688511676363,0.17260158364229375,0.0,0.010869565217391304
test,20260803,nc_aware_lambda_0p10,gaussian_noise,30,0.7954825996398012,0.8462036906477717,0.7447615086318303,0.3419399577577542,0.14706044739848334,0.2235175455900378,0.0,0.010869565217391304
test,20260804,baseline,clean,clean,0.8325367470029156,0.8855583293201863,0.7795151646856447,0.2569489289523365,0.09116126049720738,0.12051870651056756,0.0,0.0
test,20260804,baseline,gaussian_blur,1,0.8328708781712947,0.8846402896979212,0.7811014666446685,0.2570355937851144,0.0951814961325122,0.11720574701534614,0.0,0.0
test,20260804,baseline,gaussian_blur,2,0.8307022422759559,0.8804301988317045,0.7809742857202072,0.26188035910388036,0.11179572975294336,0.1135916120145775,0.0,0.0
test,20260804,baseline,gaussian_blur,3,0.8247790913004265,0.8726239031450133,0.7769342794558398,0.27415740350329904,0.11815489799725357,0.11607781425217611,0.0,0.005434782608695652
test,20260804,baseline,gaussian_noise,10,0.8301086510136789,0.8830919690511041,0.777125332976254,0.2552963127128742,0.09627777884881572,0.12689024198177837,0.0,0.0
test,20260804,baseline,gaussian_noise,20,0.8177369937410547,0.8718018845519918,0.7636721029301178,0.2751587717702688,0.11280315598411961,0.16460426312301787,0.0,0.0
test,20260804,baseline,gaussian_noise,30,0.7729534443338469,0.8138290814909115,0.7320778071767822,0.3460190358023681,0.11622363857516824,0.2543603731788105,0.0,0.0
test,20260804,nc_aware_lambda_0p10,clean,clean,0.8095177023048842,0.8645011739804691,0.754534230629299,0.30421234761634747,0.14622358883181233,0.1324729623334748,0.0,0.010869565217391304
test,20260804,nc_aware_lambda_0p10,gaussian_blur,1,0.8086815128288812,0.8628459203047205,0.7545171053530418,0.30124150369619784,0.1373898457199112,0.12839833383834592,0.0,0.010869565217391304
test,20260804,nc_aware_lambda_0p10,gaussian_blur,2,0.8071676079072263,0.8614737218276943,0.7528614939867585,0.300817378325328,0.13714199439277117,0.12890893290172395,0.0,0.005434782608695652
test,20260804,nc_aware_lambda_0p10,gaussian_blur,3,0.8028200173722534,0.8572588639605243,0.7483811707839827,0.3061815233151318,0.1427898426856331,0.12171823120782796,0.0,0.005434782608695652
test,20260804,nc_aware_lambda_0p10,gaussian_noise,10,0.8086210558012376,0.8632546339157641,0.7539874776867108,0.2946361560673155,0.14576758487335523,0.14102749821760832,0.0,0.010869565217391304
test,20260804,nc_aware_lambda_0p10,gaussian_noise,20,0.802707168196025,0.856745475530945,0.7486688608611051,0.2883172828382261,0.12821618627341208,0.17335002138296943,0.0,0.005434782608695652
test,20260804,nc_aware_lambda_0p10,gaussian_noise,30,0.7640459428306058,0.8088071869703617,0.7192846986908499,0.3367825501955282,0.14935958700351643,0.2428822105521782,0.0,0.005434782608695652
test,20260805,baseline,clean,clean,0.8289552742604586,0.8866664139816139,0.7712441345393036,0.24250858309097972,0.10551642585427193,0.1209320440958376,0.0,0.0
test,20260805,baseline,gaussian_blur,1,0.8291587335405578,0.8858657039108743,0.7724517631702412,0.2406530714578224,0.10276279519605525,0.12172325763150829,0.0,0.0
test,20260805,baseline,gaussian_blur,2,0.8274301866026798,0.8826603227527435,0.772200050452616,0.24514221155081498,0.11366063360940626,0.11955061014572127,0.0,0.0
test,20260805,baseline,gaussian_blur,3,0.8227424850824351,0.8764126812110993,0.769072288953771,0.2605410169704999,0.11921292171655892,0.11536728938843864,0.0,0.0
test,20260805,baseline,gaussian_noise,10,0.8261775715147077,0.8847033024646739,0.7676518405647415,0.2389085055781441,0.11847459729565586,0.12113940660738982,0.0,0.0
test,20260805,baseline,gaussian_noise,20,0.8181752601593055,0.880114099857329,0.7562364204612824,0.2546769451940651,0.12377359553985662,0.1583929047641607,0.0,0.0
test,20260805,baseline,gaussian_noise,30,0.792479700980862,0.8542084810549505,0.7307509209067732,0.3022663883300822,0.11856580168145617,0.21687582976035535,0.0,0.0
test,20260805,nc_aware_lambda_0p10,clean,clean,0.8093122999793801,0.8635064542641421,0.755118145694618,0.3040811719373941,0.10301257155341631,0.14378843357595184,0.0,0.005434782608695652
test,20260805,nc_aware_lambda_0p10,gaussian_blur,1,0.8116494625783097,0.8661184722177965,0.7571804529388227,0.3017037445973337,0.10290624198691703,0.13158475964591929,0.0,0.005434782608695652
test,20260805,nc_aware_lambda_0p10,gaussian_blur,2,0.8125433494498608,0.8654176462403297,0.7596690526593923,0.3040605821205549,0.10398390062676394,0.12636267715386942,0.0,0.005434782608695652
test,20260805,nc_aware_lambda_0p10,gaussian_blur,3,0.8093489205477343,0.8609084054307685,0.7577894356646999,0.31529171906488096,0.10674877719426587,0.12393636393673842,0.0,0.005434782608695652
test,20260805,nc_aware_lambda_0p10,gaussian_noise,10,0.8016063775684931,0.8531482851484884,0.7500644699884979,0.3145418682717818,0.09636042589759095,0.16429932200023364,0.0,0.005434782608695652
test,20260805,nc_aware_lambda_0p10,gaussian_noise,20,0.7466373953588424,0.7745608037277204,0.7187139869899646,0.38724327570356076,0.14344489528140805,0.23481052343391615,0.0,0.005434782608695652
test,20260805,nc_aware_lambda_0p10,gaussian_noise,30,0.5842435767672592,0.5238818052764465,0.6446053482580723,0.5663931738930682,0.30355773181752155,0.32778236240038167,0.0,0.09239130434782608
