family,split,seed,model,degradation,metric,expected_direction,values_by_severity,trend_label,target
segmentation_morphometry,test,20260803,baseline,gaussian_blur,foreground_dice,decrease,0.799481|0.795478|0.789821,fully_monotonic,
segmentation_morphometry,test,20260803,baseline,gaussian_blur,mean_nc_absolute_error,increase,0.322184|0.331007|0.340916,fully_monotonic,
segmentation_morphometry,test,20260803,baseline,gaussian_blur,mean_circularity_absolute_error,increase,0.137902|0.130451|0.128525,inconsistent,
segmentation_morphometry,test,20260803,baseline,gaussian_blur,invalid_nc_rate,increase,0|0|0,partially_monotonic,
segmentation_morphometry,test,20260803,baseline,gaussian_noise,foreground_dice,decrease,0.803271|0.778312|0.687459,fully_monotonic,
segmentation_morphometry,test,20260803,baseline,gaussian_noise,mean_nc_absolute_error,increase,0.308721|0.337522|0.451076,fully_monotonic,
segmentation_morphometry,test,20260803,baseline,gaussian_noise,mean_circularity_absolute_error,increase,0.136115|0.219508|0.323587,fully_monotonic,
segmentation_morphometry,test,20260803,baseline,gaussian_noise,invalid_nc_rate,increase,0|0|0,partially_monotonic,
segmentation_morphometry,test,20260803,nc_aware_lambda_0p10,gaussian_blur,foreground_dice,decrease,0.813254|0.809948|0.803434,fully_monotonic,
segmentation_morphometry,test,20260803,nc_aware_lambda_0p10,gaussian_blur,mean_nc_absolute_error,increase,0.335761|0.325134|0.328199,partially_monotonic,
segmentation_morphometry,test,20260803,nc_aware_lambda_0p10,gaussian_blur,mean_circularity_absolute_error,increase,0.139619|0.135685|0.131869,inconsistent,
segmentation_morphometry,test,20260803,nc_aware_lambda_0p10,gaussian_blur,invalid_nc_rate,increase,0|0|0,partially_monotonic,
segmentation_morphometry,test,20260803,nc_aware_lambda_0p10,gaussian_noise,foreground_dice,decrease,0.813817|0.810796|0.795483,fully_monotonic,
segmentation_morphometry,test,20260803,nc_aware_lambda_0p10,gaussian_noise,mean_nc_absolute_error,increase,0.335707|0.326336|0.34194,partially_monotonic,
segmentation_morphometry,test,20260803,nc_aware_lambda_0p10,gaussian_noise,mean_circularity_absolute_error,increase,0.147135|0.172602|0.223518,fully_monotonic,
segmentation_morphometry,test,20260803,nc_aware_lambda_0p10,gaussian_noise,invalid_nc_rate,increase,0|0|0,partially_monotonic,
segmentation_morphometry,test,20260804,baseline,gaussian_blur,foreground_dice,decrease,0.832871|0.830702|0.824779,fully_monotonic,
segmentation_morphometry,test,20260804,baseline,gaussian_blur,mean_nc_absolute_error,increase,0.257036|0.26188|0.274157,fully_monotonic,
segmentation_morphometry,test,20260804,baseline,gaussian_blur,mean_circularity_absolute_error,increase,0.117206|0.113592|0.116078,partially_monotonic,
segmentation_morphometry,test,20260804,baseline,gaussian_blur,invalid_nc_rate,increase,0|0|0,partially_monotonic,
segmentation_morphometry,test,20260804,baseline,gaussian_noise,foreground_dice,decrease,0.830109|0.817737|0.772953,fully_monotonic,
segmentation_morphometry,test,20260804,baseline,gaussian_noise,mean_nc_absolute_error,increase,0.255296|0.275159|0.346019,fully_monotonic,
segmentation_morphometry,test,20260804,baseline,gaussian_noise,mean_circularity_absolute_error,increase,0.12689|0.164604|0.25436,fully_monotonic,
segmentation_morphometry,test,20260804,baseline,gaussian_noise,invalid_nc_rate,increase,0|0|0,partially_monotonic,
segmentation_morphometry,test,20260804,nc_aware_lambda_0p10,gaussian_blur,foreground_dice,decrease,0.808682|0.807168|0.80282,fully_monotonic,
segmentation_morphometry,test,20260804,nc_aware_lambda_0p10,gaussian_blur,mean_nc_absolute_error,increase,0.301242|0.300817|0.306182,partially_monotonic,
segmentation_morphometry,test,20260804,nc_aware_lambda_0p10,gaussian_blur,mean_circularity_absolute_error,increase,0.128398|0.128909|0.121718,partially_monotonic,
segmentation_morphometry,test,20260804,nc_aware_lambda_0p10,gaussian_blur,invalid_nc_rate,increase,0|0|0,partially_monotonic,
segmentation_morphometry,test,20260804,nc_aware_lambda_0p10,gaussian_noise,foreground_dice,decrease,0.808621|0.802707|0.764046,fully_monotonic,
segmentation_morphometry,test,20260804,nc_aware_lambda_0p10,gaussian_noise,mean_nc_absolute_error,increase,0.294636|0.288317|0.336783,partially_monotonic,
segmentation_morphometry,test,20260804,nc_aware_lambda_0p10,gaussian_noise,mean_circularity_absolute_error,increase,0.141027|0.17335|0.242882,fully_monotonic,
segmentation_morphometry,test,20260804,nc_aware_lambda_0p10,gaussian_noise,invalid_nc_rate,increase,0|0|0,partially_monotonic,
segmentation_morphometry,test,20260805,baseline,gaussian_blur,foreground_dice,decrease,0.829159|0.82743|0.822742,fully_monotonic,
segmentation_morphometry,test,20260805,baseline,gaussian_blur,mean_nc_absolute_error,increase,0.240653|0.245142|0.260541,fully_monotonic,
segmentation_morphometry,test,20260805,baseline,gaussian_blur,mean_circularity_absolute_error,increase,0.121723|0.119551|0.115367,inconsistent,
segmentation_morphometry,test,20260805,baseline,gaussian_blur,invalid_nc_rate,increase,0|0|0,partially_monotonic,
segmentation_morphometry,test,20260805,baseline,gaussian_noise,foreground_dice,decrease,0.826178|0.818175|0.79248,fully_monotonic,
segmentation_morphometry,test,20260805,baseline,gaussian_noise,mean_nc_absolute_error,increase,0.238909|0.254677|0.302266,fully_monotonic,
segmentation_morphometry,test,20260805,baseline,gaussian_noise,mean_circularity_absolute_error,increase,0.121139|0.158393|0.216876,fully_monotonic,
segmentation_morphometry,test,20260805,baseline,gaussian_noise,invalid_nc_rate,increase,0|0|0,partially_monotonic,
segmentation_morphometry,test,20260805,nc_aware_lambda_0p10,gaussian_blur,foreground_dice,decrease,0.811649|0.812543|0.809349,partially_monotonic,
segmentation_morphometry,test,20260805,nc_aware_lambda_0p10,gaussian_blur,mean_nc_absolute_error,increase,0.301704|0.304061|0.315292,fully_monotonic,
segmentation_morphometry,test,20260805,nc_aware_lambda_0p10,gaussian_blur,mean_circularity_absolute_error,increase,0.131585|0.126363|0.123936,inconsistent,
segmentation_morphometry,test,20260805,nc_aware_lambda_0p10,gaussian_blur,invalid_nc_rate,increase,0|0|0,partially_monotonic,
segmentation_morphometry,test,20260805,nc_aware_lambda_0p10,gaussian_noise,foreground_dice,decrease,0.801606|0.746637|0.584244,fully_monotonic,
segmentation_morphometry,test,20260805,nc_aware_lambda_0p10,gaussian_noise,mean_nc_absolute_error,increase,0.314542|0.387243|0.566393,fully_monotonic,
segmentation_morphometry,test,20260805,nc_aware_lambda_0p10,gaussian_noise,mean_circularity_absolute_error,increase,0.164299|0.234811|0.327782,fully_monotonic,
segmentation_morphometry,test,20260805,nc_aware_lambda_0p10,gaussian_noise,invalid_nc_rate,increase,0|0|0,partially_monotonic,
conformal,test,20260803,baseline,gaussian_blur,empirical_coverage,decrease,0.902174|0.896739|0.902174,partially_monotonic,nc
conformal,test,20260803,baseline,gaussian_blur,coverage_gap,decrease,0.00217391|-0.00326087|0.00217391,partially_monotonic,nc
conformal,test,20260803,baseline,gaussian_blur,interval_mean_width,increase,1.71594|1.71594|1.71594,partially_monotonic,nc
conformal,test,20260803,baseline,gaussian_blur,invalid_rate,increase,0|0|0,partially_monotonic,nc
conformal,test,20260803,baseline,gaussian_noise,empirical_coverage,decrease,0.902174|0.88587|0.831522,fully_monotonic,nc
conformal,test,20260803,baseline,gaussian_noise,coverage_gap,decrease,0.00217391|-0.0141304|-0.0684783,fully_monotonic,nc
conformal,test,20260803,baseline,gaussian_noise,interval_mean_width,increase,1.71594|1.71594|1.71594,partially_monotonic,nc
conformal,test,20260803,baseline,gaussian_noise,invalid_rate,increase,0|0|0,partially_monotonic,nc
conformal,test,20260803,baseline,gaussian_blur,empirical_coverage,decrease,0.846154|0.857143|0.868852,inconsistent,circularity
conformal,test,20260803,baseline,gaussian_blur,coverage_gap,decrease,-0.0538462|-0.0428571|-0.0311475,inconsistent,circularity
conformal,test,20260803,baseline,gaussian_blur,interval_mean_width,increase,0.4998|0.4998|0.4998,partially_monotonic,circularity
conformal,test,20260803,baseline,gaussian_blur,invalid_rate,increase,0.0108696|0.0108696|0.00543478,partially_monotonic,circularity
conformal,test,20260803,baseline,gaussian_noise,empirical_coverage,decrease,0.857143|0.674033|0.41573,fully_monotonic,circularity
conformal,test,20260803,baseline,gaussian_noise,coverage_gap,decrease,-0.0428571|-0.225967|-0.48427,fully_monotonic,circularity
conformal,test,20260803,baseline,gaussian_noise,interval_mean_width,increase,0.4998|0.4998|0.4998,partially_monotonic,circularity
conformal,test,20260803,baseline,gaussian_noise,invalid_rate,increase,0.0108696|0.0163043|0.0326087,fully_monotonic,circularity
conformal,test,20260803,nc_aware_lambda_0p10,gaussian_blur,empirical_coverage,decrease,0.831522|0.836957|0.831522,partially_monotonic,nc
conformal,test,20260803,nc_aware_lambda_0p10,gaussian_blur,coverage_gap,decrease,-0.0684783|-0.0630435|-0.0684783,partially_monotonic,nc
conformal,test,20260803,nc_aware_lambda_0p10,gaussian_blur,interval_mean_width,increase,1.20509|1.20509|1.20509,partially_monotonic,nc
conformal,test,20260803,nc_aware_lambda_0p10,gaussian_blur,invalid_rate,increase,0|0|0,partially_monotonic,nc
conformal,test,20260803,nc_aware_lambda_0p10,gaussian_noise,empirical_coverage,decrease,0.836957|0.842391|0.842391,partially_monotonic,nc
conformal,test,20260803,nc_aware_lambda_0p10,gaussian_noise,coverage_gap,decrease,-0.0630435|-0.0576087|-0.0576087,partially_monotonic,nc
conformal,test,20260803,nc_aware_lambda_0p10,gaussian_noise,interval_mean_width,increase,1.20509|1.20509|1.20509,partially_monotonic,nc
conformal,test,20260803,nc_aware_lambda_0p10,gaussian_noise,invalid_rate,increase,0|0|0,partially_monotonic,nc
conformal,test,20260803,nc_aware_lambda_0p10,gaussian_blur,empirical_coverage,decrease,0.851648|0.846154|0.857143,partially_monotonic,circularity
conformal,test,20260803,nc_aware_lambda_0p10,gaussian_blur,coverage_gap,decrease,-0.0483516|-0.0538462|-0.0428571,partially_monotonic,circularity
conformal,test,20260803,nc_aware_lambda_0p10,gaussian_blur,interval_mean_width,increase,0.476954|0.476954|0.476954,partially_monotonic,circularity
conformal,test,20260803,nc_aware_lambda_0p10,gaussian_blur,invalid_rate,increase,0.0108696|0.0108696|0.0108696,partially_monotonic,circularity
conformal,test,20260803,nc_aware_lambda_0p10,gaussian_noise,empirical_coverage,decrease,0.818681|0.78022|0.659341,fully_monotonic,circularity
conformal,test,20260803,nc_aware_lambda_0p10,gaussian_noise,coverage_gap,decrease,-0.0813187|-0.11978|-0.240659,fully_monotonic,circularity
conformal,test,20260803,nc_aware_lambda_0p10,gaussian_noise,interval_mean_width,increase,0.476954|0.476954|0.476954,partially_monotonic,circularity
conformal,test,20260803,nc_aware_lambda_0p10,gaussian_noise,invalid_rate,increase,0.0108696|0.0108696|0.0108696,partially_monotonic,circularity
conformal,test,20260804,baseline,gaussian_blur,empirical_coverage,decrease,0.896739|0.891304|0.88587,fully_monotonic,nc
conformal,test,20260804,baseline,gaussian_blur,coverage_gap,decrease,-0.00326087|-0.00869565|-0.0141304,fully_monotonic,nc
conformal,test,20260804,baseline,gaussian_blur,interval_mean_width,increase,1.25267|1.25267|1.25267,partially_monotonic,nc
conformal,test,20260804,baseline,gaussian_blur,invalid_rate,increase,0|0|0,partially_monotonic,nc
conformal,test,20260804,baseline,gaussian_noise,empirical_coverage,decrease,0.88587|0.88587|0.858696,partially_monotonic,nc
conformal,test,20260804,baseline,gaussian_noise,coverage_gap,decrease,-0.0141304|-0.0141304|-0.0413043,partially_monotonic,nc
conformal,test,20260804,baseline,gaussian_noise,interval_mean_width,increase,1.25267|1.25267|1.25267,partially_monotonic,nc
conformal,test,20260804,baseline,gaussian_noise,invalid_rate,increase,0|0|0,partially_monotonic,nc
conformal,test,20260804,baseline,gaussian_blur,empirical_coverage,decrease,0.902174|0.896739|0.885246,fully_monotonic,circularity
conformal,test,20260804,baseline,gaussian_blur,coverage_gap,decrease,0.00217391|-0.00326087|-0.0147541,fully_monotonic,circularity
conformal,test,20260804,baseline,gaussian_blur,interval_mean_width,increase,0.499222|0.499222|0.499222,partially_monotonic,circularity
conformal,test,20260804,baseline,gaussian_blur,invalid_rate,increase,0|0|0.00543478,partially_monotonic,circularity
conformal,test,20260804,baseline,gaussian_noise,empirical_coverage,decrease,0.880435|0.820652|0.586957,fully_monotonic,circularity
conformal,test,20260804,baseline,gaussian_noise,coverage_gap,decrease,-0.0195652|-0.0793478|-0.313043,fully_monotonic,circularity
conformal,test,20260804,baseline,gaussian_noise,interval_mean_width,increase,0.499222|0.499222|0.499222,partially_monotonic,circularity
conformal,test,20260804,baseline,gaussian_noise,invalid_rate,increase,0|0|0,partially_monotonic,circularity
conformal,test,20260804,nc_aware_lambda_0p10,gaussian_blur,empirical_coverage,decrease,0.847826|0.847826|0.853261,partially_monotonic,nc
conformal,test,20260804,nc_aware_lambda_0p10,gaussian_blur,coverage_gap,decrease,-0.0521739|-0.0521739|-0.0467391,partially_monotonic,nc
conformal,test,20260804,nc_aware_lambda_0p10,gaussian_blur,interval_mean_width,increase,1.23976|1.23976|1.23976,partially_monotonic,nc
conformal,test,20260804,nc_aware_lambda_0p10,gaussian_blur,invalid_rate,increase,0|0|0,partially_monotonic,nc
conformal,test,20260804,nc_aware_lambda_0p10,gaussian_noise,empirical_coverage,decrease,0.858696|0.869565|0.880435,inconsistent,nc
conformal,test,20260804,nc_aware_lambda_0p10,gaussian_noise,coverage_gap,decrease,-0.0413043|-0.0304348|-0.0195652,inconsistent,nc
conformal,test,20260804,nc_aware_lambda_0p10,gaussian_noise,interval_mean_width,increase,1.23976|1.23976|1.23976,partially_monotonic,nc
conformal,test,20260804,nc_aware_lambda_0p10,gaussian_noise,invalid_rate,increase,0|0|0,partially_monotonic,nc
conformal,test,20260804,nc_aware_lambda_0p10,gaussian_blur,empirical_coverage,decrease,0.857143|0.84153|0.863388,partially_monotonic,circularity
conformal,test,20260804,nc_aware_lambda_0p10,gaussian_blur,coverage_gap,decrease,-0.0428571|-0.0584699|-0.036612,partially_monotonic,circularity
conformal,test,20260804,nc_aware_lambda_0p10,gaussian_blur,interval_mean_width,increase,0.471045|0.471045|0.471045,partially_monotonic,circularity
conformal,test,20260804,nc_aware_lambda_0p10,gaussian_blur,invalid_rate,increase,0.0108696|0.00543478|0.00543478,partially_monotonic,circularity
conformal,test,20260804,nc_aware_lambda_0p10,gaussian_noise,empirical_coverage,decrease,0.82967|0.737705|0.557377,fully_monotonic,circularity
conformal,test,20260804,nc_aware_lambda_0p10,gaussian_noise,coverage_gap,decrease,-0.0703297|-0.162295|-0.342623,fully_monotonic,circularity
conformal,test,20260804,nc_aware_lambda_0p10,gaussian_noise,interval_mean_width,increase,0.471045|0.471045|0.471045,partially_monotonic,circularity
conformal,test,20260804,nc_aware_lambda_0p10,gaussian_noise,invalid_rate,increase,0.0108696|0.00543478|0.00543478,partially_monotonic,circularity
conformal,test,20260805,baseline,gaussian_blur,empirical_coverage,decrease,0.88587|0.891304|0.88587,partially_monotonic,nc
conformal,test,20260805,baseline,gaussian_blur,coverage_gap,decrease,-0.0141304|-0.00869565|-0.0141304,partially_monotonic,nc
conformal,test,20260805,baseline,gaussian_blur,interval_mean_width,increase,1.23527|1.23527|1.23527,partially_monotonic,nc
conformal,test,20260805,baseline,gaussian_blur,invalid_rate,increase,0|0|0,partially_monotonic,nc
conformal,test,20260805,baseline,gaussian_noise,empirical_coverage,decrease,0.891304|0.88587|0.86413,fully_monotonic,nc
conformal,test,20260805,baseline,gaussian_noise,coverage_gap,decrease,-0.00869565|-0.0141304|-0.0358696,fully_monotonic,nc
conformal,test,20260805,baseline,gaussian_noise,interval_mean_width,increase,1.23527|1.23527|1.23527,partially_monotonic,nc
conformal,test,20260805,baseline,gaussian_noise,invalid_rate,increase,0|0|0,partially_monotonic,nc
conformal,test,20260805,baseline,gaussian_blur,empirical_coverage,decrease,0.902174|0.891304|0.907609,partially_monotonic,circularity
conformal,test,20260805,baseline,gaussian_blur,coverage_gap,decrease,0.00217391|-0.00869565|0.0076087,partially_monotonic,circularity
conformal,test,20260805,baseline,gaussian_blur,interval_mean_width,increase,0.497867|0.497867|0.497867,partially_monotonic,circularity
conformal,test,20260805,baseline,gaussian_blur,invalid_rate,increase,0|0|0,partially_monotonic,circularity
conformal,test,20260805,baseline,gaussian_noise,empirical_coverage,decrease,0.875|0.842391|0.646739,fully_monotonic,circularity
conformal,test,20260805,baseline,gaussian_noise,coverage_gap,decrease,-0.025|-0.0576087|-0.253261,fully_monotonic,circularity
conformal,test,20260805,baseline,gaussian_noise,interval_mean_width,increase,0.497867|0.497867|0.497867,partially_monotonic,circularity
conformal,test,20260805,baseline,gaussian_noise,invalid_rate,increase,0|0|0,partially_monotonic,circularity
conformal,test,20260805,nc_aware_lambda_0p10,gaussian_blur,empirical_coverage,decrease,0.875|0.875|0.869565,partially_monotonic,nc
conformal,test,20260805,nc_aware_lambda_0p10,gaussian_blur,coverage_gap,decrease,-0.025|-0.025|-0.0304348,partially_monotonic,nc
conformal,test,20260805,nc_aware_lambda_0p10,gaussian_blur,interval_mean_width,increase,1.43854|1.43854|1.43854,partially_monotonic,nc
conformal,test,20260805,nc_aware_lambda_0p10,gaussian_blur,invalid_rate,increase,0|0|0,partially_monotonic,nc
conformal,test,20260805,nc_aware_lambda_0p10,gaussian_noise,empirical_coverage,decrease,0.875|0.847826|0.744565,fully_monotonic,nc
conformal,test,20260805,nc_aware_lambda_0p10,gaussian_noise,coverage_gap,decrease,-0.025|-0.0521739|-0.155435,fully_monotonic,nc
conformal,test,20260805,nc_aware_lambda_0p10,gaussian_noise,interval_mean_width,increase,1.43854|1.43854|1.43854,partially_monotonic,nc
conformal,test,20260805,nc_aware_lambda_0p10,gaussian_noise,invalid_rate,increase,0|0|0,partially_monotonic,nc
conformal,test,20260805,nc_aware_lambda_0p10,gaussian_blur,empirical_coverage,decrease,0.901639|0.907104|0.896175,partially_monotonic,circularity
conformal,test,20260805,nc_aware_lambda_0p10,gaussian_blur,coverage_gap,decrease,0.00163934|0.00710383|-0.00382514,partially_monotonic,circularity
conformal,test,20260805,nc_aware_lambda_0p10,gaussian_blur,interval_mean_width,increase,0.547752|0.547752|0.547752,partially_monotonic,circularity
conformal,test,20260805,nc_aware_lambda_0p10,gaussian_blur,invalid_rate,increase,0.00543478|0.00543478|0.00543478,partially_monotonic,circularity
conformal,test,20260805,nc_aware_lambda_0p10,gaussian_noise,empirical_coverage,decrease,0.825137|0.693989|0.473054,fully_monotonic,circularity
conformal,test,20260805,nc_aware_lambda_0p10,gaussian_noise,coverage_gap,decrease,-0.0748634|-0.206011|-0.426946,fully_monotonic,circularity
conformal,test,20260805,nc_aware_lambda_0p10,gaussian_noise,interval_mean_width,increase,0.547752|0.547752|0.547752,partially_monotonic,circularity
conformal,test,20260805,nc_aware_lambda_0p10,gaussian_noise,invalid_rate,increase,0.00543478|0.00543478|0.0923913,partially_monotonic,circularity
