seed,cell_id,class,delta_nc_error,delta_foreground_dice,delta_nucleus_dice,delta_cytoplasm_dice,delta_circularity_error,delta_nucleus_area_error,delta_cytoplasm_area_error,baseline_nc_error,nc_aware_nc_error,baseline_foreground_dice,nc_aware_foreground_dice
20260803,148497676-148497704-001,light_dysplastic,0.02885539750813826,0.0006889214173243507,-0.016004717590325068,0.01738256042497377,-0.022958138876021272,106.0,216.0,0.0552493592584018,0.08410475676654006,0.9345988576394116,0.935287779056736
20260803,148499274-148499302-001,light_dysplastic,0.0086909680888283,-0.0013241852031815604,0.014895578063317871,-0.017543948469680992,-0.01700064251270994,35.0,77.0,0.01996403153977283,0.02865499962860113,0.9273012316128402,0.9259770464096586
20260803,148499383-148499424-002,light_dysplastic,0.11990479222024986,-0.04355003135471369,-0.05095897847580888,-0.03614108423361828,-0.01314015138582536,511.0,849.0,0.09744261750424013,0.21734740972449,0.8767689597019959,0.8332189283472822
20260803,148500154-148500165-001,light_dysplastic,0.12032262328398793,-0.0506632845540389,-0.0790714363400481,-0.022255132768029595,0.14609652949861507,1100.0,1036.0,0.21571661340742063,0.33603923669140856,0.7804345047464043,0.7297712201923654
20260803,148503400-148503424-001,light_dysplastic,-0.007677277270854044,0.04687742576571563,0.06920515806146688,0.024549693469964273,0.07978618803115112,-735.0,530.0,0.03139210913080401,0.023714831859949964,0.8640759769707484,0.9109534027364641
20260803,148503900-148503914-001,light_dysplastic,0.44117165161612115,-0.0699964011976455,-0.006166944729093737,-0.13382585766619726,0.014143629584231876,71.0,1613.0,0.18430238415203226,0.6254740357681534,0.8256467710072357,0.7556503698095902
20260803,148719308-148719348-002,light_dysplastic,0.02997218940690005,-0.016180021937960865,-0.00041738015472181367,-0.031942663721199915,-0.0020957636538907476,-37.0,285.0,0.0933907784277569,0.12336296783465694,0.9366223699788752,0.9204423480409143
20260803,148881729-148881744-001,light_dysplastic,-0.03764214675058762,0.1048823050364236,0.15059298096269924,0.05917162911014795,-0.10750914498096087,-1522.0,-715.0,0.05052101120618942,0.012878864455601796,0.8232338451365762,0.9281161501729998
20260803,148884702-148884710-002,light_dysplastic,0.1704669461696283,-0.07423791419962311,-0.11433527167244151,-0.03414055672680483,0.2512011076775221,1958.0,5141.0,0.1193565875884817,0.28982353375811,0.7686745467439192,0.6944366325442961
20260803,149014929-149015008-002,moderate_dysplastic,0.28247732472473797,0.004648639598355819,-0.008244845714055815,0.01754212491076751,-0.09560956638327023,97.0,-1783.0,0.23744931000666014,0.5199266347313981,0.5439700883922824,0.5486187279906383
20260803,149053423-149053447-001,light_dysplastic,0.03146392103850765,0.0026903287778911045,-0.0023450950002940063,0.007725752556076215,0.021702421392169158,250.0,241.0,0.06632171893854344,0.09778563997705109,0.8984793526924101,0.9011696814703012
20260803,149054526-149054563-001,light_dysplastic,0.3048463052504773,0.005341579694805421,-0.031118459892281236,0.04180161928189219,-0.2062897547838023,407.0,-1570.0,0.178573596997819,0.4834199022482963,0.6353824906750976,0.640724070369903
20260803,149056321-149056360-003,severe_dysplastic,0.05697242459644547,-0.019938835523235943,0.006586979753765987,-0.04646465080023787,-0.015310008902582273,-56.0,1564.0,0.030358089998692217,0.08733051459513769,0.9420224155186188,0.9220835799953828
20260803,149056410-149056458-005,severe_dysplastic,0.09480341518014845,-0.023779159985274356,-0.02530776904049392,-0.02225055093005479,0.0861345611572818,2.0,97.0,0.010956377100019843,0.1057597922801683,0.8742976137981688,0.8505184538128945
20260803,149056785-149056813-002,severe_dysplastic,0.09804997130594095,-0.008604129343299238,0.0080879914953641,-0.025296250181962354,-0.0024794406460491025,-63.0,476.0,0.03228752452138273,0.13033749582732368,0.9300720363735946,0.9214679070302954
20260803,149056933-149056982-005,severe_dysplastic,-0.10597910711138836,0.05369883459143099,0.04047348999684419,0.0669241791860179,0.01274717621257837,-212.0,-769.0,0.16473118468036207,0.058752077568973715,0.8366971104320253,0.8903959450234563
20260803,149057164-149057197-001,severe_dysplastic,-0.08137134540274338,-0.051051765323571696,-0.025067807521988672,-0.07703572312515472,-0.055093248237690795,272.0,-892.0,0.4253852260220514,0.34401388061930804,0.7409611058287519,0.6899093405051802
20260803,149057812-149057847-002,moderate_dysplastic,-0.25393128984142255,0.06836049902807495,0.04343577609712246,0.09328522195902755,0.006082070903847159,-346.0,-1117.0,0.5085997327167434,0.25466844287532087,0.7860307215036221,0.854391220531697
20260803,149058262-149058288-001,moderate_dysplastic,0.09292335192144591,-0.012674041828362959,-0.035723504884910384,0.010375421228184578,-0.0024630419461023623,213.0,-203.0,0.07827597606591735,0.17119932798736326,0.8308073873555584,0.8181333455271954
20260803,149058262-149058288-003,moderate_dysplastic,-0.03435057508369674,0.010585631949909247,-0.00323792820746982,0.024409192107288313,-0.016230435301980206,-131.0,-856.0,0.10215082412058926,0.06780024903689252,0.890476008078557,0.9010616400284662
20260803,149059215-149059228-001,light_dysplastic,-0.013594302705860858,0.014494953359019958,-0.010239259708543114,0.03922916642658281,-0.05194422498772555,41.0,-3563.0,0.05609351116354386,0.042499208457683,0.8445404068659446,0.8590353602249645
20260803,149061548-149061568-002,severe_dysplastic,0.007848679777612833,-0.017187321365319974,0.005070813553126219,-0.03944545628376617,-0.01635872521389803,-84.0,41.0,0.1846856269452063,0.19253430672281913,0.9087633340839516,0.8915760127186316
20260803,149061666-149061699-001,moderate_dysplastic,-0.19763989533011275,0.06704750309399221,-0.032937459516584444,0.16703246570456876,0.22001278360033094,243.0,-4404.0,0.22385697395204837,0.02621707862193562,0.8201923291533322,0.8872398322473244
20260803,149061666-149061726-001,light_dysplastic,-0.0786018293304844,0.04030080413345849,-0.0013303401056122821,0.08193194837252926,-0.014610658697371215,4.0,-2407.0,0.15804368493691637,0.07944185560643197,0.8553765501452752,0.8956773542787337
20260803,149062593-149062608-001,moderate_dysplastic,0.5350967875301227,0.04127018508752678,0.016631118876923145,0.06590925129813063,-0.00498350513591983,-213.0,1319.0,0.3095896447851755,0.8446864323152982,0.759640862652118,0.8009110477396448
20260803,149096927-149096943-002,severe_dysplastic,0.014913114931553562,-0.026340073176891687,-0.08237597389785689,0.029695827544073516,0.05996417937544585,334.0,-867.0,1.6088998526969542,1.6238129676285078,0.5554409347825234,0.5291008616056317
20260803,149099398-149099421-001,light_dysplastic,-0.063122867801854,-0.04173810722585025,0.013546493056584619,-0.09702270750828501,0.030304056429600323,-187.0,-8855.0,0.07891067223642517,0.015787804434571173,0.8606667457851067,0.8189286385592565
20260803,149099502-149099544-001,moderate_dysplastic,-0.026249215590666952,0.046714660024557375,0.05523907863114008,0.03819024141797456,0.05422120136538089,-915.0,1205.0,0.2129822310712794,0.18673301548061244,0.7973017669993512,0.8440164270239086
20260803,149101620-149101650-002,moderate_dysplastic,-0.058772488367609954,0.024180992542415125,-0.0036814074396069874,0.05204339252443724,0.0030997104436295553,93.0,-768.0,0.20855583289041113,0.14978334452280118,0.8763297991995391,0.9005107917419543
20260803,149102510-149102527-003,moderate_dysplastic,-0.0334684928783896,-0.030207419986266637,-0.014471064872131567,-0.045943775100401596,-0.07281268931413776,108.0,-727.0,0.10709199166714256,0.07362349878875296,0.8920268025188735,0.8618193825326068
20260803,149105131-149105155-002,severe_dysplastic,0.34193034327634586,-0.05270209866026487,-0.056090824683378226,-0.04931337263715141,-0.01842360097227702,436.0,593.0,0.009195006127450944,0.3511253494037968,0.9227267669792982,0.8700246683190334
20260803,149105131-149105155-003,severe_dysplastic,0.8723561199693277,-0.11534636736756576,-0.08599493800967362,-0.14469779672545802,0.0029761324830300806,333.0,520.0,0.5338627099196172,1.4062188298889449,0.7331417513428015,0.6177953839752357
20260803,149105131-149105205-002,moderate_dysplastic,0.0400203006028193,-0.0404585426722428,-0.07855456367920899,-0.002362521665276618,0.25865005019067017,489.0,-534.0,0.15492566855213213,0.19494596915495144,0.8693644479820951,0.8289059053098523
20260803,149143370-149143378-002,carcinoma_in_situ,0.09577211603813729,0.08021399144201735,0.029822354603589285,0.13060562828044534,-0.06364957105505448,-230.0,-377.0,0.0425043840940329,0.1382765001321702,0.5025643027601728,0.5827782942021902
20260803,149143469-149143479-002,severe_dysplastic,-0.277123570428288,0.17448927907485434,0.12039106980895875,0.22858748834074993,-0.06366855015214334,344.0,-4744.0,0.34028500767525155,0.06316143724696355,0.6887211361588814,0.8632104152337358
20260803,149146635-149146651-001,carcinoma_in_situ,-0.720928611760512,-0.007918661291295703,-0.030127019895922258,0.01428969731333074,0.00014790168760026035,167.0,-1519.0,0.7563289178837458,0.03540030612323375,0.777713645157198,0.7697949838659023
20260803,149146886-149146936-002,carcinoma_in_situ,-0.6065452475811042,-0.03533494414703042,-0.015362445799008917,-0.05530744249505182,-0.021752694360675395,117.0,-753.0,0.8422606959969898,0.23571544841588565,0.8256975343914691,0.7903625902444387
20260803,149147848-149147864-001,carcinoma_in_situ,-0.3147706665610175,0.19673497228197678,0.2309770162679815,0.16249292829597206,-0.10767972972264872,-1154.0,-2718.0,0.4274463555932234,0.11267568903220593,0.6597516615107203,0.8564866337926971
20260803,149148124-149148181-001,carcinoma_in_situ,-0.13576078552822013,-0.00727512650766271,0.0029654163406650502,-0.01751566935599047,-0.027392606347036996,-294.0,-969.0,0.14291904062551564,0.007158255097295507,0.8915952023139115,0.8843200758062488
20260803,149148124-149148181-004,carcinoma_in_situ,0.272380258679048,-0.02121612137900364,-0.004646967693925141,-0.037785275064082136,-0.03390023316965929,89.0,514.0,0.12725209415508443,0.39963235283413245,0.8778076240009866,0.8565915026219829
20260803,149181806-149181819-002,severe_dysplastic,-0.327034199982557,0.025315140566200878,0.001047409977042335,0.04958287115535953,0.006161328309715386,93.0,-3552.0,0.3669010704904856,0.03986687050792859,0.8780277562521142,0.903342896818315
20260803,149182550-149182571-003,carcinoma_in_situ,-0.02191905154685425,0.03349579242930889,0.0026872986223480666,0.06430428623626983,-0.00791550320917922,-61.0,-937.0,0.15273383733760582,0.13081478579075156,0.8871737694065824,0.9206695618358913
20260803,149182550-149182608-002,carcinoma_in_situ,-0.14260031603625745,-0.06714292876746364,-0.1244815821378511,-0.009804275397076179,-0.005576715070440219,704.0,-912.0,0.4769223474455029,0.33432203140924543,0.79516468772583,0.7280217589583664
20260803,149182550-149182608-005,carcinoma_in_situ,0.49337558537890525,-0.015120409328620465,-0.013056500101646051,-0.01718431855559477,-0.044735657974833476,220.0,177.0,0.059874012598740256,0.5532495979776455,0.8083895274914336,0.7932691181628131
20260803,149182657-149182667-002,carcinoma_in_situ,-0.13694547069991908,0.06872574861417546,0.0166197849452292,0.12083171228312184,0.003650500484611241,-124.0,-1169.0,0.353603108823176,0.21665763812325695,0.7992623066617619,0.8679880552759374
20260803,149185405-149185423-002,carcinoma_in_situ,0.08442540899356565,-0.025395313326045832,-0.022606156061700133,-0.028184470590391586,-0.024909784879819763,179.0,117.0,4.10044038957141,4.184865798564975,0.6397063398352069,0.614311026509161
20260803,149185604-149185629-001,carcinoma_in_situ,-0.32537012221465544,-0.002413907078846478,0.0007844877310593246,-0.00561230188875228,-0.020147026700973125,-6.0,-888.0,1.6012384155299788,1.2758682933153234,0.7401185627955661,0.7377046557167196
20260803,149185698-149185721-004,carcinoma_in_situ,-0.8473186495846394,0.03370956529180957,0.044394840242681255,0.023024290340938003,-0.018309542106774823,-248.0,-746.0,1.1194112490829102,0.2720925994982708,0.7660182298066118,0.7997277950984214
20260803,149185850-149185864-001,carcinoma_in_situ,-0.3924551919091215,0.05934485196684758,0.04657030571938048,0.07211939821431468,-0.003340108820091614,-575.0,-986.0,0.47071759667196544,0.07826240476284396,0.8328861315676837,0.8922309835345312
20260803,149187049-149187073-001,carcinoma_in_situ,-0.49218219733440915,0.013768749711673745,0.02045659938590938,0.007080900037438109,0.0026922355359684236,-115.0,-294.0,0.601366131439639,0.10918393410522986,0.8462767567943346,0.8600455065060083
20260803,149315229-149315291-003,severe_dysplastic,-0.5986679736060885,0.05249827590909395,-0.0009739986714428772,0.10597055048963067,-0.011263476364867131,-42.0,-1540.0,0.7999194415263264,0.20125146792023796,0.8078532883872149,0.8603515642963089
20260803,149315960-149315967-001,moderate_dysplastic,-0.016616054990340468,0.2382176768755595,0.12184563365720569,0.3545897200939133,-0.24387538730955205,-2321.0,-3773.0,0.18301890552230338,0.1664028505319629,0.6063936486567325,0.844611325532292
20260803,149316117-149316122-002,carcinoma_in_situ,0.21797108462887893,-0.0029272738584668057,-0.006991686201581415,0.001137138484647915,-0.01153852101422137,86.0,170.0,0.42468135463436707,0.642652439263246,0.7610735423025053,0.7581462684440385
20260803,149316426-149316462-001,carcinoma_in_situ,-0.16825827674942384,0.02724561000500003,0.014576656938861676,0.0399145630711385,-0.004912645140305316,2.0,-243.0,0.263514443732346,0.09525616698292216,0.8397192878043942,0.8669648978093942
20260803,149317002-149317010-001,severe_dysplastic,0.28692821415058045,-0.07009920396528724,-0.05076684263074105,-0.08943156529983332,0.13004332468448976,184.0,181.0,0.050919044675218794,0.33784725882579925,0.9100633247224008,0.8399641207571136
20260803,149317114-149317152-004,carcinoma_in_situ,-0.08756180136104452,-0.008857212302024964,0.018593130779392286,-0.0363075553834421,-0.001502468833591064,-49.0,7.0,0.17163788719385265,0.08407608583280812,0.9103310114286625,0.9014737991266375
20260803,149317204-149317230-001,severe_dysplastic,-0.06111425576096696,0.0018032176734531502,0.0293986267502776,-0.02579219140337141,0.002520183664809439,-122.0,100.0,0.3121787346285092,0.25106447886754224,0.8597560097232331,0.8615592273966862
20260803,149788716-149788727-003,light_dysplastic,0.0692769048819879,0.010733526326730858,0.055733259135176794,-0.03426620648171497,0.008465027400150316,-329.0,637.0,0.0031671842904740233,0.07244408917246192,0.8884807718008083,0.8992142981275392
20260803,153276386-153276405-004,moderate_dysplastic,-0.06521333721483724,0.012221485681896849,0.006465467829026905,0.017977503534766792,-0.005331071259569997,-27.0,-2124.0,0.11673438622892085,0.05152104901408361,0.867245271111116,0.8794667567930129
20260803,153314759-153314767-002,light_dysplastic,-0.09738824213336489,0.022992943892233053,-0.017730537945850555,0.06371642573031677,0.006351352031288782,122.0,-1758.0,0.2298761259821432,0.1324878838487783,0.8639795015146903,0.8869724454069233
20260803,153314857-153314882-002,light_dysplastic,-0.04844372765424998,0.08195408134096116,0.09845417975024551,0.06545398293167692,-0.10106865823446054,-1395.0,-930.0,0.07680915622139395,0.02836542856714397,0.8131891411129486,0.8951432224539098
20260803,153314956-153314985-001,severe_dysplastic,-0.3376179434454798,0.03192660307451611,0.029792664346358966,0.03406054180267326,0.03442856682998152,-234.0,-472.0,0.3408177170563593,0.0031997736108795305,0.8339812794677989,0.865907882542315
20260803,153315615-153315624-002,severe_dysplastic,-0.19433657135459292,0.09112678461331736,0.0001291694922680442,0.18212439973436678,-0.01595166620793076,-8.0,-2948.0,0.6279508154240876,0.43361424406949467,0.7751888868513486,0.8663156714646659
20260803,153354589-153354597-001,light_dysplastic,0.13140599903241412,0.00021851636532910224,-0.020391003054993084,0.0208280357856514,-0.04430664967303749,1153.0,1220.0,0.10049288203103296,0.23189888106344708,0.8105684699263092,0.8107869862916383
20260803,153654325-153654351-002,severe_dysplastic,-0.06394590867833844,0.024129839187332136,0.0021672118110488414,0.04609246656361532,-0.054876384271675294,122.0,-784.0,0.1753228332408921,0.11137692456255366,0.8646912428419053,0.8888210820292375
20260803,153654325-153654360-003,severe_dysplastic,-0.15469465985910352,0.16519932335135767,0.1826985973903712,0.14770004931234404,0.15380579157500085,-506.0,-3811.0,0.27566551898558445,0.12097085912648092,0.654856743572709,0.8200560669240666
20260803,153657257-153657289-002,light_dysplastic,-0.3346844931272275,0.12756542953376315,0.14724185174701399,0.10788900732051221,-0.17973243678224515,-1751.0,-699.0,0.41955878940383406,0.08487429627660659,0.8167327051030553,0.9442981346368184
20260803,153657698-153657708-001,light_dysplastic,0.013791900272284385,0.031064342642704634,0.023251050883711377,0.03887763440169778,-0.3317491764090599,-498.0,-3338.0,0.001645320439757736,0.015437220712042121,0.8789673951417738,0.9100317377844784
20260803,153659229-153659243-003,severe_dysplastic,-0.07356335589610441,-0.004708176959062338,0.004539756101139325,-0.013956110019264,-0.00020373832699382977,-19.0,116.0,0.14329519954508485,0.06973184364898044,0.8741254812231798,0.8694173042641175
20260803,153697342-153697366-001,moderate_dysplastic,-0.13316797007336445,-0.014990799606578786,0.02814787927940443,-0.058129478492562225,-0.007148615104834,-208.0,-593.0,0.19506223002616907,0.06189425995280462,0.9109373985290428,0.895946598922464
20260803,153701139-153701148-001,light_dysplastic,-0.02039504129958497,0.0121261033203931,-0.009784443406502752,0.03403665004728884,0.007443510802467412,60.0,-1981.0,0.035759749971479904,0.015364708671894933,0.9466075695401971,0.9587336728605902
20260803,153826963-153826976-001,severe_dysplastic,0.10983213980911988,-0.2101909190509439,-0.2143875667880717,-0.2059942713138163,0.4563921231107572,1201.0,465.0,0.034276574401544746,0.14410871421066462,0.9139314638983262,0.7037405448473824
20260803,153827595-153827664-001,carcinoma_in_situ,0.06785044101791904,0.03202843263119348,0.010752659520217756,0.053304205742168986,-0.02444661998905706,27.0,-139.0,0.40589471798080545,0.4737451589987245,0.8288921238530247,0.8609205564842182
20260803,153828877-153828897-001,severe_dysplastic,-0.1085623848656691,0.006071216496046361,0.007643060570263205,0.004499372421829406,0.024231143313378944,-7.0,-620.0,0.20723079450242704,0.09866840963675794,0.8241875766103699,0.8302587931064163
20260803,153829063-153829073-001,severe_dysplastic,0.15323649397169992,0.01697174208338914,0.012840927920463874,0.021102556246314297,0.011211336437967345,-35.0,157.0,0.4792820294928577,0.6325185234645576,0.8496895989328498,0.8666613410162389
20260803,153829063-153829073-002,severe_dysplastic,0.06997194583005428,-0.21628287137533742,-0.11785033874789363,-0.31471540400278114,-0.05151826866776099,455.0,208.0,0.158318956652576,0.2282909024826303,0.8825410158806495,0.6662581445053121
20260803,153829664-153829678-001,moderate_dysplastic,-0.18279169352410074,0.032135949352926185,0.034739261372181196,0.029532637333671174,-0.012355781932640864,-439.0,-1581.0,0.4322071345338131,0.24941544100971236,0.8136101547408893,0.8457461040938155
20260803,153831426-153831438-001,carcinoma_in_situ,-0.9794079543982379,0.06361550474537592,0.03035994884897586,0.09687106064177586,0.10924115156753944,-273.0,-491.0,4.731976618315652,3.7525686639174145,0.6726215194934162,0.7362370242387921
20260803,153831471-153831479-001,carcinoma_in_situ,0.803472626338201,-0.02578258923103005,0.04466713978514636,-0.09623231824720635,-0.039154895612722895,-258.0,218.0,0.047280602489561785,0.8507532288277628,0.8631968862812588,0.8374142970502287
20260803,153915316-153915330-003,severe_dysplastic,0.14743784078594246,-0.05925577219185496,-0.04094978527524773,-0.07756175910846208,-0.048839085939618165,283.0,1156.0,0.15548457395729282,0.3029224147432353,0.8824280784020602,0.8231723062102052
20260803,153956040-153956058-006,normal_columnar,-0.07902961558691685,0.005509484862664893,-0.025649400009292167,0.03666836973462195,-0.037447014310717286,79.0,-1049.0,0.0893300117049074,0.010300396117990551,0.7779145424878045,0.7834240273504693
20260803,153956444-153956458-001,normal_columnar,-0.10906448201606811,-0.04772850255741601,-0.11288368016349848,0.01742667504866635,0.01117864084737008,-101.0,-2017.0,0.2634681493557483,0.1544036673396802,0.7441919283565168,0.6964634257991008
20260803,153956444-153956458-003,normal_columnar,-0.3604158018514303,0.11289641015505336,0.1502724198151706,0.07552040049493625,-0.009339060136074884,-183.0,-1295.0,0.4580890742907263,0.09767327243929602,0.6840489817681461,0.7969453919231995
20260803,153958345-153958364-001,normal_columnar,0.22088884091115057,-0.04143900938304279,-0.03386758526773326,-0.04901043349835221,0.036489080153361386,25.0,139.0,0.02156264316705747,0.24245148407820805,0.8511742007299206,0.8097351913468778
20260803,153958547-153958572-003,normal_columnar,0.16186299081035926,-0.014723970067427206,-0.011878160820447348,-0.017569779314407175,0.005410525517792197,23.0,228.0,0.19626760270842847,0.35813059351878773,0.8354110742276779,0.8206871041602507
20260803,153958547-153958572-004,normal_columnar,-0.3035054726418025,0.031303526099578316,0.021104913337688935,0.041502138861467586,0.02255946652822227,-100.0,-303.0,0.4499029228105158,0.1463974501687133,0.8551382167473236,0.8864417428469019
20260803,157181146-157181197-003,normal_columnar,-0.13767442432675503,-0.017019877929146388,0.005746424612930845,-0.03978618047122362,-0.09430620049546745,-22.0,211.0,0.14142580003586513,0.003751375709110105,0.8472262798775122,0.8302064019483658
20260803,157181387-157181418-001,normal_superficiel,-0.0004275431332082195,0.08503539918944514,0.14689331397505323,0.023177484403837156,0.047801808228951304,-216.0,-13906.0,0.002452892556047701,0.0020253494228394814,0.7932411826889535,0.8782765818783986
20260803,157183412-157183656-001,normal_intermediate,0.023986730609369178,-0.11181918896807042,-0.22295099753908276,-0.0006873803970581793,0.03374316943857736,717.0,266.0,0.0022086323568287665,0.026195362966197944,0.9504532745354002,0.8386340855673298
20260803,157183828-157183887-001,normal_intermediate,-0.0018678195859955574,0.022229082153473856,0.0070310308366241525,0.03742713347032356,0.007449657414830502,-26.0,-5442.0,0.0028461772328339935,0.0009783576468384361,0.8607543454511417,0.8829834276046156
20260803,157184850-157184920-001,normal_columnar,0.019999803760118617,0.05586908790987888,0.032006496496883585,0.07973167932287417,0.031202631253220536,-73.0,-2921.0,0.05243272642502689,0.0724325301851455,0.7817714445944448,0.8376405325043237
20260803,157185164-157185177-001,normal_superficiel,-0.00016042657332871607,0.02527659952458694,0.014363972518317336,0.036189226530856544,-0.036845946719423095,-37.0,-8648.0,0.00020134617486755168,4.091960153883561e-05,0.9247286762674414,0.9500052757920283
20260803,157222647-157222660-001,normal_intermediate,-0.0047646651306900295,0.06039867937559573,0.07410335552870218,0.04669400322248918,-0.028560734649374586,-359.0,-2982.0,0.030605233621815196,0.025840568491125166,0.7526189208280607,0.8130176002036564
20260803,157223394-157223428-001,normal_intermediate,-0.0018149484484713454,0.04860140154175174,0.08105949239974186,0.016143310683761847,-0.005152206028837036,5.0,-2855.0,0.0023194783204925403,0.0005045298720211949,0.8973974124921249,0.9459988140338766
20260803,157223735-157223751-001,normal_superficiel,-0.0011353406952599645,0.029468846833544782,0.06060457933632346,-0.0016668856692340084,-0.017466185972590087,-81.0,-3012.0,0.001452024723451904,0.00031668402819193947,0.9168223717010504,0.9462912185345952
20260803,157224172-157224207-003,normal_columnar,-0.032065973633081724,-0.0315840928903558,-0.023775180921529637,-0.039393004859181846,-0.06332305549292438,149.0,-125.0,0.06584230579084965,0.03377633215776793,0.7722671430826084,0.7406830501922526
20260803,157224297-157224320-001,normal_superficiel,0.00030355208079021166,0.04225727564466042,0.058868585184374655,0.025645966104946183,0.024141096718004906,-39.0,-6002.0,0.0014802261438525213,0.001783778224642733,0.8537465329734077,0.8960038086180682
20260803,157224352-157224395-001,normal_superficiel,0.001224457821941592,0.0169715185646232,0.016030388245167226,0.017912648884079174,0.029530466439478043,-37.0,-4280.0,0.0011165489267540695,0.0023410067486956615,0.8602657208146685,0.8772372393792917
20260803,157227461-157227503-001,normal_columnar,0.13907104879532822,-0.02222689641317621,0.026348218789785882,-0.07080201161613842,0.015456015342030227,178.0,764.0,0.0034733060339043886,0.1425443548292326,0.8771957140332778,0.8549688176201016
20260803,157227461-157227503-002,normal_columnar,-0.21815390474429386,0.07428566705379858,0.1181901045645708,0.030381229543026467,0.03062563173918298,-594.0,82.0,0.22127036455866833,0.0031164598143744726,0.7765766716762061,0.8508623387300047
20260803,157267059-157267072-004,normal_columnar,-0.18567121796432517,-0.05162237174694173,-0.03927219423334183,-0.06397254926054163,0.0024387442281520455,146.0,-240.0,0.19227297040444347,0.006601752440118291,0.8620094707489792,0.8103870990020374
20260803,157267647-157267732-001,normal_superficiel,-0.00990486782269168,0.11427312287636315,0.1693101312194003,0.059236114533326,-0.01647968287095991,-526.0,-2081.0,0.014563104770440455,0.004658236947748775,0.7751921379776285,0.8894652608539917
20260803,158986813-158986820-002,normal_columnar,-0.0255905505176785,0.022304200600925972,0.007639429584181179,0.036968971617670654,0.002352511251268785,-12.0,-760.0,0.048358554253220415,0.022768003735541914,0.8673628311475381,0.8896670317484641
20260803,158987453-158987462-001,normal_superficiel,-0.015219670583703852,0.14056969450683998,0.2930100353428571,-0.011870646329177004,0.039830335732715105,-1253.0,7266.0,0.022802190616860486,0.007582520033156634,0.645055347080673,0.785625041587513
20260803,158987493-158987499-001,normal_superficiel,-0.0007682407373349465,0.000875579289551176,0.02865205693371664,-0.02690089835461429,-0.04518899833478296,-53.0,7660.0,0.003318968291366676,0.0025507275540317294,0.9130700639837966,0.9139456432733478
20260803,158987493-158987505-001,normal_superficiel,0.0022555923524681058,-0.01828779287085247,0.07243711201139502,-0.10901269775310007,0.021061766860243303,-173.0,8505.0,0.01344341440219776,0.015699006754665866,0.6916368521692464,0.673349059298394
20260803,204870926-204870933-002,light_dysplastic,-0.02019466301454309,-0.030036032872638452,-0.014087828039531458,-0.045984237705745334,0.006184416411339266,-59.0,-1242.0,0.09948779096460147,0.07929312795005838,0.8163281731103512,0.7862921402377128
20260803,209522940-209522991-001,normal_intermediate,0.016900735675058468,-0.04785670574701317,-0.10648411368263144,0.010770702188605208,-0.02473367973640106,671.0,-1750.0,0.0104139694806865,0.027314705155744967,0.8897072810630546,0.8418505753160415
20260803,209565409-209565466-001,normal_intermediate,-0.008308229120342361,0.07201720737112827,0.09149010840689886,0.05254430633535767,0.004691832612383817,-377.0,-4472.0,0.011592225212802117,0.003283996092459756,0.866696778552859,0.9387139859239872
20260803,209565698-209565729-001,normal_intermediate,0.05086072324044409,-0.2014949253574907,-0.42698372449125405,0.02399387377627271,0.2752641489416556,3583.0,-2536.0,0.0030217363312213946,0.053882459571665486,0.8905778007131059,0.6890828753556152
20260804,148497676-148497704-001,light_dysplastic,0.026773804526411482,-0.011108227872305476,-0.020733250269222347,-0.0014832054753887158,-0.018907946502825346,122.0,162.0,0.03992558764951826,0.06669939217592974,0.9502874782129833,0.9391792503406778
20260804,148499274-148499302-001,light_dysplastic,0.02347860597555107,0.019063163950179485,0.020107059655000925,0.018019268245357933,0.040601999653352205,-224.0,249.0,0.0036568833193361405,0.02713548929488721,0.894131063314384,0.9131942272645635
20260804,148499383-148499424-002,light_dysplastic,0.043884296186741084,-0.0028432748499193083,-0.00018046916738145846,-0.005506080532457158,0.01076808397510054,171.0,163.0,0.2344708947685555,0.2783551909552966,0.8017208883713748,0.7988776135214555
20260804,148500154-148500165-001,light_dysplastic,0.02511129690561187,0.018356771419244078,0.01979988964893087,0.016913653189557287,-0.06945754541292709,312.0,39.0,0.22197854459468194,0.2470898415002938,0.7531062585887147,0.7714630300079588
20260804,148503400-148503424-001,light_dysplastic,-0.014024586008707124,0.01956581431250104,0.009174282586819738,0.02995734603818223,0.06491775780435216,14.0,-1522.0,0.021334414855814,0.007309828847106875,0.8896557450406166,0.9092215593531177
20260804,148503900-148503914-001,light_dysplastic,-0.18377042563697488,0.046873133909279274,0.0036659719531245694,0.09008029586543409,-0.011252099365372303,-16.0,-754.0,0.4032514982977553,0.21948107266078043,0.7920630890994176,0.8389362230086969
20260804,148719308-148719348-002,light_dysplastic,-0.0956876238139922,0.03499797288383366,-0.012468815515345066,0.08246476128301217,0.05190765423521082,-19.0,-720.0,0.153350643533944,0.0576630197199518,0.9046574474221314,0.939655420305965
20260804,148881729-148881744-001,light_dysplastic,0.022926730131096806,0.0016351335911665155,0.05735687787473909,-0.05408661069240617,-0.07099420276818802,-563.0,10922.0,0.020933240507394868,0.043859970638491674,0.8714801857943741,0.8731153193855407
20260804,148884702-148884710-002,light_dysplastic,0.09562485956414368,-0.13232209235311743,-0.1621678422951176,-0.10247634241111747,0.05036137116183048,1399.0,3750.0,0.012051092261893631,0.10767595182603731,0.9330799822114755,0.800757889858358
20260804,149014929-149015008-002,moderate_dysplastic,0.17900948361054292,-0.05852192666523803,-0.04205063423898592,-0.07499321909148998,0.02915943371811358,536.0,-55.0,0.43652532028767255,0.6155348038982155,0.5630608951961262,0.5045389685308882
20260804,149053423-149053447-001,light_dysplastic,0.23337508963161796,-0.08886445212403427,-0.07053866639186712,-0.1071902378562013,0.17418731353143357,846.0,2721.0,0.01042189929219317,0.24379698892381113,0.9221364327729702,0.8332719806489359
20260804,149054526-149054563-001,light_dysplastic,0.12671019348149504,-0.07621960917173543,-0.05653804109071214,-0.09590117725275871,-0.3180603071739515,728.0,-3.0,0.32281099525426277,0.4495211887357578,0.6970892964593065,0.6208696872875711
20260804,149056321-149056360-003,severe_dysplastic,0.04087219665548547,-0.005516226329983054,0.0025482580931183163,-0.013580710753084646,0.04502839380790313,147.0,541.0,0.051190766250362896,0.09206296290584837,0.929217448639784,0.9237012223098009
20260804,149056410-149056458-005,severe_dysplastic,-0.09604994412116086,-0.04190535437490228,-0.03729173752495085,-0.0465189712248536,-0.018290443050925642,54.0,12.0,0.14165026892299637,0.04560032480183551,0.8918064308951233,0.8499010765202211
20260804,149056785-149056813-002,severe_dysplastic,0.0888608575156592,-0.019749905842157522,0.007725341937589336,-0.04722515362190427,0.00661864867935702,30.0,312.0,0.10647969100373467,0.19534054851939386,0.9208025914372111,0.9010526855950536
20260804,149056933-149056982-005,severe_dysplastic,-0.020157325467060005,-0.007320003223853622,-0.01048788200237083,-0.004152124445336303,0.008432507577693982,38.0,-339.0,0.10341187173736421,0.08325454627030421,0.8884747242172211,0.8811547209933674
20260804,149057164-149057197-001,severe_dysplastic,-0.011253736814896165,-0.014817309793152766,0.006990560754444264,-0.0366251803407498,0.10855633807635051,-358.0,-348.0,0.026268763458581645,0.01501502664368548,0.7258395432086284,0.7110222334154757
20260804,149057812-149057847-002,moderate_dysplastic,-0.227607674892228,0.014985192769364275,0.027673943617454122,0.002296441921274428,0.011091506143228624,-300.0,-880.0,0.43464622121185337,0.20703854631962537,0.8096025570430949,0.8245877498124592
20260804,149058262-149058288-001,moderate_dysplastic,0.13094005032701012,-0.05662349408265699,-0.05451813856910992,-0.05872884959620406,-0.11275739382675565,331.0,827.0,0.12415003037120742,0.25509008069821754,0.8453456630986698,0.7887221690160128
20260804,149058262-149058288-003,moderate_dysplastic,-0.0555784033903263,0.01487555909197158,0.04354310097058034,-0.01379198278663718,0.002945416866344419,-208.0,-1087.0,0.09422571819221917,0.038647314801892874,0.8882731738312275,0.9031487329231991
20260804,149059215-149059228-001,light_dysplastic,-0.051620499081333135,0.17204774698962133,0.29815657423734576,0.0459389197418969,-0.20824159849324836,-629.0,-1821.0,0.06508064023602479,0.013460141154691657,0.7285654976989376,0.900613244688559
20260804,149061548-149061568-002,severe_dysplastic,0.058517207706409,-0.006669603422414183,0.007359303438427389,-0.020698510283255644,-0.008388356736628744,-36.0,351.0,0.022532980657582802,0.0810501883639918,0.8861633545717622,0.879493751149348
20260804,149061666-149061699-001,moderate_dysplastic,0.012693031369637231,-0.03268701109590255,-0.0012015810276679861,-0.06417244116413712,0.001587105624060836,20.0,211.0,0.09915442157508553,0.11184745294472276,0.908020050937417,0.8753330398415144
20260804,149061666-149061726-001,light_dysplastic,-0.06754825484222898,0.03307862910617043,0.04654054039290878,0.019616717819432195,-0.006676469694438025,-233.0,-1011.0,0.13965050161004244,0.07210224676781346,0.8694937164418293,0.9025723455479997
20260804,149062593-149062608-001,moderate_dysplastic,0.137818815720681,-0.012227571514312419,-0.002829958645522046,-0.021625184383102902,0.04712315663295974,-498.0,616.0,0.4997017449620519,0.6375205606827329,0.7885327061783982,0.7763051346640858
20260804,149096927-149096943-002,severe_dysplastic,-0.013790797057130488,0.01786595567697269,0.07416998418839471,-0.03843807283444933,0.03724540163286816,-347.0,801.0,1.5564177347712822,1.5426269377141517,0.5794234547070145,0.5972894103839872
20260804,149099398-149099421-001,light_dysplastic,-0.008150535878899967,0.037000614855674074,0.019733705265169377,0.05426752444617877,0.0230737431667718,-211.0,96.0,0.034578076958059256,0.02642754107915929,0.8201404027683654,0.8571410176240395
20260804,149099502-149099544-001,moderate_dysplastic,0.2044691830071771,-0.076080954815549,-0.10321531375848514,-0.04894659587261285,0.2455736399595691,1333.0,1351.0,0.01771208184072398,0.22218126484790107,0.9233214243527607,0.8472404695372117
20260804,149101620-149101650-002,moderate_dysplastic,-0.15092902318542634,-0.021872845928910367,0.007152299420211672,-0.050897991278032295,0.010252105118952581,56.0,-911.0,0.16060964728577587,0.009680624100349533,0.8865160732006119,0.8646432272717015
20260804,149102510-149102527-003,moderate_dysplastic,0.03253858390807851,0.0007698387689030195,0.016379446171223333,-0.014839768633417294,0.08406235428737274,11.0,142.0,0.04769588855458318,0.08023447246266169,0.8487569761271034,0.8495268148960065
20260804,149105131-149105155-002,severe_dysplastic,0.22433717249990215,-0.03873405486310033,-0.015438844398552032,-0.06202926532764841,0.02972108106814808,95.0,526.0,0.10862585935635882,0.33296303185626097,0.9293907865079591,0.8906567316448588
20260804,149105131-149105155-003,severe_dysplastic,0.514635718891038,-0.06827447225484784,-0.04007261277954788,-0.09647633173014791,0.014296426896315051,140.0,346.0,0.6148742643124665,1.1295099832035045,0.7552804063614824,0.6870059341066346
20260804,149105131-149105205-002,moderate_dysplastic,-0.008143882045386241,0.02402595067048996,0.07601228337352672,-0.027960382032546693,-0.0073833173655381,-269.0,813.0,0.2819572486420666,0.2738133665966804,0.7541413403644526,0.7781672910349425
20260804,149143370-149143378-002,carcinoma_in_situ,0.08864425260812236,-0.0655904989607583,-0.02660254715666821,-0.1045784507648484,0.03103566918402728,213.0,21.0,0.288303718514606,0.3769479711227284,0.6179082318119355,0.5523177328511772
20260804,149143469-149143479-002,severe_dysplastic,0.07208403253767648,-0.06160661919311983,0.033506758185768426,-0.1567199965720082,-0.02475942233252959,71.0,766.0,0.10948271699769552,0.181566749535372,0.8962582806024568,0.834651661409337
20260804,149146635-149146651-001,carcinoma_in_situ,-0.23088691651656856,-0.02066926415277781,-0.006300715179290317,-0.035037813126265416,0.01655888030184971,-10.0,-443.0,0.37509244670246633,0.14420553018589777,0.8527258403753004,0.8320565762225226
20260804,149146886-149146936-002,carcinoma_in_situ,-0.3696421842273614,-0.033505917620963,-0.0031599389727464677,-0.06385189626917953,0.009226248188917374,19.0,-457.0,0.6515931756464366,0.2819509914190752,0.8426856635987112,0.8091797459777482
20260804,149147848-149147864-001,carcinoma_in_situ,0.28850023917177625,-0.4056479430358789,-0.6347042496134796,-0.17659163645827824,0.05803609717176844,1914.0,-622.0,0.2546068432715791,0.5431070824433554,0.8395096243926665,0.4338616813567876
20260804,149148124-149148181-001,carcinoma_in_situ,-0.05659056709659871,-0.005977272449302351,0.0048540511448587065,-0.01680859604346341,0.016556231173953884,2.0,-394.0,0.1658793143962014,0.1092887472996027,0.8949818020517467,0.8890045296024444
20260804,149148124-149148181-004,carcinoma_in_situ,0.22082394108933978,-0.032575637551839565,-0.009280381796488824,-0.055870893307190306,-0.015947105719451682,117.0,283.0,0.302467067925141,0.5232910090144808,0.8775066491852407,0.8449310116334011
20260804,149181806-149181819-002,severe_dysplastic,-0.23402817041668933,-0.022141794410014848,-0.0029215078902858904,-0.041362080929743916,-0.0017971118471508118,58.0,-745.0,0.23556842655502064,0.0015402561383313085,0.906950364794231,0.8848085703842161
20260804,149182550-149182571-003,carcinoma_in_situ,0.06136068587688093,-0.005568939719358346,0.005530422851380279,-0.01666830229009686,0.008504466096967311,-31.0,697.0,0.04514625513408843,0.10650694101096936,0.9346024978963359,0.9290335581769775
20260804,149182550-149182608-002,carcinoma_in_situ,-0.14627701114963887,-0.0793472561144205,-0.11305407095984321,-0.04564044126899791,0.017249284068378112,546.0,-610.0,0.39025686231909995,0.24397985116946108,0.827620730526542,0.7482734744121214
20260804,149182550-149182608-005,carcinoma_in_situ,0.0007778889635960962,-0.07195575954025579,-0.07615082788885796,-0.06776069119165351,0.19029542742936445,-92.0,-75.0,0.031400934456683016,0.03217882342027911,0.8328820687848106,0.7609263092445548
20260804,149182657-149182667-002,carcinoma_in_situ,0.09247841946919638,0.0041142514525468465,0.011978321238016898,-0.003749818332923205,0.03299303170675816,-85.0,999.0,0.1964841621069307,0.2889625815761271,0.8277226021265782,0.8318368535791251
20260804,149185405-149185423-002,carcinoma_in_situ,-0.05424876749039864,0.026564513079946006,0.05570152669417183,-0.0025725005342797647,0.031109947529505688,-514.0,266.0,4.079350423138848,4.02510165564845,0.6096368879930126,0.6362014010729586
20260804,149185604-149185629-001,carcinoma_in_situ,-0.12133831520491589,0.030044274912997437,0.01662708565755744,0.043461464168437325,-0.006576918193421766,-119.0,-205.0,1.5086575664364148,1.387319251231499,0.6539697623824636,0.6840140372954611
20260804,149185698-149185721-004,carcinoma_in_situ,-0.30690681534983777,0.011204259243816517,0.01116206315676882,0.011246455330864324,0.006449137776639247,-64.0,-212.0,0.6409223098537173,0.3340154945038796,0.7870119667612541,0.7982162260050706
20260804,149185850-149185864-001,carcinoma_in_situ,-0.11470512714701009,0.045484318488105524,0.030526415863943,0.060442221112268046,0.021164132218908782,-135.0,-344.0,0.35667991487350503,0.24197478772649494,0.8116347511579131,0.8571190696460186
20260804,149187049-149187073-001,carcinoma_in_situ,-0.16837079690100198,-0.06455208264893098,-0.02401201315819612,-0.10509215213966583,0.0031268592623895364,128.0,94.0,0.2733718671084393,0.10500107020743732,0.881439888643006,0.8168878059940751
20260804,149315229-149315291-003,severe_dysplastic,-0.4280413752504475,-0.011440202165669544,0.012382891508683103,-0.0352632958400223,0.026915455454247006,-315.0,-669.0,0.49040166589091605,0.06236029064046855,0.8488111690352658,0.8373709668695962
20260804,149315960-149315967-001,moderate_dysplastic,0.0738634438150354,0.06654526901583824,0.10775662493623417,0.025333913095442417,-0.4324342488650996,-1644.0,4224.0,0.2558518000599307,0.3297152438749661,0.7179700853110568,0.784515354326895
20260804,149316117-149316122-002,carcinoma_in_situ,0.4649835208494426,-0.09972854651815755,-0.06075238721087772,-0.13870470582543726,0.1584145882644955,147.0,390.0,0.2720389677654027,0.7370224886148453,0.8348722326290913,0.7351436861109337
20260804,149316426-149316462-001,carcinoma_in_situ,-0.14107315289843259,-0.007937774656627705,0.005552565509270968,-0.021428114822526267,0.0667617416227998,67.0,-18.0,0.15724716652136017,0.016174013622927585,0.8825109940426911,0.8745732193860634
20260804,149317002-149317010-001,severe_dysplastic,0.22531627289947176,-0.07347935932332716,-0.04911912349059511,-0.09783959515605922,0.062077495251944614,145.0,200.0,0.09591634386698922,0.321232616766461,0.908928737507301,0.8354493781839738
20260804,149317114-149317152-004,carcinoma_in_situ,0.08130662665569188,0.006051535268549069,0.00846437976294978,0.0036386907741481345,0.0011100384537173769,-18.0,71.0,0.0023564809681696497,0.08366310762386153,0.8510710108851869,0.857122546153736
20260804,149317204-149317230-001,severe_dysplastic,-0.024824114792999286,-0.019865990175894077,-0.021075018306289994,-0.01865696204549816,-0.03717506523090941,284.0,-289.0,0.11197807890279399,0.0871539641097947,0.8976018928903747,0.8777359027144807
20260804,149788716-149788727-003,light_dysplastic,0.03155945756478051,-0.007944330472081984,-0.019589791472144458,0.0037011305279803786,-0.049481014179565075,-202.0,-454.0,0.03736620706439309,0.0689256646291736,0.8873803413907664,0.8794360109186844
20260804,153276386-153276405-004,moderate_dysplastic,0.014453266295854694,-0.010438134086886985,0.0025263187913889817,-0.023402586965162953,-0.0022708853533803808,-31.0,427.0,0.08270865113430959,0.09716191743016428,0.8892482554210414,0.8788101213341544
20260804,153314759-153314767-002,light_dysplastic,0.04516059886558499,-0.012305390691734863,0.01791031033924262,-0.042521091722712456,-0.01310584232166112,-163.0,706.0,0.07214544301563708,0.11730604188122207,0.8986966961441661,0.8863913054524313
20260804,153314857-153314882-002,light_dysplastic,0.08891910751037674,-0.031596323168103124,-0.024335182731857197,-0.03885746360434894,0.044217324052087004,890.0,40.0,0.02723605165278875,0.11615515916316549,0.9036451489375241,0.872048825769421
20260804,153314956-153314985-001,severe_dysplastic,-0.1245728206369543,-0.01717892263144538,0.0033886813328710685,-0.03774652659576161,-0.00261418311145023,-35.0,414.0,0.15753804578458985,0.03296522514763556,0.8729427128194296,0.8557637901879842
20260804,153315615-153315624-002,severe_dysplastic,0.09089474665390895,-0.03751200062370641,-0.008346921431923837,-0.0666770798154891,-0.007097820835886504,82.0,660.0,0.3868322813124282,0.47772702796633715,0.8825505215263987,0.8450385209026923
20260804,153354589-153354597-001,light_dysplastic,-0.017803452705901945,-0.006682953903590305,0.01849776708852835,-0.03186367489570896,-0.06015427628357789,-516.0,813.0,0.2146121624101484,0.19680870970424647,0.8042527614903161,0.7975698075867258
20260804,153654325-153654351-002,severe_dysplastic,-0.06458579833602163,-0.05831166067165161,-0.0196450767189964,-0.0969782446243066,-0.011796729305240783,12.0,-44.0,0.1326022378371403,0.06801643950111869,0.8846793503852204,0.8263676897135688
20260804,153654325-153654360-003,severe_dysplastic,-0.010357969999644001,0.00012454295413388827,0.11277653599074278,-0.11252745008247478,0.012020526990109803,-270.0,1150.0,0.21673696012439755,0.20637899012475355,0.7365283629034864,0.7366529058576203
20260804,153657257-153657289-002,light_dysplastic,0.04885331892248468,-0.00722409872919072,0.007141555717556924,-0.021589753175938364,-0.022050344397642196,-71.0,567.0,0.12166851253339483,0.1705218314558795,0.9275933984666882,0.9203692997374975
20260804,153657698-153657708-001,light_dysplastic,0.04325733887825073,-0.0024036902187565268,0.013021623343287714,-0.017829003780800767,-0.03694813832198174,172.0,2652.0,0.004265112717692865,0.04752245159594359,0.9259809124062518,0.9235772221874953
20260804,153659229-153659243-003,severe_dysplastic,-0.10808293630947774,0.06990514819313531,0.05596008993245216,0.08385020645381858,-0.0940160021109191,-223.0,18.0,0.15327571955620367,0.04519278324672593,0.7980059525589749,0.8679111007521102
20260804,153697342-153697366-001,moderate_dysplastic,-0.04658044034335118,-0.017904409288249212,-0.0011303462361414995,-0.034678472340356925,0.006603206071248979,7.0,218.0,0.11809998921396936,0.07151954887061818,0.8901491764251426,0.8722447671368934
20260804,153701139-153701148-001,light_dysplastic,-0.011486063839836858,0.0041961905864640325,0.016783425141691177,-0.00839104396876289,-0.0010317361373574085,-232.0,-70.0,0.034813919988490094,0.023327856148653237,0.9506389156813893,0.9548351062678533
20260804,153826963-153826976-001,severe_dysplastic,-0.07504007528324819,0.0355715341043179,0.012215911592480144,0.05892715661615566,-0.03253722122440483,-80.0,-465.0,0.28710868407947376,0.21206860879622558,0.7877795874533118,0.8233511215576297
20260804,153827595-153827664-001,carcinoma_in_situ,-0.13003986066594808,0.024175457365486985,0.019912336354211302,0.02843857837676278,-0.029882006236385317,-138.0,86.0,0.19004100584738515,0.060001145181437066,0.7933023488606429,0.8174778062261299
20260804,153828877-153828897-001,severe_dysplastic,-0.10276796979876635,0.040163574053449946,0.017563577221453297,0.0627635708854466,0.0024536357393127872,-143.0,-645.0,0.19602193975043125,0.0932539699516649,0.7888621514480065,0.8290257255014565
20260804,153829063-153829073-001,severe_dysplastic,0.30348255553903813,-0.04516913529151623,0.004862680111403117,-0.09520095069443568,-0.010790071894937636,-95.0,391.0,0.026230974184682898,0.32971352972372103,0.8856699574298792,0.840500822138363
20260804,153829063-153829073-002,severe_dysplastic,-0.008490356347532035,0.05667936778496796,0.02253565926013401,0.09082307630980196,-0.05305240353409513,-86.0,-61.0,0.16832093151653682,0.15983057516900478,0.6852328664025471,0.7419122341875151
20260804,153829664-153829678-001,moderate_dysplastic,-0.12991376028295254,0.0055391520193639465,0.029185902116310003,-0.01810759807758211,-0.008098629047932016,-311.0,-850.0,0.3406623004526693,0.21074854016971678,0.8090793137912786,0.8146184658106426
20260804,153831426-153831438-001,carcinoma_in_situ,-0.11873020399433765,0.014562979733928838,0.0046116696973650395,0.024514289770492748,-0.0865788439407742,-75.0,-21.0,3.661086590229595,3.5423563862352574,0.7241454692421578,0.7387084489760867
20260804,153831471-153831479-001,carcinoma_in_situ,0.3056874474249929,0.03411211130301617,0.00594242709481041,0.06228179551122193,-0.06306759448829014,-133.0,43.0,0.6952701663897638,1.0009576138147567,0.7877997601918465,0.8219118714948627
20260804,153915316-153915330-003,severe_dysplastic,0.10546785061026309,-0.03318719616389876,-0.019228344495371585,-0.04714604783242593,0.0073215146145603205,54.0,1057.0,0.15835931042581414,0.26382716103607723,0.8747022307841472,0.8415150346202485
20260804,153956040-153956058-006,normal_columnar,-0.026654982544721095,-0.03288240803649978,-0.03373005608653101,-0.03203475998646865,-0.0001364476650048685,106.0,-55.0,0.03650210864328579,0.009847126098564696,0.7954016676710178,0.762519259634518
20260804,153956444-153956458-001,normal_columnar,-0.11419838375941066,0.0060454786495443,0.012993043514648361,-0.0009020862155597609,0.03042523175802636,-187.0,-393.0,0.25546220081420784,0.14126381705479718,0.7125443546035082,0.7185898332530525
20260804,153956444-153956458-003,normal_columnar,0.027036660187092165,-0.14028313353847344,-0.15317720992358053,-0.12738905715336624,-0.006544510812082016,393.0,40.0,0.06072272002299994,0.08775938021009211,0.8437257530001244,0.703442619461651
20260804,153958345-153958364-001,normal_columnar,0.14570158840810632,0.0018029912234143186,0.022977355786942377,-0.01937137334011374,0.01372314449749612,27.0,144.0,0.10873490605385505,0.25443649446196137,0.8289502277969462,0.8307532190203605
20260804,153958547-153958572-003,normal_columnar,0.13511960733249695,-0.016097752780366625,0.006994116648303739,-0.03918962220903688,-0.1406570237524828,-24.0,200.0,0.33910745529653474,0.4742270626290317,0.8037679952502362,0.7876702424698696
20260804,153958547-153958572-004,normal_columnar,0.39970844121008564,-0.14099929875756945,-0.048519565652377694,-0.2334790318627611,0.05207469020756428,-40.0,453.0,0.26245408084457666,0.6621625220546623,0.8773315195788935,0.7363322208213241
20260804,157181146-157181197-003,normal_columnar,0.03704841542553794,0.024047784404787165,0.009502414079856969,0.03859315472971725,0.05130222148548347,-62.0,-5.0,0.11376038573364922,0.15080880115918716,0.8235703758360939,0.8476181602408811
20260804,157181387-157181418-001,normal_superficiel,-0.0012321240736281828,0.009901098494906502,0.03557579742450723,-0.015773600434694224,-0.06820533632756498,-52.0,-5256.0,0.0023214227724698087,0.0010892986988416259,0.8712819823549425,0.881183080849849
20260804,157183412-157183656-001,normal_intermediate,0.031146745454954137,-0.13163261024990092,-0.24502199256086443,-0.01824322793893729,0.012669923868408595,822.0,-93.0,0.0007660620700520003,0.03191280752500614,0.9435803788079918,0.8119477685580909
20260804,157183828-157183887-001,normal_intermediate,-0.0022920378789129045,-0.025743618357453646,0.003602244738467042,-0.055089481453374445,-0.023638556624072327,111.0,4392.0,0.0053315599816553955,0.003039522102742491,0.9174960215624139,0.8917524032049603
20260804,157184850-157184920-001,normal_columnar,-0.043087103081451195,-0.043422025660632024,-0.0230020717298266,-0.06384197959143745,0.06389142419501159,115.0,173.0,0.04614117458524919,0.003054071503797995,0.8829299546536868,0.8395079289930548
20260804,157185164-157185177-001,normal_superficiel,0.0003631866288415723,-0.006658301651356169,0.004331368323472806,-0.017647971626185255,0.05254845905243122,-9.0,3222.0,0.0005883575429858831,0.0009515441718274554,0.9270685306109512,0.920410228959595
20260804,157222647-157222660-001,normal_intermediate,0.017401070281514434,-0.12937024890796134,-0.20802535626292273,-0.05071514155299994,-0.013850864644584071,800.0,749.0,0.009579062380968738,0.026980132662483173,0.9224296428236126,0.7930593939156513
20260804,157223394-157223428-001,normal_intermediate,7.843283190111378e-05,-0.034232011283977015,-0.009437327460529166,-0.059026695107424976,8.829580914004875e-05,-19.0,5367.0,0.001118012496311837,0.0011964453282129507,0.9596450451651212,0.9254130338811442
20260804,157223735-157223751-001,normal_superficiel,0.0006230649817081423,-0.026210088757731675,-0.024226713372470732,-0.028193464142992508,-0.035779445005413635,27.0,108.0,0.0018767021940563943,0.0024997671757645366,0.9046649799338706,0.878454891176139
20260804,157224172-157224207-003,normal_columnar,-0.06829234552746494,-0.0647064974991699,-0.1708845698160718,0.041471574817732115,-0.04908302341466175,401.0,-1008.0,0.09287032255049335,0.024577977023028413,0.8028457298601468,0.7381392323609769
20260804,157224297-157224320-001,normal_superficiel,0.0001143363020942173,-0.021316671205834692,-0.014271165605638458,-0.028362176806030814,-0.004078529341187687,-21.0,4316.0,0.0019246088919887333,0.0020389451940829506,0.9252746899720748,0.9039580187662402
20260804,157224352-157224395-001,normal_superficiel,0.001908504765524861,-0.08620203146037275,-0.06184158742652568,-0.11056247549421971,0.04330246400750942,94.0,27077.0,0.0011560398045425118,0.003064544570067373,0.9205848132084012,0.8343827817480285
20260804,157227461-157227503-001,normal_columnar,-0.011941168542495217,-0.007990203721535138,0.008026310105135881,-0.024006717548206047,-0.0026443860948272002,-36.0,-77.0,0.14370658406831144,0.13176541552581622,0.8588406049001724,0.8508504011786373
20260804,157227461-157227503-002,normal_columnar,-0.025384045300711144,0.007773924719529868,-0.024554219852031656,0.0401020692910915,-0.013780045661966112,191.0,-305.0,0.049236486707882055,0.02385244140717091,0.8777893907529069,0.8855633154724367
20260804,157267059-157267072-004,normal_columnar,-0.07510646952854538,-0.01724297942802122,-0.008089949266419816,-0.026396009589622516,0.022433415370653464,13.0,-152.0,0.10501488379848267,0.02990841426993729,0.850544708845544,0.8333017294175228
20260804,157267647-157267732-001,normal_superficiel,-0.0011105219678745788,-0.0509859932957375,-0.08009806444586909,-0.021873922145605684,0.0035512815297791267,-23.0,-186.0,0.003200722212693994,0.002090200244819415,0.9306435374175712,0.8796575441218337
20260804,158986813-158986820-002,normal_columnar,-0.0683064242773842,0.057044424716266584,0.06260093204748252,0.05148791738505065,0.00039058091082166957,-111.0,-654.0,0.0894035434656717,0.021097119188287494,0.8133666237036972,0.8704110484199638
20260804,158987453-158987462-001,normal_superficiel,0.009377389662023892,-0.1542055606099202,-0.30246210480495994,-0.005949016414880437,0.010630968615991332,670.0,-4813.0,0.004214634870480023,0.013592024532503915,0.8729145227902779,0.7187089621803577
20260804,158987493-158987499-001,normal_superficiel,-0.0028435342111186555,0.00296375623755174,-0.005663714734002845,0.011591227209106325,-0.04115088726034266,1.0,-3712.0,0.004201980831402798,0.0013584466202841428,0.9182365472102676,0.9212003034478193
20260804,158987493-158987505-001,normal_superficiel,-0.009517962284316457,0.028041791597116505,-0.07390311335497057,0.1299866965492037,0.010873431386769217,171.0,-12307.0,0.03116041354709665,0.021642451262780193,0.6201036536782369,0.6481454452753534
20260804,204870926-204870933-002,light_dysplastic,0.03759907792730566,-0.011067725890075653,-0.00796519926339223,-0.014170252516759074,0.0008509474566016362,148.0,37.0,0.10748818536832239,0.14508726329562804,0.7770386138861255,0.7659708879960498
20260804,209522940-209522991-001,normal_intermediate,-0.0013429756803819276,-0.01905872265128583,-0.02094892845719154,-0.017168516845380122,0.010525033374554016,-10.0,786.0,0.0014413661921939477,9.839051181202013e-05,0.9644846739554149,0.9454259513041291
20260804,209565409-209565466-001,normal_intermediate,-0.0027351574706786265,0.024376101566999875,0.017880769195914747,0.030871433938085002,0.04765143984230591,-78.0,-3617.0,0.007654676943306585,0.004919519472627958,0.9088325536856945,0.9332086552526944
20260804,209565698-209565729-001,normal_intermediate,0.005241304718023976,-0.00949548389466448,-0.014732951217425017,-0.004258016571903944,-0.0351251656187756,207.0,3817.0,0.010032798805940369,0.015274103523964345,0.852389010868103,0.8428935269734386
20260805,148497676-148497704-001,light_dysplastic,0.044132105282390366,-0.054636554754887934,0.02083608882030097,-0.13010919833007684,-0.03905623752327625,-197.0,1076.0,0.09322850363745383,0.1373606089198442,0.9173861324114836,0.8627495776565957
20260805,148499274-148499302-001,light_dysplastic,-0.01313670767697872,-0.004349378346329091,-0.014576286350912349,0.005877529658253944,0.009074796433814813,-136.0,153.0,0.01703472515437013,0.003898017477391408,0.9206901323637788,0.9163407540174497
20260805,148499383-148499424-002,light_dysplastic,-0.12980741209099148,0.030915861399713584,-0.004229179875019917,0.06606090267444709,-0.07947316133298732,-241.0,-1147.0,0.2822537821898389,0.1524463700988474,0.7804134952376964,0.81132935663741
20260805,148500154-148500165-001,light_dysplastic,-0.03298875871635554,-0.017789878755207322,-0.012287010526462416,-0.02329274698395234,0.07947969958254542,-212.0,-330.0,0.3324876909609278,0.29949893224457225,0.7267500532861948,0.7089601745309875
20260805,148503400-148503424-001,light_dysplastic,-0.06470166900302893,0.06337764351512731,0.07370230500696806,0.053052982023286566,0.0781957353592207,-714.0,-1290.0,0.10807142983861098,0.043369760835582055,0.8274174480732216,0.8907950915883489
20260805,148503900-148503914-001,light_dysplastic,-0.4339474921968616,-0.0590368822531927,-0.08873002339851266,-0.029343741107872634,0.1697561400429729,583.0,-765.0,0.6341311979661648,0.20018370576930322,0.742890807702957,0.6838539254497643
20260805,148719308-148719348-002,light_dysplastic,-0.036874872976150885,-0.009078404354760483,-0.011499639080591595,-0.006657169628929371,0.0010063272085901742,27.0,-60.0,0.22200362991266198,0.1851287569365111,0.8872799438454901,0.8782015394907297
20260805,148881729-148881744-001,light_dysplastic,0.015337004813298888,-0.0610657372014759,-0.015543141849139186,-0.10658833255381261,0.05675288817542734,178.0,1477.0,0.0030741058120537512,0.01841111062535264,0.9120111396893239,0.850945402487848
20260805,148884702-148884710-002,light_dysplastic,-0.04997622629833226,0.06824439556777495,0.10730077366445057,0.029188017471099337,-0.15098239378133516,-1075.0,-294.0,0.08346495035221746,0.0334887240538852,0.8577573968903063,0.9260017924580812
20260805,149014929-149015008-002,moderate_dysplastic,-0.16633797821533902,0.12569549198968477,0.0923554110658743,0.15903557291349518,0.1686764595904367,-1210.0,285.0,0.6625843991802615,0.49624642096492244,0.4974941423582514,0.6231896343479362
20260805,149053423-149053447-001,light_dysplastic,0.10164618692890104,-0.018077737429311513,0.028521960837887383,-0.06467743569651052,-0.04695789328388578,-398.0,1458.0,0.004426429164432977,0.10607261609333402,0.905602537258759,0.8875247998294475
20260805,149054526-149054563-001,light_dysplastic,-0.4263067052941801,0.17021930698500198,0.18828850749979376,0.1521501064702102,-0.35710488248695343,-1945.0,1327.0,0.44067225233580104,0.014365547041620963,0.6729427602644988,0.8431620672495008
20260805,149056321-149056360-003,severe_dysplastic,-0.006623905206837255,0.00020855615451653708,0.004078693248267151,-0.003661580939234188,0.004571062690321814,-116.0,150.0,0.07106562011484246,0.06444171490800521,0.9303517505232709,0.9305603066777874
20260805,149056410-149056458-005,severe_dysplastic,-0.17006873589280058,0.03803931175318076,0.05079777766476812,0.025280845841593513,-0.12380754497165014,-102.0,-104.0,0.27321435700882346,0.10314562111602288,0.8492436743579304,0.8872829861111111
20260805,149056785-149056813-002,severe_dysplastic,-0.008232875624135327,0.007879940615231562,0.0015108489879132048,0.01424903224255003,-0.02550750600819829,40.0,-110.0,0.08059613780330055,0.07236326217916522,0.9308066451301776,0.9386865857454092
20260805,149056933-149056982-005,severe_dysplastic,0.004888006139009193,-0.00644249761571114,-0.011897997782256198,-0.0009869974491660827,-0.02494408073814902,50.0,-80.0,0.0847985896254071,0.08968659576441629,0.8958618356997137,0.8894193380840025
20260805,149057164-149057197-001,severe_dysplastic,0.23577165135059874,0.01663200862218961,0.03408535078539621,-0.0008213335410169886,-0.007034594720704779,1.0,485.0,0.090131438674526,0.32590309002512474,0.7283285758467962,0.7449605844689858
20260805,149057812-149057847-002,moderate_dysplastic,0.07018236652787435,-0.024426267330512674,-0.044514036959465986,-0.004338497701559252,0.06000044819672534,285.0,72.0,0.4001039114912336,0.47028627801910794,0.8347213301465262,0.8102950628160135
20260805,149058262-149058288-001,moderate_dysplastic,0.001114291605320894,0.019711601699796133,0.06130526550429438,-0.021882062104702005,-0.010884086766467793,-389.0,875.0,0.13049015436257477,0.13160444596789567,0.8504449189717137,0.8701565206715098
20260805,149058262-149058288-003,moderate_dysplastic,-0.03290256599865138,-0.023790909797673288,-0.0009335401706482838,-0.04664827942469829,0.019452688825479902,87.0,-1538.0,0.08654811508044208,0.0536455490817907,0.8960097248537209,0.8722188150560476
20260805,149059215-149059228-001,light_dysplastic,-0.013892920973951325,0.05089796886723952,0.07514132172287258,0.026654616011606458,0.07114344729353339,275.0,-797.0,0.019092150053777415,0.00519922907982609,0.8517482355031027,0.9026462043703423
20260805,149061548-149061568-002,severe_dysplastic,-0.07046422407810882,-0.011338077859618267,-0.019035770505836047,-0.0036403852134004877,0.033830017161580184,124.0,-104.0,0.12746499665125066,0.057000772573141845,0.8898778001987155,0.8785397223390973
20260805,149061666-149061699-001,moderate_dysplastic,0.03986658816168026,0.011855795447592632,0.00989722116482672,0.013814369730358433,-0.07955653943575947,-214.0,153.0,0.05558783870886658,0.09545442687054684,0.8845815433170974,0.89643733876469
20260805,149061666-149061726-001,light_dysplastic,0.01854911643132573,-0.008867418320978926,0.0015405102500796186,-0.01927534689203747,0.025709242681314803,12.0,500.0,0.10036841915029343,0.11891753558161916,0.9006067130707425,0.8917392947497635
20260805,149062593-149062608-001,moderate_dysplastic,-0.1309897648746059,-0.06213865748306513,-0.03341179205816658,-0.09086552290796357,0.1216604513673536,240.0,-534.0,0.4841188352432729,0.35312907036866703,0.821622064206142,0.7594834067230769
20260805,149096927-149096943-002,severe_dysplastic,0.03384227202655743,-0.029234997132107865,-0.06813344201595262,0.009663447751736998,0.05314716951476106,309.0,-307.0,1.5292259422355816,1.563068214262139,0.5993283874550355,0.5700933903229276
20260805,149099398-149099421-001,light_dysplastic,0.0065247220839977915,-0.043718619389535696,-0.04654508710301686,-0.04089215167605442,0.0484135283781173,441.0,-708.0,0.026264762963660176,0.03278948504765797,0.8278373515659206,0.784118732176385
20260805,149099502-149099544-001,moderate_dysplastic,-0.033924452216382406,0.011040505675572354,0.005862395872630044,0.016218615478514775,0.13594675127916378,-205.0,-338.0,0.03996367245153509,0.006039220235152687,0.9233913250799034,0.9344318307554758
20260805,149101620-149101650-002,moderate_dysplastic,0.017684244148572947,-0.037417678404386256,-0.011711131229045324,-0.0631242255797273,-0.016660430601754928,156.0,-317.0,0.10445380030185847,0.12213804445043142,0.876115312705438,0.8386976343010517
20260805,149102510-149102527-003,moderate_dysplastic,-0.010962519602565446,-0.04224433107343606,-0.023396210804997097,-0.06109245134187513,0.018359168491195232,195.0,13.0,0.05480826382458093,0.04384574422201548,0.8757219241554596,0.8334775930820235
20260805,149105131-149105155-002,severe_dysplastic,0.13230027370675457,-0.01063460088154733,-0.02593976878484583,0.004670567021751171,0.034037725854177636,166.0,226.0,0.022177472766191864,0.15447774647294643,0.9364836780685794,0.925849077187032
20260805,149105131-149105155-003,severe_dysplastic,0.28140595817641834,-0.046795250175505565,-0.04529065160849921,-0.04829984874251192,0.021606217402923678,167.0,140.0,0.6947047305303673,0.9761106887067856,0.730817819637196,0.6840225694616905
20260805,149105131-149105205-002,moderate_dysplastic,0.23901548993276006,-0.1630402228582084,-0.24911938760474917,-0.07696105811166765,0.32562371307227234,1083.0,1717.0,0.0989010330041824,0.33791652293694247,0.843341091551369,0.6803008686931606
20260805,149143370-149143378-002,carcinoma_in_situ,-0.5271276565922205,0.1482413241428049,0.051881389718215876,0.2446012585673938,-0.20672134966692235,-606.0,-22.0,0.7195927327074867,0.1924650761152662,0.5918337703525778,0.7400750944953827
20260805,149143469-149143479-002,severe_dysplastic,0.06941243274141046,-0.07576944493055582,-0.05657399645605077,-0.09496489340506076,0.019699993852959508,337.0,38.0,0.05407879924953096,0.12349123199094142,0.9241002547121753,0.8483308097816195
20260805,149146635-149146651-001,carcinoma_in_situ,0.15241302806314327,-0.014846844676506432,0.0003478856140695097,-0.030041574967082374,0.0025002823803046414,18.0,316.0,0.3038929440389295,0.4563059721020728,0.8718273468646185,0.8569805021881121
20260805,149146886-149146936-002,carcinoma_in_situ,-0.11435851318944845,0.02140844248348972,-0.0008585919156717248,0.04367547688265139,0.01439813316088323,-91.0,-112.0,0.7209950391997186,0.6066365260102702,0.8274434257300876,0.8488518682135773
20260805,149147848-149147864-001,carcinoma_in_situ,-0.11833496244153452,0.005487328371480804,0.009164143191351504,0.0018105135516101045,-0.055306425317951324,-130.0,84.0,0.2526703547647719,0.13433539232323738,0.7728787389519001,0.7783660673233809
20260805,149148124-149148181-001,carcinoma_in_situ,0.0035536214833216118,0.024965800854086506,-0.006609219370130148,0.05654082107830327,-0.013484625605257317,148.0,-168.0,0.0988054419263662,0.10235906340968781,0.8948843069116823,0.9198501077657688
20260805,149148124-149148181-004,carcinoma_in_situ,-0.10900488400488384,0.01771428542531428,-0.0007870856564052842,0.036215656507033844,-0.044173792690308855,-130.0,-132.0,0.2644836534454672,0.15547876944058336,0.8756687583221043,0.8933830437474186
20260805,149181806-149181819-002,severe_dysplastic,-0.020354938905597697,-0.011206151406269349,0.004257172262189579,-0.026669475074728277,0.010070661359322108,-138.0,-104.0,0.26980986983890376,0.24945493093330606,0.9020965746177338,0.8908904232114645
20260805,149182550-149182571-003,carcinoma_in_situ,0.061474105355680986,-0.028784988618168583,-0.017684227532202557,-0.0398857497041345,0.018568017722931596,163.0,224.0,0.018673797212722,0.08014790256840298,0.9411501152575539,0.9123651266393853
20260805,149182550-149182608-002,carcinoma_in_situ,0.15904001576976146,0.001266701023607375,0.015957780593830684,-0.013424378546616156,-0.00208858885959351,-57.0,239.0,0.2838475089694288,0.44288752473919024,0.8165247011880004,0.8177914022116077
20260805,149182550-149182608-005,carcinoma_in_situ,-0.019678584104246832,0.016923427556568504,0.021903953595311276,0.011942901517825621,-0.04697955985662783,217.0,-292.0,0.19778526420862197,0.17810668010437514,0.7336343870631195,0.750557814619688
20260805,149182657-149182667-002,carcinoma_in_situ,0.143625792488008,-0.01306039375765533,-0.0008607549538239834,-0.025260032561486567,-0.03722301878070411,75.0,284.0,0.011423643478241763,0.15504943596624976,0.8190005622107858,0.8059401684531304
20260805,149185405-149185423-002,carcinoma_in_situ,0.7971988357278521,-0.2300996037497971,-0.33779080176026244,-0.12240840573933165,0.09224071150556512,2026.0,1883.0,4.171294210052574,4.968493045780426,0.5816985625086504,0.3515989587588533
20260805,149185604-149185629-001,carcinoma_in_situ,0.5847652829355972,-0.19745998662678588,-0.19335711558650037,-0.2015628576670715,-0.08034460325603476,1209.0,885.0,1.4339032000570513,2.0186684829926484,0.6338130882278482,0.43635310160106233
20260805,149185698-149185721-004,carcinoma_in_situ,0.6127908070137693,-0.15332628956088956,-0.09381949975098602,-0.21283307937079304,0.27536189947507295,473.0,330.0,0.4759741447036625,1.0887649517174318,0.7621534939702591,0.6088272044093695
20260805,149185850-149185864-001,carcinoma_in_situ,-0.11797690957769424,-0.04211573543659708,-0.01656418323084996,-0.0676672876423442,-0.042639209273013456,-144.0,-242.0,0.23334959318581172,0.11537268360811748,0.7911571829233482,0.7490414474867512
20260805,149187049-149187073-001,carcinoma_in_situ,0.10759279568109115,-0.013175647442285388,-0.02721735325596253,0.0008660583713918646,-0.02880304533045852,166.0,7.0,0.1808809421160278,0.28847373779711893,0.8512660333967945,0.8380903859545091
20260805,149315229-149315291-003,severe_dysplastic,1.0569119000272265,-0.17413348109510796,-0.14567179686140774,-0.20259516532880806,0.07163516253045799,1790.0,1770.0,0.11172205950983405,1.1686339595370605,0.8475179097714515,0.6733844286763435
20260805,149315960-149315967-001,moderate_dysplastic,-0.17697604979266213,0.16196629419941766,0.10841107982605336,0.21552150857278207,-0.25752351117578975,-1401.0,644.0,0.3418616475422428,0.16488559774958067,0.7664407056503256,0.9284069998497433
20260805,149316117-149316122-002,carcinoma_in_situ,0.2437805118542511,-0.12958176888677986,-0.1188631693913963,-0.1403003683821633,0.10595199901700336,212.0,137.0,0.23837532999278066,0.48215584184703175,0.8826653916808984,0.7530836227941186
20260805,149316426-149316462-001,carcinoma_in_situ,0.03396699086354271,-0.03635001302530627,-0.007868100954686263,-0.06483192509592639,-0.02961125213457616,26.0,10.0,0.12263626251390436,0.15660325337744707,0.8883576651934206,0.8520076521681144
20260805,149317002-149317010-001,severe_dysplastic,0.05830924825486994,-0.005746310917053354,0.018748744417486973,-0.03024136625159357,0.009782007180594743,-84.0,38.0,0.041990256894645084,0.10029950514951502,0.8907287949655482,0.8849824840484949
20260805,149317114-149317152-004,carcinoma_in_situ,0.12357490220854195,-0.07899666472068623,-0.07282107258041992,-0.08517225686095253,0.07214678365077087,143.0,-128.0,0.05890286163409664,0.18247776384263859,0.838730996022669,0.7597343313019828
20260805,149317204-149317230-001,severe_dysplastic,-0.03523246158773419,-0.022716043312715595,-0.03257619344748508,-0.012855893177945998,-0.007680778713367031,323.0,181.0,0.16626454858855477,0.13103208700082059,0.8667561138049316,0.844040070492216
20260805,149788716-149788727-003,light_dysplastic,-0.009068165633868197,0.001641060077747003,0.009139106314908996,-0.00585698615941499,0.028775349594100774,107.0,86.0,0.0487701824455366,0.039702016811668406,0.8857122919670998,0.8873533520448468
20260805,153276386-153276405-004,moderate_dysplastic,0.059308169872959726,-0.03792433768721348,-0.06705270443676725,-0.008795970937659714,0.039105149708738685,527.0,191.0,0.0002646047556080777,0.059572774628567804,0.8745795452137645,0.836655207526551
20260805,153314759-153314767-002,light_dysplastic,-0.01645335098932954,-0.05568305815037633,-0.05437233439570832,-0.05699378190504423,0.03747177573270155,339.0,337.0,0.020784220620611027,0.0043308696312814865,0.9102639888324199,0.8545809306820435
20260805,153314857-153314882-002,light_dysplastic,-0.05549765372388704,0.01204325401712314,0.020594199983447248,0.003492308050799031,-0.07699435401381904,-1355.0,916.0,0.07873845172435784,0.023240798000470797,0.894391327411912,0.9064345814290351
20260805,153314956-153314985-001,severe_dysplastic,0.09095303725963566,-0.016308216079664817,-0.009628683609362199,-0.022987748549967435,-0.02292618049154016,104.0,333.0,0.18720402556486537,0.27815706282450103,0.8918524668862844,0.8755442508066196
20260805,153315615-153315624-002,severe_dysplastic,-0.22649931526212563,-0.012868351135685407,-0.02185089980223498,-0.003885802469135835,-0.013323761829722058,256.0,-1337.0,0.2828834989655876,0.05638418370346199,0.8894093729465059,0.8765410218108205
20260805,153354589-153354597-001,light_dysplastic,-0.005041949937880819,-0.04289740386013108,-0.041995384059567153,-0.04379942366069489,0.19004737495263962,-161.0,262.0,0.1676636619441918,0.16262171200631098,0.8278381377007875,0.7849407338406564
20260805,153654325-153654351-002,severe_dysplastic,-0.027407654433588835,-0.11146482150910042,-0.05123460377798694,-0.1716950392402139,0.053603020797489354,347.0,517.0,0.07524946049273507,0.04784180605914623,0.8752623033479628,0.7637974818388624
20260805,153654325-153654360-003,severe_dysplastic,0.058785533358047704,-0.13750908492978753,-0.16722306262802816,-0.10779510723154684,0.052644981594829776,405.0,597.0,0.16996765424869326,0.22875318760674096,0.7059670017328226,0.568457916803035
20260805,153657257-153657289-002,light_dysplastic,-0.12569904708958402,0.03210012119218897,0.03887814590779348,0.025322096476584455,-0.11539859244435524,-560.0,-585.0,0.15382892961480155,0.02812988252521753,0.9193956213681733,0.9514957425603623
20260805,153657698-153657708-001,light_dysplastic,-0.0005886536691017963,-0.07970357734271682,-0.09021429775260459,-0.06919285693282884,0.29767287451886737,1546.0,562.0,0.027890159693853223,0.027301506024751426,0.8970752340706984,0.8173716567279816
20260805,153659229-153659243-003,severe_dysplastic,-0.04680583073939382,-0.15515864138769775,-0.0992720508157513,-0.2110452319596442,0.08247656512842272,378.0,115.0,0.09412235043271033,0.04731651969331652,0.8261937769866414,0.6710351355989437
20260805,153697342-153697366-001,moderate_dysplastic,-0.0028988311397487587,-0.026727086872946115,-0.018346363746412964,-0.03510780999947927,0.0061273597691160475,112.0,-171.0,0.08312451488776085,0.08022568374801209,0.8847996698293059,0.8580725829563598
20260805,153701139-153701148-001,light_dysplastic,-0.00035468006013522624,-0.020414188222664276,-0.021611659396785887,-0.019216717048542886,-0.021898318372346792,307.0,66.0,0.016879963613175952,0.016525283553040726,0.9565473472152046,0.9361331589925403
20260805,153826963-153826976-001,severe_dysplastic,-0.024800773886009098,-0.021234904338649496,-0.01876347841249626,-0.023706330264802844,0.04140184717483375,122.0,25.0,0.2231012793267958,0.1983005054407867,0.8314077184143311,0.8101728140756816
20260805,153827595-153827664-001,carcinoma_in_situ,0.08389743287980889,-0.14341814464168223,-0.15502867353816452,-0.13180761574519995,0.05494036176433986,689.0,-36.0,0.7669689692078441,0.850866402087653,0.8385293108245047,0.6951111661828224
20260805,153828877-153828897-001,severe_dysplastic,-0.20570396473905994,0.03251891622524916,-0.02698970248023791,0.09202753493073634,0.09316992359385046,116.0,-727.0,0.2648476159238974,0.05914365118483744,0.7867954286127272,0.8193143448379764
20260805,153829063-153829073-001,severe_dysplastic,-0.3313837980409229,-0.010230855292655883,-0.0023261830023246777,-0.0181355275829872,-0.011420946452161296,17.0,-397.0,0.42398610594741903,0.09260230790649615,0.9006125481251532,0.8903816928324974
20260805,153829063-153829073-002,severe_dysplastic,-0.1190095652120966,-0.04885904062927626,-0.04105731822854719,-0.05666076303000528,-0.06223158980139731,153.0,-132.0,0.19797279607406182,0.07896323086196522,0.7252119200794399,0.6763528794501636
20260805,153829664-153829678-001,moderate_dysplastic,-0.026813489875670116,-0.031942234764669175,-0.0527346854154197,-0.011149784113918537,0.006504961005228682,518.0,-991.0,0.290815698104957,0.2640022082292869,0.8179125009963009,0.7859702662316317
20260805,153831426-153831438-001,carcinoma_in_situ,0.9971152771716327,-0.07851818959491574,-0.04649304828984202,-0.11054333089998952,0.007298241104399916,374.0,409.0,3.6804397441981336,4.677555021369766,0.7222191695076821,0.6437009799127663
20260805,153831471-153831479-001,carcinoma_in_situ,-0.8376782292765588,0.028420964470558308,-0.01046004577179338,0.0673019747129101,0.032113649208094674,119.0,-271.0,1.009583843981457,0.1719056147048983,0.8093619837618616,0.8377829482324199
20260805,153915316-153915330-003,severe_dysplastic,-0.01109891214063552,0.0278364534241482,0.034248417633784056,0.021424489214512343,0.07101905964374744,-162.0,164.0,0.20400981297165416,0.19291090083101864,0.8430372623413137,0.8708737157654619
20260805,153956040-153956058-006,normal_columnar,0.02187478904097262,0.026492108526610325,0.03354382959335778,0.019440387459862873,-0.005543451047340553,-111.0,-16.0,0.028703171362575386,0.050577960403548006,0.7641400908596733,0.7906321993862836
20260805,153956444-153956458-001,normal_columnar,0.07861626055178933,0.05378123139190838,0.0771180222771286,0.03044444050668793,0.04767170698472911,113.0,287.0,0.15115855504293368,0.22977481559472301,0.7196723634809115,0.7734535948728198
20260805,153956444-153956458-003,normal_columnar,-0.009532818213503047,0.06103494828739631,0.05759324630181506,0.06447665027297744,0.03911620414597761,61.0,-167.0,0.21154710769810126,0.2020142894845982,0.7541921399906835,0.8152270882780798
20260805,153958345-153958364-001,normal_columnar,-0.1536545216869034,-0.02473711360963271,-0.03197984533878362,-0.017494381880481913,0.08687417451340662,-98.0,-61.0,0.162048889647456,0.008394367960552596,0.846239279516594,0.8215021659069612
20260805,153958547-153958572-003,normal_columnar,0.0658907849829351,-0.011705788882210633,-0.018206900750514676,-0.005204677013906478,-0.0023122258840186927,63.0,35.0,0.2839668508287292,0.3498576358116643,0.8130253892414383,0.8013196003592277
20260805,153958547-153958572-004,normal_columnar,0.269886523173267,-0.016192521775598934,-0.013968829651594517,-0.01841621389960324,0.004783243611165,121.0,258.0,0.14508463672550365,0.41497115989877065,0.8673844263499602,0.8511919045743612
20260805,157181146-157181197-003,normal_columnar,0.02037867376833913,-0.045951548764263106,-0.01980914481748819,-0.07209395271103791,0.1353745411701106,35.0,155.0,0.0277225513169449,0.04810122508528403,0.7907088295954898,0.7447572808312267
20260805,157181387-157181418-001,normal_superficiel,-0.009511245216636433,0.18117460935906504,0.3536668467275056,0.008682371990624604,-0.09764916670314483,-916.0,4248.0,0.010496490169159387,0.0009852449525229534,0.707646779229294,0.888821388588359
20260805,157183412-157183656-001,normal_intermediate,-0.010797186467406801,0.05611139444745672,0.11872342437277061,-0.006500635477856953,-0.008488353150184147,-349.0,409.0,0.021024468785223894,0.010227282317817093,0.865903099561594,0.9220144940090507
20260805,157183828-157183887-001,normal_intermediate,2.746646710052869e-05,-0.026920887813260963,-0.03685829978038058,-0.016983475846141127,-0.04633202321644303,172.0,1258.0,0.0015806071456495874,0.001608073612750116,0.905198241301449,0.878277353488188
20260805,157184850-157184920-001,normal_columnar,-0.04784051285179952,0.049725952348620206,0.04327466585473805,0.056177238842502364,0.001332279084194088,-126.0,-418.0,0.0656744235558448,0.017833910704045275,0.8398907513007488,0.889616703649369
20260805,157185164-157185177-001,normal_superficiel,-0.0008008407558404186,0.005203967713622193,0.00422613085823309,0.0061818045690114065,0.014167753785833459,-15.0,-6575.0,0.0010369923493195694,0.0002361515934791508,0.9254036935807344,0.9306076612943566
20260805,157222647-157222660-001,normal_intermediate,-0.014517895352470403,0.07215824542432914,0.13658620115531883,0.007730289693339332,0.01763861394979782,-453.0,-737.0,0.02388209591595684,0.009364200563486438,0.8512048909516666,0.9233631363759958
20260805,157223394-157223428-001,normal_intermediate,-0.0013462297150259213,-0.0154684272571316,-0.021730314700836195,-0.009206539813427006,0.05741882814242116,14.0,2184.0,0.0022346022861559345,0.0008883725711300132,0.9471149860476195,0.9316465587904879
20260805,157223735-157223751-001,normal_superficiel,-0.0001697384035974272,-0.015560330684791457,-0.027781859238579787,-0.003338802131003016,-0.046628625163118276,76.0,-712.0,0.0009368137106057026,0.0007670753070082754,0.947408315365436,0.9318479846806446
20260805,157224172-157224207-003,normal_columnar,-0.08645152013696616,0.022857123789018385,0.027380952380952395,0.018333295197084265,-0.03598423486414637,176.0,-294.0,0.12622895440639298,0.039777434269426815,0.7124625930497887,0.735319716838807
20260805,157224297-157224320-001,normal_superficiel,0.0003780070936425361,0.00405020265454481,0.014832540322954668,-0.006732135013864937,0.023898872693237316,0.0,3448.0,0.0004352481509535648,0.0008132552445961009,0.9493531809504192,0.953403383604964
20260805,157224352-157224395-001,normal_superficiel,-0.0013886715186598115,0.01915271250778705,0.07664308998913383,-0.038337664973559726,0.08716987818284128,-179.0,6924.0,0.0030715878812763737,0.0016829163626165622,0.8900741606213347,0.9092268731291218
20260805,157227461-157227503-001,normal_columnar,-0.030782455273296927,0.033125131911811434,0.037719084748992215,0.028531179074630653,-0.045264464748242306,-197.0,16.0,0.13551528575371635,0.10473283048041943,0.8443340011503457,0.8774591330621572
20260805,157227461-157227503-002,normal_columnar,-0.08105414658186061,-0.03834166115804827,-0.02864403009486427,-0.048039292221232266,-0.057866603492644275,264.0,122.0,0.09047972835411366,0.009425581772253055,0.8640294620615363,0.825687800903488
20260805,157267059-157267072-004,normal_columnar,-0.08279527255504515,0.010467597272255325,-0.012572850606951236,0.033508045151461996,0.01853669245267653,63.0,-123.0,0.19171492928249345,0.1089196567274483,0.8679696662662261,0.8784372635384814
20260805,157267647-157267732-001,normal_superficiel,0.0011819069730583248,-0.01396457664352857,-0.013648950976709595,-0.014280202310347767,0.007912379075742715,-12.0,4086.0,0.002430125754177604,0.003612032727235929,0.937540898685441,0.9235763220419124
20260805,158986813-158986820-002,normal_columnar,0.016731454382634625,0.013970510985609086,0.007092170990180668,0.020848850981037614,0.004487084997963797,-4.0,328.0,0.041685505376378135,0.05841695975901276,0.8582435066043659,0.872214017589975
20260805,158987453-158987462-001,normal_superficiel,-0.015444859355409957,0.080459787808426,0.13620611568818025,0.024713459928671577,-0.504842309758898,-722.0,-3121.0,0.035788802614971846,0.02034394325956189,0.5837852892292076,0.6642450770376336
20260805,158987493-158987499-001,normal_superficiel,-0.0012838967983550657,0.012698386355423197,0.004725892966744749,0.020670879744101645,-0.03883282642916763,-18.0,-2313.0,0.006757902140508403,0.0054740053421533375,0.8884250585844785,0.9011234449399017
20260805,158987493-158987505-001,normal_superficiel,0.02143371838537727,-0.11176773232408299,0.002005909797189287,-0.22554137444535516,0.010263317736620259,-5.0,12984.0,0.022980208546031382,0.04441392693140865,0.658971289237558,0.547203556913475
20260805,204870926-204870933-002,light_dysplastic,-0.024589413904562596,0.04650214539941533,0.012371175517562172,0.08063311528126837,-0.020177471131401115,39.0,-160.0,0.1494218618444606,0.124832447939898,0.7787718159968334,0.8252739613962488
20260805,209522940-209522991-001,normal_intermediate,0.00011583240910942316,-0.007735370025030552,-0.007416457961303413,-0.008054282088757692,0.01995190733366492,-24.0,-198.0,0.00016770902691744943,0.0002835414360268726,0.973143300476489,0.9654079304514585
20260805,209565409-209565466-001,normal_intermediate,-0.0020044186727563827,0.0041533004833747,0.01431372249332874,-0.006007121526579562,-0.007473587326768172,-90.0,-1813.0,0.0088351173507769,0.006830698678020518,0.9052387072440415,0.9093920077274162
20260805,209565698-209565729-001,normal_intermediate,0.0059533422386319895,-0.025554954147645303,-0.06774178357227556,0.016631875276985064,0.0759071066714932,641.0,-7623.0,0.003290359069350126,0.009243701307982116,0.8816071443148994,0.8560521901672541
