cell_id,class,model,raw_circularity_ae,closing_circularity_ae,dual_null_circularity_ae,benefit_closing,benefit_null,specific_advantage,raw_nucleus_dice,closing_nucleus_dice,dual_null_nucleus_dice,raw_foreground_dice,closing_foreground_dice,dual_null_foreground_dice,raw_nc_ae,closing_nc_ae,dual_null_nc_ae,raw_area_ae,closing_area_ae,dual_null_area_ae,raw_invalid,closing_invalid,dual_null_invalid,raw_pred_circularity,gt_circularity,roundness_group
148495842-148495854-001,light_dysplastic,baseline,0.1480747988283474,0.16410117283815773,0.16331123334150743,-0.012825395940552542,-0.011741702723171654,-0.0007899394966502937,0.9220575414123802,0.9226211223422796,0.9226211223422796,0.8975471453732633,0.8976791916409201,0.898195235924155,0.11590754040801132,0.11529111677383935,0.11529111677383935,421.0,418.0,418.0,0.0,0.0,0.0,0.6376448488904618,0.4895700500621144,over_circular
148497551-148497588-001,light_dysplastic,baseline,0.008447609322240535,0.029978763630301386,0.029978763630301386,-0.014154513063374341,-0.016052107555033834,0.0003281826384048392,0.9745318352059925,0.9744355290166076,0.9744355290166076,0.9142995129249976,0.9142700226335714,0.9139625477849335,0.16067197371849884,0.1625133058050251,0.1625133058050251,110.0,115.0,115.0,0.0,0.0,0.0,0.8290275181966573,0.8205799088744168,over_circular
148497788-148497816-002,light_dysplastic,baseline,0.09872625580518368,0.009701893394850947,0.01128575150040878,0.08934751158130982,0.0874405043047749,0.0019070072765349222,0.9062119366626066,0.9120426459898231,0.9047734431790647,0.8539025873249351,0.8569947146039765,0.8569947146039765,0.018560673852481474,0.017828593775613633,0.017828593775613633,327.0,305.0,305.0,0.0,0.0,0.0,0.6475809265281439,0.7463071823333276,under_circular
148503209-148503222-001,light_dysplastic,baseline,0.30817096085927437,0.26385867096806165,0.2664730756907178,0.04655116309189672,0.04712482498759035,-0.00037778710068481214,0.8704906204906205,0.868837711406981,0.8686577905721482,0.8349497777491615,0.8342044230271044,0.8328342508585337,0.06683859219522037,0.07035055862864853,0.07035055862864853,1374.0,1402.0,1402.0,0.0,0.0,0.0,0.4432917986087102,0.7514627594679846,under_circular
148503209-148503231-001,light_dysplastic,baseline,0.11578209186306188,0.03744581058081797,0.03670000935616924,0.07225746718400683,0.0716944010310287,0.0005630661529781311,0.8551309736175007,0.8517202692595363,0.8517202692595363,0.825257744069617,0.8218359368391317,0.8218359368391317,0.2535049345593242,0.26478238227794215,0.26478238227794215,1539.0,1584.0,1584.0,0.0,0.0,0.0,0.5386987943730689,0.6544808862361308,under_circular
148503400-148503432-001,light_dysplastic,baseline,0.0027111508307194887,0.11514780048172513,0.11828939399056448,-0.11243664965100564,-0.10876131169566461,-0.003081026520312391,0.9340688673369517,0.9401043970627267,0.9401043970627267,0.9171411105947813,0.9211686846673048,0.9211686846673048,0.021131478515787783,0.016150097668890695,0.016150097668890695,561.0,514.0,514.0,0.0,0.0,0.0,0.6743705935849151,0.6770817444156346,under_circular
148503568-148503580-002,light_dysplastic,baseline,0.18117885579786047,0.21719807835906052,0.21773656783681067,-0.036079685246632076,-0.03624296351502432,0.00032583459522605995,0.8774002954209749,0.8793650793650793,0.8798185941043084,0.8234098528174705,0.8247181399771628,0.8250676569834088,0.09649813312966854,0.09863828709849892,0.09863828709849892,324.0,333.0,333.0,0.0,0.0,0.0,0.6679618717027584,0.486783015904898,over_circular
148718455-148718461-001,light_dysplastic,baseline,0.14754338587436444,0.016423218217635704,0.016323738897025764,0.12086712278585765,0.1190795927321121,-9.947932060994091e-05,0.9668527564549896,0.9690996579511856,0.9689837092005333,0.9349828091044574,0.9365427066635807,0.936457338780516,0.01949968661785556,0.02612130925009859,0.02612130925009859,490.0,437.0,437.0,0.0,0.0,0.0,0.7206022058669193,0.8681455917412837,under_circular
148719308-148719348-004,light_dysplastic,baseline,0.021452859224343257,0.015857733106223848,0.015498742238487573,0.005164651400438536,0.005164652361244193,-9.608056572574242e-10,0.9611351017890192,0.9613486842105263,0.9613486842105263,0.9378010948606377,0.9376287733314359,0.9379650845298704,0.05785739942528734,0.05835017545750698,0.05835017545750698,169.0,170.0,170.0,0.0,0.0,0.0,0.8062627212674002,0.8277155804917434,under_circular
148719308-148719357-001,light_dysplastic,baseline,0.05004608662644028,0.007030749448441065,0.0073273849989269335,0.04301533717799921,0.042718701627513345,4.616387050404569e-09,0.9772972972972973,0.9769866954332974,0.9762675296655879,0.8964776325464832,0.8961760373526587,0.8956775269889485,0.026880492213463336,0.02467192737257423,0.02467192737257423,12.0,22.0,22.0,0.0,0.0,0.0,0.7447240340569417,0.7947701206833819,under_circular
148848523-148848559-002,moderate_dysplastic,baseline,0.018142761533494478,0.025969067754698982,0.026136322812818413,-0.004136178916987809,-0.004136180493930608,1.5769427985645734e-09,0.9467814517706906,0.9465962441314554,0.94679186228482,0.8444270519696607,0.8443031044451177,0.8442793920732643,0.08508191262683384,0.08458841081599089,0.08458841081599089,266.0,265.0,265.0,0.0,0.0,0.0,0.8550193030645109,0.8368765415310164,over_circular
148881870-148882178-002,light_dysplastic,baseline,0.02331315536584022,0.03806558428276885,0.038689832970534854,-0.01725526286043977,-0.017623424900534257,0.0003681620400944885,0.8756544502617801,0.8743193204094969,0.8743193204094969,0.8223789926469212,0.8212897453388498,0.8212897453388498,0.47553372192467,0.4805846495585371,0.4805846495585371,560.0,567.0,567.0,0.0,0.0,0.0,0.7624092410682318,0.7491049286553086,over_circular
148882307-148882323-001,light_dysplastic,baseline,0.003477067784279808,0.1478287785458705,0.1450364560389481,-0.14647439000226492,-0.1401400313554031,-1.9288888264412662e-09,0.9529064345663661,0.9566630552546046,0.9560439560439561,0.8932667158646375,0.8956986419822424,0.8952694429497396,0.03055212850600536,0.026102943387107058,0.026102943387107058,568.0,514.0,514.0,0.0,0.0,0.0,0.6732905581318978,0.6767676259161776,under_circular
148882535-148882616-001,light_dysplastic,baseline,0.21135245867360303,0.18883264588277493,0.19704081811946444,0.050777732457435165,0.04315995902276232,0.007617773434672848,0.7733954822517031,0.7670697012802276,0.7670697012802276,0.8085949637207798,0.8040013182375636,0.8040013182375636,0.1520326018288436,0.1590592287502648,0.1590592287502648,2528.0,2620.0,2620.0,0.0,0.0,0.0,0.2951180311439508,0.5064704898175538,under_circular
148882671-148882687-001,light_dysplastic,baseline,0.26379122626624807,0.1849953283092176,0.18861005283619026,0.06744021920600285,0.06892904086755669,0.0006118201810376145,0.7009164610504054,0.6983318700614575,0.6983318700614575,0.6994853501945242,0.6969634698862551,0.6972160461642911,0.327323029709047,0.3367749030486101,0.3367749030486101,3394.0,3436.0,3436.0,0.0,0.0,0.0,0.4586856422386657,0.7224768685049138,under_circular
149011613-149011656-001,light_dysplastic,baseline,0.11850756543607155,0.020181470545502456,0.020371022160084906,0.0983260948905691,0.09813654327598664,0.0001895516145824505,0.9706249291142112,0.9718802936194241,0.9723320158102767,0.846330614698594,0.8460414911579243,0.8455317334690472,0.020804435971118362,0.022354773895424424,0.022354773895424424,114.0,131.0,131.0,0.0,0.0,0.0,0.708975251717874,0.8274828171539456,under_circular
149013033-149013072-001,moderate_dysplastic,baseline,0.01588084529235312,0.008377260035161482,0.008062542257559757,0.008744643746617653,0.00807395931770194,-0.00031471777760172515,0.9780965303353363,0.978690430065866,0.9779155366137157,0.8920257477499574,0.8918711289450696,0.8915801097848144,0.07523185411577299,0.07657201392187202,0.07657201392187202,91.0,88.0,88.0,0.0,0.0,0.0,0.7997400998852214,0.8156209451775746,under_circular
149014929-149014984-001,moderate_dysplastic,baseline,0.057041793078858816,0.065210230357172,0.06501396906310641,0.0,0.0,-0.00019626129406558057,0.96345116836429,0.9632203186773691,0.9632203186773691,0.9000280972215001,0.899897174419781,0.8997074750932137,0.09798558380031519,0.09738094542779097,0.09738094542779097,126.0,126.0,126.0,0.0,0.0,0.0,0.8140739111924375,0.7595941840419657,over_circular
149014929-149015008-003,moderate_dysplastic,baseline,0.2453909969731244,0.2018421329407184,0.20267925571449075,0.0315976775144895,0.030165273067503717,0.0008371227737723475,0.7890535917901939,0.7882671223124021,0.7882671223124021,0.7297614063126604,0.7288670021901267,0.7288670021901267,0.35604289140069045,0.3624304187626506,0.3624304187626506,1480.0,1487.0,1487.0,0.0,0.0,0.0,0.581172305396749,0.8265633023698734,under_circular
149014929-149015022-001,light_dysplastic,baseline,0.07940076754244074,0.045883570363149495,0.04854090363550134,0.03351719717929125,0.0308598639069394,0.0017460363659995704,0.8988308049086868,0.8966181713074477,0.8964254745158493,0.9056913318450536,0.9040021952806989,0.9038651236400717,0.12637485166787837,0.13020097048855178,0.13020097048855178,1043.0,1073.0,1073.0,0.0,0.0,0.0,0.5658797951453856,0.6452805626878263,under_circular
149014929-149015022-002,light_dysplastic,baseline,0.09397313003379543,0.11337842593098246,0.11245034146450128,-0.061283871639180254,-0.06035578717269907,0.0012688346375623327,0.9361108342469849,0.9342615614122327,0.9340626553953257,0.9163896607062341,0.9148560650455739,0.9147566120371204,0.06228653243103488,0.06608693674110155,0.06608693674110155,579.0,601.0,601.0,0.0,0.0,0.0,0.6262274488991313,0.5741328946073291,over_circular
149053341-149053350-001,moderate_dysplastic,baseline,0.050261925202849556,0.013730503031689323,0.014337384730736868,0.03653142217116023,0.03592454047211269,0.0006068816990475456,0.9635833940276766,0.9649824306312856,0.9642554222706895,0.9082655944035772,0.9092126837014319,0.9086802701128798,0.0211358885230023,0.01866902267350562,0.01866902267350562,224.0,209.0,209.0,0.0,0.0,0.0,0.7717848183037109,0.8220467435065605,under_circular
149053945-149053969-001,moderate_dysplastic,baseline,0.14390668561596553,0.11910720203788405,0.11910719968854389,0.024799483578081483,0.02577785421957446,-0.0014104011693590879,0.9065032615141332,0.9050720347345569,0.9054667456088416,0.8624866414151345,0.8617960125098549,0.8617960125098549,0.08917608683165812,0.09034000160967542,0.09034000160967542,457.0,465.0,465.0,0.0,0.0,0.0,0.6999568409399757,0.8438635265559412,under_circular
149053945-149053976-001,moderate_dysplastic,baseline,0.17280617777591611,0.09370958774754423,0.09896107456268488,0.08174546161812757,0.08174546161812757,0.005251486815140649,0.7255563047875927,0.7272727272727273,0.7221700013428226,0.7971004471124963,0.7979565705923855,0.7950151119513358,0.03781292749316989,0.0362413965664819,0.0362413965664819,1309.0,1277.0,1277.0,0.0,0.0,0.0,0.6835363742981132,0.8563425520740293,under_circular
149054642-149054677-003,light_dysplastic,baseline,0.017274986212277854,0.011793206372437526,0.011793207374075076,0.0010265500625111779,0.0010265480611379996,2.001373178295296e-09,0.9455337690631809,0.9460165433173705,0.9460165433173705,0.8909058196454163,0.8913362466575774,0.8916268938690017,0.1165315307243231,0.11632861417164847,0.11632861417164847,242.0,238.0,238.0,0.0,0.0,0.0,0.7529606282675888,0.7642040720952874,under_circular
149056321-149056343-001,severe_dysplastic,baseline,0.06906551408752337,0.01268014563144726,0.012416811859783605,0.05638536845607611,0.05664870222773977,-2.9997838657536136e-09,0.986052764241304,0.9854026845637583,0.9848993288590604,0.9614395136877312,0.9606676687191558,0.9603093103317317,0.03203987997345631,0.0341169869021703,0.0341169869021703,116.0,134.0,134.0,0.0,0.0,0.0,0.717545562519838,0.7866110766073614,under_circular
149056321-149056360-001,severe_dysplastic,baseline,0.08996678077585618,0.07658912582751831,0.07593022670033756,-0.004684704759560843,-0.00579880356861695,-0.0005297122717198288,0.8350738916256157,0.8337595907928389,0.8337595907928389,0.777665563176152,0.77622365558345,0.77622365558345,0.4341886183209325,0.43976583966958205,0.43976583966958205,837.0,845.0,845.0,0.0,0.0,0.0,0.7217622650078769,0.6317954842320207,over_circular
149056410-149056458-001,severe_dysplastic,baseline,0.05458161539692552,0.06255022758626294,0.06255023620740385,-0.007783574725675035,-0.008152462907431657,0.0005913037225182549,0.9294245385450597,0.9294245385450597,0.9298118668596237,0.8799056394382757,0.8795759156629928,0.8802140295889718,0.2900631024200818,0.2912702739539321,0.2912702739539321,190.0,191.0,191.0,0.0,0.0,0.0,0.8365100586377021,0.7819284432407766,over_circular
149056873-149056884-001,severe_dysplastic,baseline,0.008012873460987557,0.033618029986291376,0.03361803117665829,-0.025605156525303818,-0.026616450354026933,0.0004670938355226806,0.9766937669376694,0.9761775852734164,0.9756361667569031,0.915355283039669,0.9153213656825945,0.9152735419568337,0.06414997211230089,0.06165264796382708,0.06165264796382708,19.0,13.0,13.0,0.0,0.0,0.0,0.7974655496074466,0.7894526761464591,over_circular
149056873-149056884-002,severe_dysplastic,baseline,0.01636056945126252,0.003565543193933318,0.002504748904994303,0.0127950262573292,0.013855820546268216,-0.0005280477017435281,0.9483537766300839,0.9490322580645161,0.9490322580645161,0.8370617229786679,0.837607971587877,0.837607971587877,0.3468226072763221,0.345087606842572,0.345087606842572,160.0,158.0,158.0,0.0,0.0,0.0,0.733202861090087,0.7495634305413496,under_circular
149056933-149056982-002,severe_dysplastic,baseline,0.0308958036464827,0.0390368611505868,0.039036865488983996,-0.008455705088526555,-0.008455711075853745,5.987327189593827e-09,0.964349376114082,0.9648106904231626,0.9639198218262807,0.9139665571535862,0.9133432048792224,0.9121068640314434,0.054572368823479045,0.05403727173665779,0.05403727173665779,53.0,55.0,55.0,0.0,0.0,0.0,0.7888497115564868,0.757953907910004,over_circular
149057756-149057766-002,moderate_dysplastic,baseline,0.013018275580916394,0.020273603596881684,0.02043243294414454,-0.014414371742622611,-0.014652458129940427,0.0006191271774739215,0.9619615886630617,0.961789375582479,0.9614165890027959,0.9064662681949518,0.9064543001314481,0.9064543001314481,0.09074067834722477,0.08933606112681614,0.08933606112681614,92.0,99.0,99.0,0.0,0.0,0.0,0.8093614412175438,0.8035814664033397,over_circular
149057756-149057788-002,moderate_dysplastic,baseline,0.0927277129966243,0.30770236379225724,0.3072523794555019,0.05574414986215159,0.05619413419890695,0.003461860237830905,0.9166462967489611,0.9178594664931685,0.914281067013663,0.8403119777635518,0.8411944933941857,0.8385980980824772,0.27790025202365176,0.2743154115152997,0.2743154115152997,268.0,244.0,244.0,0.0,0.0,0.0,0.7561460168939476,0.8488737298905719,under_circular
149057812-149057825-003,moderate_dysplastic,baseline,0.054007002718621355,0.01813785756972419,0.018443122225670017,0.035869145148897164,0.03556388049295134,0.00030526465594582497,0.9146447559207347,0.9127918194096083,0.9127918194096083,0.9026890558221455,0.9012242141134286,0.9012242141134286,0.029568949567806868,0.03190218099297443,0.03190218099297443,883.0,904.0,904.0,0.0,0.0,0.0,0.7688457858039993,0.8228527885226207,under_circular
149057812-149057825-005,moderate_dysplastic,baseline,0.05220223596786755,0.05852671549036437,0.05852671782456709,-0.0063244795224968176,-0.0063244818566995376,2.257275588668506e-09,0.9474157303370786,0.9474157303370786,0.9474157303370786,0.8272293218818201,0.8273823566980087,0.8270646004070317,0.1931819314862,0.19299399724145078,0.19299399724145078,39.0,37.0,37.0,0.0,0.0,0.0,0.8455558692172507,0.7933536332493831,over_circular
149057812-149057847-004,moderate_dysplastic,baseline,0.036199668126367546,0.036199668126367546,0.036199668126367546,0.0,0.0,0.0,0.942226713828533,0.942226713828533,0.942226713828533,0.9086714851734095,0.9084278098239403,0.9084278098239403,0.08262596411804157,0.08262596411804157,0.08262596411804157,293.0,293.0,293.0,0.0,0.0,0.0,0.8276704073125181,0.7914707391861505,over_circular
149057812-149057847-005,moderate_dysplastic,baseline,0.0061783346747366075,0.030099023605832054,0.03009903770804412,-0.023039239511364884,-0.02303925361357695,1.410221206477047e-08,0.9601668404588113,0.9608170070862859,0.96040016673614,0.9434116705122528,0.9438735431534367,0.9435667123106474,0.016408848141613752,0.017117956166694592,0.017117956166694592,308.0,302.0,302.0,0.0,0.0,0.0,0.7964501032392137,0.7902717685644771,over_circular
149058262-149058272-003,moderate_dysplastic,baseline,0.05505647061292129,0.028772403462392626,0.029098157606729402,0.0243707509048956,0.024791642192624752,-0.00042089128772915263,0.8867203219315896,0.8880627009646302,0.8880627009646302,0.8665215488922016,0.8674406966417956,0.8674406966417956,0.16228377322848092,0.1603273224280377,0.1603273224280377,1126.0,1114.0,1114.0,0.0,0.0,0.0,0.6953686372083506,0.7504251078212719,under_circular
149061666-149061699-003,moderate_dysplastic,baseline,0.042077667773443905,0.012696137648270156,0.012431287085041265,0.026873436643680693,0.02659272133063828,8.660190342624219e-10,0.9594808483697372,0.9606324110671937,0.9596837944664032,0.9254374272093393,0.9261357874917926,0.9255436102616472,0.02675010478907691,0.027495628186176346,0.027495628186176346,234.0,227.0,227.0,0.0,0.0,0.0,0.7529870336529237,0.7950647014263676,under_circular
149095913-149095926-001,light_dysplastic,baseline,0.5807450759378812,0.5043789398534895,0.5138587285050442,0.07636613608439169,0.054134275879877514,0.022231860204514176,0.8102914487028932,0.8222363136757557,0.8220249418727542,0.7672086272621713,0.7745299215437602,0.774385019955985,0.16607139692881837,0.1552679331136695,0.1552679331136695,1777.0,1682.0,1682.0,0.0,0.0,0.0,0.2855808845475098,0.8663259604853909,under_circular
149097324-149097373-001,moderate_dysplastic,baseline,0.019740804873295104,0.03068902812771923,0.030689026774314843,-0.026650126885636727,-0.02665012553223234,3.1610609685372992e-09,0.9184741959611069,0.9193427931292009,0.9180980831466269,0.9120277541859743,0.9125705937100064,0.9116360174876756,0.023988374727778594,0.025217828312672386,0.025217828312672386,168.0,156.0,156.0,0.0,0.0,0.0,0.7218232045235828,0.7258621057656653,under_circular
149097594-149097637-001,moderate_dysplastic,baseline,0.2197123027328502,0.16541154959781046,0.1671789265550575,0.045443801093021596,0.042297692653046615,0.0017673769572470466,0.8521349499209278,0.8484927916120577,0.8482306684141546,0.7889366854300041,0.7858523216979099,0.7856481753540576,0.2071505517303468,0.2167812753431695,0.2167812753431695,1086.0,1128.0,1128.0,0.0,0.0,0.0,0.4833616595172881,0.7030739622501383,under_circular
149097594-149097637-002,moderate_dysplastic,baseline,0.07067190620635122,0.07492757147055429,0.06978109202247063,0.0,0.0012899403255863806,-0.000556743475139343,0.9562236286919831,0.9569226715847714,0.9563957317876433,0.8085217542019133,0.8085217542019133,0.8085217542019133,0.2117947060686739,0.2117947060686739,0.2117947060686739,8.0,15.0,15.0,0.0,0.0,0.0,0.8074837604104796,0.737702668388009,over_circular
149098972-149098988-002,severe_dysplastic,baseline,0.23306311004329044,0.24897022516796635,0.24865343470180828,-0.013493189798186811,-0.014885770928779074,0.001392581130592263,0.9389497123770644,0.9380793474230626,0.9384501297738228,0.8513907961736569,0.8517087727644506,0.8517087727644506,0.24942768910897195,0.24883421518582155,0.24883421518582155,141.0,146.0,146.0,0.0,0.0,0.0,0.6494066459786169,0.4163435359353264,over_circular
149099096-149099104-001,severe_dysplastic,baseline,0.05346777391157764,0.05346777391157764,0.05346777391157764,0.0,0.0,0.0,0.9595061728395061,0.9595061728395061,0.9595061728395061,0.8688364712922203,0.8688364712922203,0.8688364712922203,0.06748376118707267,0.06748376118707267,0.06748376118707267,104.0,104.0,104.0,0.0,0.0,0.0,0.7369517023957076,0.68348392848413,over_circular
149099276-149099290-001,light_dysplastic,baseline,0.25103803170396544,0.1501014794520592,0.1527674947809745,0.10152905523171707,0.10346653396146221,-0.0007189672144304327,0.837377907562179,0.8438970661860419,0.8436968058476019,0.8339659844427356,0.837747455893739,0.8376248840728135,0.046492472692752196,0.04328962040111839,0.04328962040111839,1615.0,1559.0,1559.0,0.0,0.0,0.0,0.5064716218399429,0.7575096535439083,under_circular
149099276-149099290-002,light_dysplastic,baseline,0.07624593457028028,0.052365376977352884,0.05236537928030438,0.022444265013924047,0.022230052803270728,0.00021421221065331952,0.9683890577507599,0.969383354894351,0.9696708351300848,0.8626238586367532,0.8651528253606222,0.8648173441775312,0.014345023398440002,0.013233834851591283,0.013233834851591283,151.0,154.0,154.0,0.0,0.0,0.0,0.6129271491675281,0.6891730837378084,under_circular
149099502-149099525-002,light_dysplastic,baseline,0.07604940305932084,0.04493870327942495,0.041749940280173314,0.031020564509053217,0.034170731309999924,4.134947273470857e-09,0.9637568749118601,0.9616519174041298,0.9616519174041298,0.9334201495979034,0.9317188521732561,0.9317188521732561,0.018207258400344373,0.016957346312486243,0.016957346312486243,225.0,253.0,253.0,0.0,0.0,0.0,0.713081947492833,0.7891313505521539,under_circular
149100006-149100028-002,severe_dysplastic,baseline,0.23003029741927095,0.23003029741927095,0.23003029741927095,0.019156468095971324,0.01869603936425107,0.0,0.431117203564085,0.4348717948717949,0.4348717948717949,0.5418503800226455,0.54395435714213,0.54395435714213,0.5084113057109958,0.5071917053699321,0.5071917053699321,1660.0,1653.0,1653.0,0.0,0.0,0.0,0.48668151154175515,0.5743976296438177,under_circular
149100064-149100072-001,moderate_dysplastic,baseline,0.27067534179381325,0.11814518068831492,0.11958321389308535,0.1199478904422322,0.11506175583813572,0.0019236750398096136,0.8665895953757226,0.8637445305903124,0.8635910033008367,0.8405353579303054,0.838379442328649,0.8382753376039385,0.16530906220271524,0.16987446140050383,0.16987446140050383,1721.0,1773.0,1773.0,0.0,0.0,0.0,0.5275771061261013,0.7982524479199146,under_circular
149101620-149101650-001,moderate_dysplastic,baseline,0.010617820419891344,0.025476118692544514,0.02548823438388459,-0.01485829827265317,-0.014858298976769047,7.041158767151501e-10,0.9632662093383492,0.9644120247568524,0.9641909814323607,0.8815201741214614,0.8823190067287087,0.8821519878913215,0.1388877925029739,0.1373976102258126,0.1373976102258126,330.0,320.0,320.0,0.0,0.0,0.0,0.7388727011379163,0.7494905215578076,under_circular
149102442-149102451-001,light_dysplastic,baseline,0.10238854333362679,0.0983104404521703,0.09831043892735936,0.004078102881456491,0.004078104406267435,-1.5248109441756696e-09,0.9655273580753997,0.965679084775594,0.9650924024640657,0.8910457883874249,0.8911546762549813,0.8906995620667817,0.014733356617212645,0.014480010960313705,0.014480010960313705,187.0,186.0,186.0,0.0,0.0,0.0,0.740662522762134,0.8430510660957607,under_circular
149102510-149102519-001,moderate_dysplastic,baseline,0.04484799416785501,0.08462413554179815,0.08503368853394566,-0.0367016961602431,-0.03760369259426111,0.0004095529921475105,0.9227941176470589,0.9236144578313253,0.9232652062171093,0.8704649529547147,0.871060386756791,0.8708156186745489,0.12198825200540148,0.12021987447914784,0.12021987447914784,426.0,415.0,415.0,0.0,0.0,0.0,0.7585405332482325,0.7136925390803774,over_circular
149105003-149105050-001,light_dysplastic,baseline,0.051636934094522635,0.038710537541025936,0.04292684498414845,-0.009162462612555156,-0.011619186215669042,0.002456723603113886,0.9176103084732526,0.9205607476635514,0.919392523364486,0.8909793727122146,0.892880050366478,0.8920849825879458,0.05038890074500624,0.049210101719541766,0.049210101719541766,398.0,384.0,384.0,0.0,0.0,0.0,0.6732288440194713,0.6518780792811041,over_circular
149105289-149105300-001,moderate_dysplastic,baseline,0.06291308810410601,0.05963619542034826,0.05894017058662959,0.0,0.0,0.0,0.9484029484029484,0.9484029484029484,0.9484029484029484,0.8968848579743521,0.8968848579743521,0.8968848579743521,0.05133702520913552,0.05133702520913552,0.05133702520913552,149.0,149.0,149.0,0.0,0.0,0.0,0.836633979687907,0.8141209525962322,over_circular
149105289-149105300-002,moderate_dysplastic,baseline,0.10475183711289693,0.07406085060163115,0.07487357480787649,0.014105524139815084,0.01524565507136394,-0.0007082284961414942,0.9592657782247925,0.960060286360211,0.9588451310624287,0.8877239437119174,0.8870248169809585,0.8873325579255561,0.042453694229903194,0.044593998260386125,0.044593998260386125,60.0,49.0,49.0,0.0,0.0,0.0,0.5706640057656843,0.6754158428785813,under_circular
149105289-149105311-001,moderate_dysplastic,baseline,0.27682915074920833,0.25842054289479044,0.26103498817535864,0.01301180805095492,0.015148806162115669,0.0026144452805682006,0.8263088263088263,0.8279894379479442,0.8291210863824972,0.8055581027908754,0.8066500862056105,0.8075418556640865,0.2649421141767139,0.26167581769812603,0.26167581769812603,887.0,876.0,876.0,0.0,0.0,0.0,0.4967681641921967,0.773597314941405,under_circular
149105289-149105311-003,moderate_dysplastic,baseline,0.6169580392313998,0.5739265687118033,0.5756612743539398,0.04303147051959655,0.041296764877460035,0.0017347056421365137,0.584406779661017,0.5871807880940301,0.5871807880940301,0.5840836807569423,0.5858043897479943,0.5858043897479943,0.8960431042570929,0.8925745931283906,0.8925745931283906,2362.0,2349.0,2349.0,0.0,0.0,0.0,0.18640134701774005,0.8033593862491398,under_circular
149105289-149105311-004,moderate_dysplastic,baseline,0.4162409840202819,0.4067552670521265,0.40756884591584647,0.0065687149059986405,0.005881180179604373,0.0007319939659380381,0.6589446589446589,0.6627691430201055,0.6624839583630401,0.6796016362213075,0.6820990362881927,0.6819564439596599,0.6920736428339646,0.6885019742556238,0.6885019742556238,2271.0,2251.0,2251.0,0.0,0.0,0.0,0.33856076854425915,0.7548017525645411,under_circular
149140081-149140096-002,moderate_dysplastic,baseline,0.24600903239979566,0.18527757703179615,0.18753968786490327,0.06073145536799951,0.05846934453489239,0.0022621108331071227,0.9019492025989368,0.9007753459613308,0.8997938953773678,0.9029989352621284,0.9022024940191463,0.9014177005033368,0.017168135646397242,0.02111136405295616,0.02111136405295616,613.0,648.0,648.0,0.0,0.0,0.0,0.5141288131592638,0.7601378455590595,under_circular
149140849-149140856-001,moderate_dysplastic,baseline,0.032578050642361966,0.08581697671965266,0.08689911252498966,-0.04243780891661564,-0.04275778323472457,0.00031997431810892873,0.9328978622327792,0.9320457373067125,0.9322827181705078,0.8324035372579116,0.8310586761628938,0.8313110264435297,0.28603978214720904,0.3005205695348233,0.3005205695348233,848.0,880.0,880.0,0.0,0.0,0.0,0.5259456886229499,0.5353477853102027,under_circular
149143028-149143108-002,severe_dysplastic,baseline,0.035101904226728875,0.004151445464271486,0.004151452636537933,0.024618959889003644,0.024618960814562163,-9.255585187162296e-10,0.96057078482914,0.9604201838304258,0.9607953479647345,0.8671914576652817,0.8669994445277663,0.8672965676180338,0.1909838845270383,0.18958473526784103,0.18958473526784103,121.0,114.0,114.0,0.0,0.0,0.0,0.7369138769691922,0.7720157811959211,under_circular
149143469-149143497-003,severe_dysplastic,baseline,0.04550515159099089,0.06907691139547278,0.06947777837712255,-0.02647540509946189,-0.026475404120406276,2.6054930435392976e-09,0.925238600212089,0.9250728091077575,0.926131850675139,0.6754053550659347,0.6741983620968495,0.6736893699013964,0.9921717465095237,0.9913776359508288,0.9913776359508288,135.0,142.0,142.0,0.0,0.0,0.0,0.6875645658886499,0.642059414297659,over_circular
149146837-149146854-001,carcinoma_in_situ,baseline,0.03712945738047291,0.041035742789469754,0.04103574500814211,-0.0039097694630942925,-0.003909778347607529,8.884513236218083e-09,0.9682191147578875,0.9681072336491796,0.9681072336491796,0.8485022362474961,0.8482951765012422,0.8482951765012422,0.46629163043842325,0.4652179792265534,0.4652179792265534,55.0,54.0,54.0,0.0,0.0,0.0,0.7926502694590214,0.7555208120785485,over_circular
149181904-149181927-001,carcinoma_in_situ,baseline,0.0040791762998980685,0.020429287913161565,0.020429290216954943,-0.016350111613263496,-0.016350113917056874,7.994999884353149e-09,0.9792768959435626,0.9799515311742675,0.9799515311742675,0.9273503123785609,0.9279660136261416,0.9279660136261416,0.08903004862465758,0.08697652764820563,0.08697652764820563,47.0,43.0,43.0,0.0,0.0,0.0,0.8379440030497669,0.842023179349665,under_circular
149181904-149181951-001,carcinoma_in_situ,baseline,0.01860829747124404,0.00717967357012439,0.006812877514619453,-0.0050397854528648756,-0.005039783269178755,-2.1836861208157643e-09,0.9618889809444905,0.9623188405797102,0.9610766045548654,0.9116809967205834,0.9121251026521855,0.9107059000427958,0.0713716473795547,0.06895863484104181,0.06895863484104181,174.0,172.0,172.0,0.0,0.0,0.0,0.8314786776127516,0.8319086559219233,under_circular
149182125-149182135-002,carcinoma_in_situ,baseline,0.10839986734685625,0.11264578162984762,0.11264578480206044,-0.004275799674775871,-0.004275801281163449,3.1722128257527515e-09,0.9574813372281726,0.9573259776083076,0.9569108385813723,0.8421833614134047,0.8419700418618994,0.8419700418618994,0.18556626176686652,0.18481992639826217,0.18481992639826217,228.0,229.0,229.0,0.0,0.0,0.0,0.7508088167054109,0.6424089493585546,over_circular
149182657-149182667-001,carcinoma_in_situ,baseline,0.11838597334360323,0.1396631913850026,0.14214072456906612,-0.03012336150305006,-0.030123369488294638,0.002284939832021493,0.9463270890338876,0.9461732548359967,0.947434819175778,0.8268886919934568,0.8265424454407455,0.8280481182493062,0.08029131595649819,0.08504857168493563,0.08504857168493563,19.0,14.0,14.0,0.0,0.0,0.0,0.8403185415605562,0.721932568216953,over_circular
149182657-149182681-002,carcinoma_in_situ,baseline,0.04113164066986941,0.035534914979591936,0.035534914979591936,0.005596725690277471,0.005596725690277471,0.0,0.7879063423505343,0.7892824704813806,0.7892824704813806,0.6076742327224156,0.6086644187295226,0.6086644187295226,1.0226592365473592,1.0205813306609115,1.0205813306609115,933.0,928.0,928.0,0.0,0.0,0.0,0.7165297131873437,0.739251147774987,under_circular
149182657-149182698-003,carcinoma_in_situ,baseline,0.1648696213793236,0.17531021085067588,0.17531020889120164,-0.01044058947135229,-0.010440587511878041,1.248982639534546e-08,0.953909891248058,0.9542709232096636,0.9535806729939603,0.8879283289237312,0.8881878402689356,0.8876504998799691,0.038198374714383254,0.03912262787560028,0.03912262787560028,53.0,51.0,51.0,0.0,0.0,0.0,0.8285440665473182,0.6636744451679946,over_circular
149185604-149185616-001,carcinoma_in_situ,baseline,0.08886336657886484,0.07571288228987727,0.0757128779470373,0.013150484288987574,0.01315048863182755,-4.342839976523294e-09,0.8740187878007979,0.8743085037951884,0.8743085037951884,0.7448385753950608,0.7450564825573,0.7450564825573,0.624105420770594,0.6234549843862641,0.6234549843862641,737.0,735.0,735.0,0.0,0.0,0.0,0.6557024350859977,0.7445658016648625,under_circular
149185604-149185645-003,carcinoma_in_situ,baseline,0.09780300908370254,0.09864461029504357,0.09906416275489782,0.0,-0.0004195524598542555,-0.003958085236885234,0.9579181807525495,0.9581624282198523,0.9579280440642213,0.8107851773327965,0.8111382972982311,0.8106730369990441,1.186457330530121,1.170464880728722,1.170464880728722,351.0,349.0,349.0,0.0,0.0,0.0,0.8356411156231338,0.7378381065394313,over_circular
149185604-149185657-001,carcinoma_in_situ,baseline,0.08233655787054961,0.11500275895615275,0.11535240854196815,-0.028080363860268243,-0.028438427522598397,0.00035806366233015474,0.9422566823097327,0.9425193640440277,0.9408887077048512,0.8178585698476549,0.8178951140480608,0.8178951140480608,1.0287442393320483,1.0207047255560253,1.0207047255560253,91.0,86.0,86.0,0.0,0.0,0.0,0.7888136460508549,0.7064770881803053,over_circular
149185698-149185709-002,carcinoma_in_situ,baseline,0.010680423174161624,0.043416887891550515,0.04453980790379408,-0.03446440908271542,-0.03543165640841128,0.0011229200122435667,0.9144799456152277,0.9163952225841476,0.9163952225841476,0.7622005301115068,0.7638540189619099,0.7638540189619099,0.6109445874624635,0.5949760877913739,0.5949760877913739,629.0,616.0,616.0,0.0,0.0,0.0,0.7699611097125195,0.7592806865383579,over_circular
149185788-149185824-001,carcinoma_in_situ,baseline,0.04367716230108487,0.026397445953816878,0.026397445953816878,0.017279716347267993,0.017279716347267993,0.0,0.892579138557343,0.8933448573898012,0.892999135695765,0.7249135865844549,0.725078639623671,0.725078639623671,0.5576631725330157,0.551903068526302,0.551903068526302,573.0,569.0,569.0,0.0,0.0,0.0,0.6959078551151464,0.7395850174162313,under_circular
149190861-149190868-001,moderate_dysplastic,baseline,0.0920340105765658,0.03168038626431002,0.025193781654631597,0.06035362431225577,0.0668402289219342,-0.005017886909967961,0.9325115562403699,0.933398809158431,0.928856423792278,0.8781466416540222,0.8802597955374876,0.8757128066965794,0.049314136578789025,0.05285102722148122,0.05285102722148122,490.0,470.0,470.0,0.0,0.0,0.0,0.6815820274621068,0.7736160380386726,under_circular
149314453-149314465-001,carcinoma_in_situ,baseline,0.01988527252715333,0.008502412247065605,0.00775945005661538,0.011382860280087725,0.01212582247053795,-0.00037969220410871696,0.9733014977208596,0.9737470167064439,0.9737470167064439,0.8778086435972718,0.8781961705267687,0.8781961705267687,0.14111742221269596,0.143005377728196,0.143005377728196,94.0,91.0,91.0,0.0,0.0,0.0,0.8034551245170923,0.8233403970442457,under_circular
149314453-149314507-001,carcinoma_in_situ,baseline,0.024606768890823583,0.024606768890823583,0.024606768890823583,0.0,0.0,0.0,0.9591378536147284,0.9591378536147284,0.9591378536147284,0.8777924649272754,0.8777924649272754,0.8777924649272754,0.5026817745888539,0.5026817745888539,0.5026817745888539,81.0,81.0,81.0,0.0,0.0,0.0,0.8645684287314683,0.8399616598406447,over_circular
149314453-149314507-002,carcinoma_in_situ,baseline,0.016342500593411913,0.024012700487352823,0.026204880691085397,-0.007246095472268399,-0.007246094180605733,1.2773283541989144e-09,0.964836033188463,0.9644549763033176,0.964769647696477,0.9222441355936828,0.9219707323772868,0.9219707323772868,0.08161081196281705,0.08209268834775169,0.08209268834775169,70.0,71.0,71.0,0.0,0.0,0.0,0.7574752557473766,0.7411327551539647,over_circular
149314679-149314698-001,carcinoma_in_situ,baseline,0.04591738724912542,0.06460212181733904,0.06460212882533245,-0.018684734568213623,-0.01868474157620703,0.0004937194412187873,0.908638700049743,0.9097233725360279,0.9097233725360279,0.7344276605561846,0.7374370828442476,0.7374370828442476,2.254452827485764,2.230928235485406,2.230928235485406,551.0,545.0,545.0,0.0,0.0,0.0,0.646223684321573,0.6003062970724475,over_circular
149315229-149315310-001,severe_dysplastic,baseline,0.039422997146269845,0.03457156128135397,0.03431698734524902,-0.02125487028887363,-0.021391189443522918,0.00013631915464928923,0.9476106466211551,0.9483366549133834,0.9484899586080024,0.7201359796384645,0.72080634215238,0.7208829939996896,2.2496223252348826,2.245855251224379,2.245855251224379,644.0,635.0,635.0,0.0,0.0,0.0,0.7649006031256433,0.8043236002719132,under_circular
149315671-149315731-001,carcinoma_in_situ,baseline,0.014784388326169906,0.03579203617015758,0.03605232807652614,-0.011694538820368972,-0.011694535896759395,5.955010928815341e-10,0.905707584050039,0.90625,0.9059375,0.7231321517975426,0.7235086930455635,0.7233524430455636,1.2267244833555504,1.2095979150369662,1.2095979150369662,599.0,594.0,594.0,0.0,0.0,0.0,0.6973212091108886,0.6952355542889314,over_circular
149315671-149315740-001,carcinoma_in_situ,baseline,0.05877962056646302,0.06281676427081939,0.06281676501313249,-0.007882331038156276,-0.008443217712998274,0.0005608866748419983,0.9546827794561934,0.9553140096618358,0.9549114331723028,0.8032268691864219,0.8029384991750583,0.8022984582124367,0.8823622345803841,0.8763963687967495,0.8763963687967495,150.0,146.0,146.0,0.0,0.0,0.0,0.6664150764989967,0.6076354559325337,over_circular
149316426-149316462-004,carcinoma_in_situ,baseline,0.12393643936200338,0.137853974188343,0.13785397941141508,-0.017358716936107466,-0.01735872215917955,0.0,0.9520661157024793,0.9531043593130779,0.9517833553500661,0.8211718988386911,0.8211718988386911,0.8211718988386911,0.16625514403292163,0.16625514403292163,0.16625514403292163,128.0,128.0,128.0,0.0,0.0,0.0,0.6788956730819568,0.5549592337199534,over_circular
149316754-149316779-002,moderate_dysplastic,baseline,0.19045639009535564,0.16049718469727425,0.1602609779145696,0.02995920539808139,0.03019541218078603,-0.0002362067827046399,0.906636670416198,0.9054484178992698,0.9054484178992698,0.8678637897535535,0.8668035902756897,0.8668035902756897,0.22611180746584292,0.22914610072965047,0.22914610072965047,498.0,505.0,505.0,0.0,0.0,0.0,0.6361497489342189,0.8266061390295746,under_circular
149317002-149317010-002,severe_dysplastic,baseline,0.0849420428352573,0.11908182428959835,0.12011879948594495,-0.02141090906111054,-0.02489086072896063,0.00189474929090927,0.9572649572649573,0.9564157269125266,0.9549494330370825,0.8886677589147209,0.8874773057186356,0.8895699800297507,0.02615156657321327,0.035048034045074505,0.035048034045074505,86.0,91.0,91.0,0.0,0.0,0.0,0.7964753104537883,0.711533267618531,over_circular
149317204-149317230-002,severe_dysplastic,baseline,0.1922693845485448,0.20936964460566754,0.21172079392872445,-0.010009969503288807,-0.01000997042253482,1.0555697427250266e-09,0.9185425852866094,0.9187935034802784,0.9183294663573086,0.7931927343112322,0.7931229675585283,0.7926511866691028,0.17506463777597747,0.17432601807437076,0.17432601807437076,139.0,138.0,138.0,0.0,0.0,0.0,0.722479855783883,0.5302104712353382,over_circular
149788987-149788996-003,light_dysplastic,baseline,0.037371745060021166,0.11281785571122316,0.11419963643571929,-0.07544611065120199,-0.07682789137569812,0.0013817807244961289,0.9595263343937788,0.9587664587664587,0.9594356261022927,0.8901850776631137,0.8893711157495301,0.8898739210469897,0.05855790134452821,0.06133196034896249,0.06133196034896249,328.0,362.0,362.0,0.0,0.0,0.0,0.6993329728412698,0.6880170194329345,over_circular
153268807-153268826-001,light_dysplastic,baseline,0.18966224487536165,0.06645574253131614,0.06631387070156114,0.11957734913252671,0.11957735288088711,-6.5447581798494525e-09,0.9788345962895219,0.9814300590072892,0.9824713641096842,0.945270750105399,0.9473493912973192,0.9473493912973192,0.006333795634921285,0.0050029742512094355,0.0050029742512094355,171.0,128.0,128.0,0.0,0.0,0.0,0.6664204093004483,0.85608265417581,under_circular
153276386-153276405-001,moderate_dysplastic,baseline,0.13492127902020967,0.14337176866990275,0.14358807121950856,-0.008450489649693083,-0.00866679219929889,0.00021630254960580686,0.9583948793697686,0.9586614173228346,0.9586614173228346,0.8543868335497047,0.8546157860234902,0.8546157860234902,0.396914881020079,0.3960684117095611,0.3960684117095611,206.0,202.0,202.0,0.0,0.0,0.0,0.8005962612762509,0.6656749822560413,over_circular
153276386-153276405-002,moderate_dysplastic,baseline,0.42748063922178375,0.40853558646818444,0.4072800731941539,0.03136776957287696,0.02985372407851733,0.00034509769382995437,0.7400221729490022,0.7432992539375518,0.7421939762365294,0.6429086328314968,0.645016744085893,0.6444641052353819,0.6719388095092385,0.6673865214328103,0.6673865214328103,990.0,968.0,968.0,0.0,0.0,0.0,0.4107097911749072,0.8381904303966909,under_circular
153276386-153276414-001,moderate_dysplastic,baseline,0.0167932001161184,0.0167932001161184,0.0167932001161184,0.0,0.0,0.0,0.9672210171125573,0.9672210171125573,0.9672210171125573,0.9197742689808427,0.9197742689808427,0.9197742689808427,0.13723088460659394,0.13723088460659394,0.13723088460659394,112.0,115.0,115.0,0.0,0.0,0.0,0.8152548955389188,0.8117653245226167,over_circular
153314466-153314473-003,light_dysplastic,baseline,0.12569656111790706,0.022240490485609277,0.02495408081633055,0.10103714667169061,0.10225172494513968,0.000294666370114105,0.8921539817807816,0.8890508820527774,0.8855518297127861,0.8897189076017697,0.8878267528743382,0.885829318430404,0.02803527434945892,0.030504377471293073,0.030504377471293073,646.0,699.0,699.0,0.0,0.0,0.0,0.7177281972599399,0.8434247583778469,under_circular
153654869-153654880-001,severe_dysplastic,baseline,0.04290760769441915,0.14781470469734048,0.14931202154890777,-0.03816781382303036,-0.036966198575392406,-0.001201615247637955,0.8628517823639775,0.8654186458042283,0.8652323740337152,0.7915452316211704,0.7926488139147498,0.7924666942245457,0.23520732729679805,0.23103254843706955,0.23103254843706955,1166.0,1149.0,1149.0,0.0,0.0,0.0,0.5295341580587831,0.486626550364364,over_circular
153655016-153655039-005,severe_dysplastic,baseline,0.10088941209823865,0.08173135165019585,0.0812212380771894,0.0124223773518356,0.013435038351400586,-0.0005101135730064543,0.884323107233324,0.8852643419572553,0.8852643419572553,0.8306335314175006,0.8311772362490781,0.8311772362490781,0.5014910481059206,0.49861959100032294,0.49861959100032294,411.0,408.0,408.0,0.0,0.0,0.0,0.7488214386567168,0.8497108507549554,under_circular
153655087-153655101-002,severe_dysplastic,baseline,0.28394663590905256,0.2509242801772281,0.256731508501048,0.024031043502066307,0.025854629972617116,0.0038707604067286794,0.7143297380585516,0.7180116600184105,0.7210800859159251,0.7039122806331046,0.7061165058172366,0.7086301506954749,0.5142156182055784,0.5076429092166854,0.5076429092166854,643.0,629.0,629.0,0.0,0.0,0.0,0.5174216537569095,0.8013682896659621,under_circular
153656862-153656873-001,light_dysplastic,baseline,0.10511377778911801,0.03506882338940087,0.03809732763678064,0.06633183081442895,0.06529616445849529,0.001035666355933662,0.9782046545991873,0.9803391496682231,0.977881543376751,0.9172505433928755,0.9179005316111819,0.9176034594304784,0.007583976719989116,0.006471473096493235,0.006471473096493235,108.0,114.0,114.0,0.0,0.0,0.0,0.746239147293389,0.851352925082507,under_circular
153657121-153657160-001,severe_dysplastic,baseline,0.020919663525235777,0.03329151208554293,0.03371581487864683,-0.012371848560307153,-0.012835558969203631,0.0004243027931039034,0.9536307961504812,0.9537731134432783,0.953023488255872,0.8447548111392986,0.8448423578266115,0.8439939856433267,0.10942701610819183,0.10735424696608264,0.10735424696608264,262.0,259.0,259.0,0.0,0.0,0.0,0.7877482704125337,0.7668286068872979,over_circular
153659229-153659264-001,severe_dysplastic,baseline,0.01863025465205015,0.010104673602878367,0.010104676016617686,0.008346396196406092,0.00834639855933672,2.4035623491514002e-09,0.9468713105076741,0.9471475409836065,0.9471475409836065,0.9072059733476829,0.9073992939829634,0.9073992939829634,0.06529775131525878,0.06512354987442903,0.06512354987442903,389.0,387.0,387.0,0.0,0.0,0.0,0.7838222533958831,0.8024525080479332,under_circular
153697342-153697375-001,moderate_dysplastic,baseline,0.003663426625035049,0.019334649881625587,0.019334658655984382,-0.01567122325659054,-0.015671232030949334,4.02384736641892e-09,0.9669669669669669,0.9675870348139256,0.9675870348139256,0.8627681332599365,0.8633610043570001,0.8633610043570001,0.42174819347687453,0.4209564309403624,0.4209564309403624,163.0,160.0,160.0,0.0,0.0,0.0,0.7729323887091964,0.7692689620841614,over_circular
153697342-153697384-001,moderate_dysplastic,baseline,0.013836923647533084,0.019251362848440423,0.019251362848440423,-0.005414439200907339,-0.005414439200907339,4.822430232920283e-09,0.9701582215101141,0.9703644373247897,0.9703644373247897,0.8965020620716055,0.8966768279932602,0.8963039120304898,0.04691901176857982,0.04639948822838502,0.04639948822838502,105.0,103.0,103.0,0.0,0.0,0.0,0.7905715675782439,0.7767346439307108,over_circular
153697726-153697736-001,light_dysplastic,baseline,0.08180633498532064,0.01689939280454933,0.01698806908655104,0.06490694218077131,0.0648182658987696,5.4375739466649975e-09,0.9337657477859549,0.9365671641791045,0.9366915422885572,0.8543000215770877,0.8566677187424903,0.8566677187424903,0.17812553330104153,0.17472781780220675,0.17472781780220675,1028.0,982.0,982.0,0.0,0.0,0.0,0.6556390149589095,0.7374453499442302,under_circular
153701009-153701019-002,light_dysplastic,baseline,0.17099257103572008,0.1391531914671833,0.13982593420443923,0.029636843991761697,0.02913716099071384,0.000499683001047857,0.8817649926864944,0.880691502313124,0.8809349890430972,0.8581838327421552,0.8572281210156358,0.857493666508894,0.1756608544106541,0.17864730292311887,0.17864730292311887,956.0,966.0,966.0,0.0,0.0,0.0,0.5871663359474316,0.7581589069831517,under_circular
153701622-153701650-001,moderate_dysplastic,baseline,0.09598891057150716,0.09983694094940332,0.09983693949856476,-0.011318805032755397,-0.011712726930717898,0.00039392189796250143,0.948118006103764,0.9485191305453159,0.9477564509978391,0.8368908614589616,0.8372443882068907,0.83644146327295,0.22608213123871101,0.22345850581509952,0.22345850581509952,67.0,68.0,68.0,0.0,0.0,0.0,0.762483705202728,0.6664947946312209,over_circular
153701949-153701958-001,light_dysplastic,baseline,0.07220697509699703,0.11604495510443691,0.11459504077706639,-0.05771234723181917,-0.05906676100634545,0.00037278095547677026,0.9467604590892262,0.9470492530690726,0.9464576246117439,0.8573437548658721,0.8580785930347377,0.858832420126221,0.08354957034191146,0.08097366022369956,0.08097366022369956,485.0,464.0,464.0,0.0,0.0,0.0,0.6669010927149276,0.5946941176179306,over_circular
153702037-153702051-003,light_dysplastic,baseline,0.17186630404940528,0.14375377575169868,0.1437537752539616,0.02967432163504513,0.030043488370738114,-0.00036916673569298286,0.9240052470485351,0.925039315044557,0.9252140485759217,0.8303263558334917,0.8311317571664066,0.8312902983093131,0.07293752068818982,0.07019712570981629,0.07019712570981629,849.0,838.0,838.0,0.0,0.0,0.0,0.6284407643034918,0.8003070683528971,under_circular
153826963-153826970-001,severe_dysplastic,baseline,0.14710440386400514,0.18133992827623402,0.18178324389536737,-0.03423552441222888,-0.034678840031362235,0.0008116217083813382,0.8806560257724411,0.8829802775748722,0.8829802775748722,0.7211392453355185,0.7233966925660501,0.7233966925660501,0.7769589951467668,0.7508251294262598,0.7508251294262598,777.0,761.0,761.0,0.0,0.0,0.0,0.657382372112432,0.5102779682484269,over_circular
153826963-153826982-003,severe_dysplastic,baseline,0.01335034384096423,0.022038823000196994,0.023876713141329442,0.009611694512610736,0.009602168234162156,0.0018378901411324478,0.9289763779527559,0.9290830381739472,0.9292404565131838,0.7715391906215554,0.7719972500859963,0.7715207897645269,1.6501662134441513,1.643457719190184,1.643457719190184,685.0,681.0,681.0,0.0,0.0,0.0,0.7466022312757511,0.7599525751167153,under_circular
153827595-153827657-002,carcinoma_in_situ,baseline,0.08841057587411427,0.09357354923890959,0.0935735482861696,-0.0055292416689273205,-0.005901299010211636,5.538656200343439e-09,0.971894832275612,0.9716874292185731,0.9707814269535674,0.9123850561676791,0.9121018112709707,0.9111505540348306,0.03817519146594406,0.037149589362583946,0.037149589362583946,80.0,83.0,83.0,0.0,0.0,0.0,0.7664622607614763,0.678051684887362,over_circular
153828877-153828902-002,severe_dysplastic,baseline,0.024972657332049453,0.03226273342298691,0.03285750150715905,-0.011375294828998905,-0.012732955537304247,0.000594768084172137,0.9664464308848296,0.9667141561973838,0.9664551223934723,0.8252623368499112,0.8254709703273507,0.8252321518623826,0.3880526662005277,0.38925512503011506,0.38925512503011506,195.0,193.0,193.0,0.0,0.0,0.0,0.7177230046048497,0.6927503472728003,over_circular
153828952-153828970-001,severe_dysplastic,baseline,0.03952680736998904,0.018396267235817665,0.0183962648089665,0.02113054013417137,0.021130542561022536,-2.4268511644720547e-09,0.9392038909509791,0.9388590432335636,0.9386032233307752,0.7954362161916501,0.7943731730067142,0.7949965778562216,0.2833706048919624,0.28699018874565496,0.28699018874565496,273.0,268.0,268.0,0.0,0.0,0.0,0.7886111356467917,0.8281379430167808,under_circular
153828952-153829005-001,severe_dysplastic,baseline,0.06588386139640212,0.09993636450522969,0.10175140680151318,-0.0032695750559621484,-0.004898101256861964,0.0016285262008998158,0.9243353783231084,0.9254986782023552,0.9254986782023552,0.7052140467774483,0.7065221720470427,0.7065221720470427,0.06381978493885265,0.040082661102768036,0.040082661102768036,597.0,588.0,588.0,0.0,0.0,0.0,0.6297255848783965,0.6422119389482304,under_circular
153828952-153829005-002,severe_dysplastic,baseline,0.029440581290671286,0.02388513788456681,0.02388513956593996,0.007329395652459159,0.007329394966821279,6.856378798048013e-10,0.9296583405110537,0.9302725968436155,0.9302725968436155,0.8381323376763413,0.8388622327366435,0.8388622327366435,0.4638256447130169,0.4725739424552373,0.4725739424552373,404.0,399.0,399.0,0.0,0.0,0.0,0.7492616808059328,0.7787022620966041,under_circular
153829664-153829672-001,light_dysplastic,baseline,0.060270406027360224,0.06595074124448108,0.06418300997452409,-0.005680335217120858,-0.003912603947163862,-0.0017677312699569958,0.955543050084412,0.9536243492190629,0.9539447336804165,0.7793910977506828,0.7780502337190945,0.778244912275943,0.15582908679296723,0.15886691127651506,0.15886691127651506,209.0,255.0,255.0,0.0,0.0,0.0,0.6249669920171462,0.6852373980445065,under_circular
153829745-153829768-001,severe_dysplastic,baseline,0.46807736752089196,0.40441286783545144,0.41288547604483344,0.07194733989057966,0.07194733989057966,0.008472608209382004,0.1369727047146402,0.1434223541048467,0.1434223541048467,0.4420255241939959,0.4455020235801677,0.4455020235801677,0.4094589286829802,0.4082996186679473,0.4082996186679473,3478.0,3464.0,3464.0,0.0,0.0,0.0,0.3274641461769579,0.7955415136978499,under_circular
153829745-153829768-003,severe_dysplastic,baseline,0.043888791740677946,0.014832646429275176,0.014832647741556682,0.015946850279132563,0.015203252995699468,0.0002795834421387422,0.9193903782592728,0.9198862072129944,0.9198862072129944,0.6909603941055681,0.6917525834640261,0.6917525834640261,0.6382786081515828,0.6558213775031982,0.6558213775031982,878.0,873.0,873.0,0.0,0.0,0.0,0.7244935843752187,0.7683823761158967,under_circular
153830680-153830827-002,severe_dysplastic,baseline,0.03188387848286356,0.01365508256432324,0.013380482119818349,0.01868513764401114,0.01918186641912345,-0.00027460044450489107,0.9729194187582563,0.9722772277227723,0.9726072607260726,0.8014732980710407,0.8011275425274638,0.8017768801032755,0.8748483523638106,0.8946075122958379,0.8946075122958379,40.0,44.0,44.0,0.0,0.0,0.0,0.784272699913847,0.8161565783967105,under_circular
153831352-153831372-004,severe_dysplastic,baseline,0.18826109462712676,0.16407694962435432,0.1636980986622928,0.02418414500277244,0.024562995964833967,9.004133056744745e-05,0.8153103750822549,0.817684394834756,0.8179032611074634,0.696523632803317,0.6985928899381536,0.6988869952813401,1.682024611778494,1.670447849145551,1.670447849145551,1640.0,1620.0,1620.0,0.0,0.0,0.0,0.4270828078043227,0.6153439024314494,under_circular
153915432-153915441-002,severe_dysplastic,baseline,0.15576020840485938,0.13917965717389758,0.13884866024044695,0.010839004711254874,0.011088988208778128,-0.00025270172781788336,0.8631301289566237,0.8622456448543405,0.8622456448543405,0.8088377917510391,0.807532875860774,0.807532875860774,1.0004329004329002,1.0109260734197378,1.0109260734197378,928.0,935.0,935.0,0.0,0.0,0.0,0.5926130628438463,0.7483732712487057,under_circular
153915432-153915472-001,severe_dysplastic,baseline,0.1814741419532505,0.1374842242833838,0.13962998268211557,0.0365833932938045,0.03440176034468406,0.0021457583987317674,0.8233799237611181,0.821061523300014,0.821061523300014,0.789215331957833,0.786894906785722,0.7869881816667965,0.5369840533453851,0.5464211620339188,0.5464211620339188,1245.0,1265.0,1265.0,0.0,0.0,0.0,0.5675521728786029,0.7490263148318534,under_circular
153915726-153915736-001,severe_dysplastic,baseline,0.10481114442966744,0.08636390699895491,0.0863639094336921,0.039407212092202215,0.041283847911953386,-0.0008671301441529611,0.8359255202628697,0.8356254092992796,0.8343156516044532,0.770777316157376,0.7705378613967916,0.7698065907375626,0.4765982687352871,0.4808043342141849,0.4808043342141849,772.0,777.0,777.0,0.0,0.0,0.0,0.5575895894429933,0.6624007338726607,under_circular
153916114-153916129-002,severe_dysplastic,baseline,0.3440803613746097,0.29601997491665094,0.2975709578770296,0.0502657381226409,0.047603317347943985,0.0026624207746969164,0.8434992996307143,0.8401166476480284,0.8398630658044884,0.8188403026567525,0.816165821429016,0.816039030507246,0.2822110913982341,0.28882788776612134,0.28882788776612134,1227.0,1261.0,1261.0,0.0,0.0,0.0,0.3792355744651456,0.7233159358397553,under_circular
153916114-153916150-001,carcinoma_in_situ,baseline,0.07793635448432734,0.1028107704361515,0.10426823052661349,-0.024483373926980856,-0.024994377500799803,0.0014574600904619928,0.961798574300859,0.96147526017893,0.9607449333576775,0.8711626446507656,0.8714296849120209,0.8714296849120209,0.057239206419534394,0.06246171840819992,0.06246171840819992,135.0,129.0,129.0,0.0,0.0,0.0,0.6790544809605874,0.6011181264762601,over_circular
153916114-153916167-001,carcinoma_in_situ,baseline,0.3542210651495126,0.3670074020134057,0.36850720890394645,-0.012786336863893077,-0.014286143754433822,0.0014998068905407447,0.8849557522123894,0.8848375451263538,0.884115523465704,0.787807328342236,0.7874929251055498,0.7866022532582757,0.6321192918775091,0.637272047890167,0.637272047890167,461.0,464.0,464.0,0.0,0.0,0.0,0.7263433304375616,0.372122265288049,over_circular
153916569-153916586-001,carcinoma_in_situ,baseline,0.17226352984266602,0.2089719000012742,0.2092895622611658,-0.03588870458533755,-0.03510205833628455,0.00031766225989160457,0.834941050375134,0.8334669874365143,0.8340016038492382,0.7629357438550164,0.760759391305073,0.761320990270705,0.9566155138189035,0.9766772422139652,0.9766772422139652,484.0,493.0,493.0,0.0,0.0,0.0,0.6035383670373974,0.43127483719473136,over_circular
153956040-153956058-001,normal_columnar,baseline,0.04963274116156813,0.005091220770219285,0.005658072515088319,0.04454152039134884,0.04412541202969644,0.00041610836165240084,0.9838445328962773,0.9855140186915888,0.9847504621072088,0.8321389649822368,0.8332368459971471,0.8328755850066552,0.3554201968744059,0.36130892080168214,0.36130892080168214,41.0,32.0,32.0,0.0,0.0,0.0,0.7972483309364187,0.8468810720979868,under_circular
153956040-153956058-003,normal_columnar,baseline,0.010745571201065895,0.005345378750956309,0.004993410667501252,0.005400192450109587,0.0055336429427922385,0.0006371437822183523,0.9035893155258765,0.9032527105921602,0.9020016680567139,0.8747569742483662,0.874416859712186,0.8742888187390747,0.06850113432601013,0.06932778370024828,0.06932778370024828,438.0,442.0,442.0,0.0,0.0,0.0,0.7845876942566768,0.7953332654577427,under_circular
153956040-153956072-003,normal_columnar,baseline,0.05114947543048698,0.08555128553262425,0.08354710586934211,-0.04027107564818477,-0.04080993381346287,1.1307860203757514e-09,0.8313627878033603,0.833902514746973,0.832660664389941,0.8099705798069049,0.8114801327534257,0.8106855210790348,0.13864034710593648,0.1372803122351578,0.1372803122351578,512.0,505.0,505.0,0.0,0.0,0.0,0.6660604522289991,0.6149109767985121,over_circular
153956444-153956458-004,normal_columnar,baseline,0.04142756272421089,0.013500356188239304,0.012973006117997565,0.026402936952341194,0.02736897210587741,-0.0005273500702417389,0.9396051103368177,0.9417560127499276,0.9411764705882353,0.8936263197117276,0.8936211884199454,0.8940432070888567,0.05197245925722749,0.05032444380468415,0.05032444380468415,23.0,19.0,19.0,0.0,0.0,0.0,0.8031744798877826,0.8446020426119935,under_circular
153958154-153958211-001,normal_columnar,baseline,0.1685904733781054,0.15315892584480817,0.15271252689625436,0.01543154753329723,0.015877946481851035,-0.0005041318685986562,0.8056096610829763,0.8046692607003891,0.8046692607003891,0.7124982299617093,0.7115327465706011,0.7116514691160124,0.018904599503787978,0.018120943285391378,0.018120943285391378,499.0,502.0,502.0,0.0,0.0,0.0,0.6374228416208756,0.806013314998981,under_circular
153958547-153958572-002,normal_columnar,baseline,0.06362467232193825,0.07070330147477688,0.07070330147477688,-0.013901033739915247,-0.01458506994358566,6.634573668229393e-09,0.8529565672422815,0.8520648196549921,0.8531102979613173,0.8034807771037255,0.8029804747965665,0.8029804747965665,0.6212741185986929,0.6237893313771764,0.6237893313771764,259.0,261.0,261.0,0.0,0.0,0.0,0.7051283341911426,0.6415036618692044,over_circular
153958547-153958572-006,normal_columnar,baseline,0.01909197268920404,0.01777327494178249,0.01777328288963198,0.0,0.0,0.0,0.8448815377738041,0.8448815377738041,0.8448815377738041,0.7910644454990291,0.7910644454990291,0.7910644454990291,0.4031367164059353,0.4031367164059353,0.4031367164059353,347.0,347.0,347.0,0.0,0.0,0.0,0.7546799528076907,0.7737719254968948,under_circular
153958547-153958572-008,normal_columnar,baseline,0.17662878953034228,0.18177697958585987,0.18177697868688664,-0.005653190848222023,-0.005653190848222023,0.0,0.8386167146974063,0.8382141142582813,0.8391742678828612,0.6926498198062108,0.6918716188113183,0.6918716188113183,0.40727906569556693,0.4034681838880716,0.4034681838880716,114.0,115.0,115.0,0.0,0.0,0.0,0.5883275894140326,0.41169879988369035,over_circular
153958547-153958572-009,normal_columnar,baseline,0.03140909761031607,0.016319252429279563,0.013225060974050185,0.01508984518103651,0.01536855050861441,0.0,0.9104072398190045,0.9095840867992767,0.9095840867992767,0.7897514083283066,0.7897514083283066,0.7897514083283066,0.1524712283576734,0.15376310444458846,0.15376310444458846,198.0,200.0,200.0,0.0,0.0,0.0,0.7594744565841745,0.7908835541944905,under_circular
153958547-153958590-002,normal_columnar,baseline,0.6617095507315068,0.6481569051530989,0.657712976644307,0.013580138807777975,0.009892624277786477,0.005250871444106298,0.38517091959557054,0.3955152671755725,0.39122137404580154,0.46592355379934336,0.4714332916963335,0.4692538459439277,0.1962887616981639,0.192725328337638,0.192725328337638,335.0,260.0,260.0,0.0,0.0,0.0,0.17913352155585613,0.840843072287363,under_circular
154519964-154519981-001,light_dysplastic,baseline,0.03864198355180393,0.094512486018833,0.09451249023312647,-0.05601384122222364,-0.05587050668132254,-0.0004041784505156576,0.8445078459343794,0.8429718467323914,0.8431751194227055,0.8066936194233896,0.8050111669445836,0.805186614922454,0.20937863325766326,0.21570818429902472,0.21570818429902472,1468.0,1493.0,1493.0,0.0,0.0,0.0,0.5684173553416049,0.5297753717898009,over_circular
157181481-157181497-004,normal_columnar,baseline,0.1825333769268609,0.21952932999918895,0.2202183021613091,-0.02444632024639659,-0.02515875054627048,0.0007124302998738896,0.944326391840204,0.9439728353140917,0.9431239388794567,0.8859794266377412,0.8856329500955247,0.8849847882316746,0.08552240613418899,0.08775195840487787,0.08775195840487787,65.0,68.0,68.0,0.0,0.0,0.0,0.7973386243215385,0.6148052473946776,over_circular
157181671-157181697-001,normal_superficiel,baseline,0.23075251870908675,0.14303500312284345,0.14303500312284345,0.08362294857310637,0.0836229511429537,-1.8198241802380721e-09,0.9327272727272727,0.9377817853922452,0.9323715058611362,0.9566887385132189,0.9592331423336904,0.956506683030912,0.0004828794451538108,0.0004351515016811948,0.0004351515016811948,27.0,35.0,35.0,0.0,0.0,0.0,0.608742520685179,0.8394950393942657,under_circular
157183193-157183279-001,normal_superficiel,baseline,0.20085241153584454,0.09884481654829869,0.11965911825398767,0.11133649080442787,0.1113364928515379,-2.0471100370400563e-09,0.8880813953488372,0.8933717579250721,0.877521613832853,0.8917282558633737,0.8974907339184592,0.8974907339184592,0.0017689956648624938,0.0015706396875850553,0.0015706396875850553,130.0,120.0,120.0,0.0,0.0,0.0,0.6720241817452727,0.8728765932811172,under_circular
157183828-157183877-001,normal_intermediate,baseline,0.16782442857931845,0.056243092376744186,0.055504371256738017,0.10830108052129161,0.108874140183147,-0.0005730596618553907,0.9260159777700591,0.9225984796129924,0.921907394609537,0.9431535448440875,0.9461265106027779,0.9453022719587589,0.0011112455186786559,0.0013759553365054744,0.0013759553365054744,203.0,204.0,204.0,0.0,0.0,0.0,0.6818020285403398,0.8496264571196582,under_circular
157183964-157183980-001,normal_superficiel,baseline,0.19666950564129504,0.0632187753858352,0.06321877123499942,0.13562127932642887,0.13562128355962244,-4.233193573455196e-09,0.9429097605893186,0.9508196721311475,0.9476534296028881,0.9120421625443171,0.916038408211939,0.9146038425197353,0.0004961843768377175,0.0002055112711361589,0.0002055112711361589,20.0,8.0,8.0,0.0,0.0,0.0,0.6494807805929149,0.84615028623421,under_circular
157184013-157184031-001,normal_superficiel,baseline,0.14627878480784273,0.004616646999748064,0.028599104745338888,0.10449562011678826,0.08864453967784491,0.015851080438943344,0.6344916344916345,0.6190476190476191,0.6190476190476191,0.7813687937887863,0.7732651817979805,0.7732651817979805,0.02225428846897523,0.023871449843118252,0.023871449843118252,562.0,604.0,604.0,0.0,0.0,0.0,0.6621336742044703,0.8084124590123131,under_circular
157184850-157184920-002,normal_columnar,baseline,0.28348178662482953,0.30768537252191525,0.3096971516447961,-0.01656904363373435,-0.01656904363373435,0.0,0.8322147651006712,0.8314538250533374,0.832063395306309,0.794877757432028,0.7938913280954853,0.7938913280954853,0.02842517515148235,0.027143329476995548,0.027143329476995548,138.0,141.0,141.0,0.0,0.0,0.0,0.6165596117415869,0.3330778251167574,over_circular
157184850-157184942-001,normal_superficiel,baseline,0.10370837901113639,0.051040715038728535,0.051040715038728535,0.05266766397240785,0.05266766397240785,0.0,0.8319018404907975,0.8418491484184915,0.8418491484184915,0.8756543717763062,0.879679286876623,0.879679286876623,0.0013930409233983265,0.0012967251382078613,0.0012967251382078613,137.0,130.0,130.0,0.3333333333333333,0.3333333333333333,0.3333333333333333,0.4392867334252617,0.5429951124363981,under_circular
157185208-157185238-001,normal_superficiel,baseline,0.24516771606922938,0.17432585956583646,0.1743258563826715,0.06892864674253985,0.06892864674253985,0.0,0.9315673289183223,0.9365994236311239,0.9365994236311239,0.9408966063270976,0.9440418964820022,0.9455149164662607,0.0007528054059018231,0.000675356788129888,0.000675356788129888,27.0,19.0,19.0,0.0,0.0,0.0,0.6409580998718226,0.886125815941052,under_circular
157185433-157185479-002,normal_columnar,baseline,0.03369931247020175,0.05966148035638885,0.061086338210278646,-0.008932918119339939,-0.008932919726898803,1.607558863803149e-09,0.9578544061302682,0.9582535427039448,0.9582535427039448,0.9077827552051021,0.908042962164756,0.9069374961853268,0.06804594756402249,0.06760825373659451,0.06760825373659451,74.0,73.0,73.0,0.0,0.0,0.0,0.8542418159615439,0.8205425034913422,over_circular
157185433-157185479-003,normal_columnar,baseline,0.040458610797611594,0.050051485949815455,0.050051485949815455,-0.009182203151265944,-0.009182204774163094,0.0,0.9681274900398407,0.9686411149825784,0.9676455948232952,0.9286021552971341,0.9286021552971341,0.9286021552971341,0.020496641334561472,0.020926886751977847,0.020926886751977847,42.0,43.0,43.0,0.0,0.0,0.0,0.8020759366752608,0.7616173258776492,over_circular
157185433-157185479-004,normal_columnar,baseline,0.07664772073467507,0.07664772073467507,0.07664772073467507,0.0,0.0,0.0,0.8703416149068323,0.86966640806827,0.86966640806827,0.8337610757571905,0.8333773350623425,0.8329223760086573,0.21970772777534175,0.22229272942940104,0.22229272942940104,312.0,314.0,314.0,0.0,0.0,0.0,0.7344159634215592,0.6817756974382022,over_circular
157185433-157185479-006,normal_columnar,baseline,0.0811288813642036,0.0811288813642036,0.0811288813642036,0.0,0.0,0.0,0.8041942101664007,0.8043725802778411,0.8030061489410157,0.6736529840556686,0.6732529708715743,0.6727161847529672,0.2450992022248173,0.24400351056508773,0.24400351056508773,292.0,295.0,295.0,0.0,0.0,0.0,0.8221136130267855,0.7522328064506775,over_circular
157185433-157185508-001,normal_columnar,baseline,0.21702732268987623,0.24001099899685774,0.240010996412937,-0.013296157109285112,-0.015481792940989947,-1.2675314131627147e-09,0.9462512838069155,0.945927446954141,0.947296372347707,0.9185609042449869,0.9185758846695626,0.9185758846695626,0.010723437305613537,0.010198217698419942,0.010198217698419942,35.0,37.0,37.0,0.0,0.0,0.0,0.7617299074801424,0.5447025847902661,over_circular
157185730-157185758-001,normal_columnar,baseline,0.13194253514685783,0.14003692606129475,0.13982780736719208,-0.008094390914436922,-0.008167939223434284,-0.00020911869410267236,0.6789654548742992,0.6779844681235326,0.6783456745530071,0.5982330890223391,0.5971735256922326,0.5979333353940824,0.07701948764252387,0.07587226479573994,0.07587226479573994,1637.0,1645.0,1645.0,0.0,0.0,0.0,0.4971351873485525,0.36519265220169467,over_circular
157185781-157185793-003,normal_columnar,baseline,0.03666419313083835,0.03666419313083835,0.03666419313083835,0.0,0.0,0.0,0.8922963236652504,0.8922963236652504,0.8922963236652504,0.856814530347831,0.856814530347831,0.856814530347831,0.12728896037680582,0.12763934284210599,0.12763934284210599,545.0,545.0,545.0,0.0,0.0,0.0,0.7897059770361344,0.7530417839052961,over_circular
157222534-157222607-001,normal_superficiel,baseline,0.18294893788041622,0.07866174341773957,0.07866174341773957,0.10539135719745285,0.10539135719745285,0.0,0.8630705394190872,0.8755129958960328,0.8755129958960328,0.8833050583709119,0.8882552495488436,0.8896632411478318,0.0011113960476811712,0.0009420268337785266,0.0009420268337785266,99.0,91.0,91.0,0.0,0.0,0.0,0.7009697152637043,0.8839186531441205,under_circular
157222647-157222687-001,normal_intermediate,baseline,0.14629531570001686,0.038598288756125476,0.04077304006127591,0.10186083751594044,0.10186084002505535,0.0021747513051504352,0.8809201623815968,0.8762609280430397,0.8762609280430397,0.9227846980056538,0.9203889771537963,0.9203889771537963,0.004956329236950517,0.00524613652119536,0.00524613652119536,350.0,368.0,368.0,0.0,0.0,0.0,0.6875003900490796,0.8337957057490964,under_circular
157222801-157222811-001,normal_intermediate,baseline,0.09682488367893072,0.06360293396569239,0.051154614183270164,0.03322194971323833,0.045670269495660554,-0.015880109421328448,0.874224478285392,0.8726224783861671,0.8598442714126807,0.9147977090712467,0.9110157065935183,0.9073771375430001,0.007073150731597491,0.007894664060113445,0.007894664060113445,161.0,186.0,186.0,0.0,0.0,0.0,0.679419148142954,0.7762440318218847,under_circular
157223549-157223570-001,normal_intermediate,baseline,0.12007872215371262,0.011776291362394109,0.012560730106786266,0.10830243079131852,0.10751799204692636,1.2134342419756194e-09,0.9339525283797729,0.9417773237997957,0.9376915219611849,0.9598902827449307,0.9638862019052563,0.9617945882207708,0.0025393417897193876,0.0020412899531638863,0.0020412899531638863,104.0,84.0,84.0,0.0,0.0,0.0,0.559234372094489,0.6793130942482016,under_circular
157224412-157224429-001,normal_superficiel,baseline,0.22218112712691973,0.15696009962964153,0.17030845094178804,0.05850422190101667,0.04914956045214758,0.009354661448869095,0.5580215599239061,0.5531112507856694,0.5531112507856694,0.7471109863812916,0.7446236050872117,0.7446236050872117,0.005456430025606463,0.005573719539971739,0.005573719539971739,697.0,711.0,711.0,0.0,0.0,0.0,0.611437776869401,0.8336189039963208,under_circular
157224458-157224464-001,normal_intermediate,baseline,0.2274615015388235,0.13619486575995055,0.1463250693257938,0.08803472152911196,0.07822858917676268,0.009806132352349284,0.5799098860323351,0.5748817656332107,0.5748817656332107,0.731285078492929,0.7285319050987771,0.7285319050987771,0.033996714540123124,0.03484518155307578,0.03484518155307578,1585.0,1618.0,1618.0,0.0,0.0,0.0,0.6165264893424527,0.8439879908812762,under_circular
157224458-157224483-001,normal_superficiel,baseline,0.2068431279726589,0.1148104412833767,0.11481043901196264,0.09203268668928222,0.09203268896069627,-2.2714140568425023e-09,0.8955495004541326,0.8997289972899729,0.9041591320072333,0.8926216341565417,0.897533453981189,0.8957344242048988,0.002927040511104942,0.0028073719998154435,0.0028073719998154435,93.0,87.0,88.0,0.0,0.0,0.0,0.6491583649311493,0.8560014929038082,under_circular
157227058-157227087-001,normal_columnar,baseline,0.18246213218353308,0.17881347262218233,0.17881347324290453,0.003648659561350742,0.0036486589406285463,6.207221958653975e-10,0.6696392379408188,0.6690968003240179,0.6690968003240179,0.652654152914963,0.6520849802013189,0.6520849802013189,0.4871743297056952,0.4889740459422174,0.4889740459422174,803.0,805.0,805.0,0.0,0.0,0.0,0.31577409753046815,0.4982362297140012,under_circular
157227461-157227503-003,normal_columnar,baseline,0.09175423056348608,0.1080020151513551,0.10833785542992114,-0.01624778458786902,-0.016583624866435054,4.4834834733720186e-09,0.9144,0.9148340663734507,0.9148340663734507,0.884354046997389,0.8847198365995758,0.8847198365995758,0.11383428095214654,0.11254756117712228,0.11254756117712228,420.0,418.0,418.0,0.0,0.0,0.0,0.807383063927704,0.7156288333642179,over_circular
157266930-157266947-001,normal_columnar,baseline,0.15014047087155058,0.21824246612544662,0.21862359191988046,-0.011556261428607106,-0.011852615491010798,0.000296354062403692,0.7505841121495327,0.7503649635036497,0.7503649635036497,0.6442029471638753,0.643803717884947,0.6434075213714762,2.230062002612409,2.2355032489313986,2.2355032489313986,852.0,853.0,853.0,0.0,0.0,0.0,0.5963938714741952,0.4462534006026446,over_circular
157268504-157268544-001,normal_superficiel,baseline,0.11080394433817242,0.031149325748540457,0.05478407248997541,0.07163440209010963,0.06617171571797487,0.0,0.9086924762600438,0.9048656499636892,0.9048656499636892,0.8916569505098655,0.8897192689842566,0.8897192689842566,0.0016436844207626585,0.0015132787895645846,0.0015132787895645846,92.0,92.0,92.0,0.0,0.0,0.0,0.7193110153768361,0.8301149597150085,under_circular
158986766-158986776-001,normal_columnar,baseline,0.016420566259031766,0.003177708624951592,0.0031777065704934326,0.015932430122844732,0.016270314510574035,-0.0003378843877293036,0.9825497844385137,0.9825641025641025,0.9813333333333333,0.8862482143197904,0.8861963530522114,0.8851595017326964,0.2954989657011161,0.2980983109185512,0.2980983109185512,63.0,67.0,67.0,0.0,0.0,0.0,0.7871998707672525,0.8036204370262843,under_circular
158986813-158986820-001,normal_columnar,baseline,0.007038036073132803,0.007038036073132803,0.007038036073132803,0.0,0.0,0.0,0.9529553679131484,0.9529553679131484,0.9529553679131484,0.8386624853101896,0.8389434123924134,0.8383347288753877,0.1446002622970704,0.14530433111872904,0.14530433111872904,113.0,113.0,113.0,0.0,0.0,0.0,0.8070606374444669,0.8140986735175997,under_circular
158986920-158986928-004,normal_columnar,baseline,0.270859133380434,0.2891176197734828,0.3693771648739315,-0.018258486393048834,-0.0985180314934975,0.08025954510044866,0.04108934543717153,0.04295942720763723,0.04295942720763723,0.045889440113394755,0.045889440113394755,0.045889440113394755,0.5833376110055952,0.5823034620881511,0.5823034620881511,2007.0,2005.0,2005.0,0.3333333333333333,0.3333333333333333,0.3333333333333333,0.4713322708432772,0.7421914042237112,under_circular
204870858-204870872-001,light_dysplastic,baseline,0.12734682607633885,0.14109191608269178,0.14269369740159077,-0.013745090006352934,-0.01534687132525192,0.0005461989322259608,0.9566929133858267,0.9568950098372384,0.9568950098372384,0.8231870291257529,0.8232924126167229,0.8232924126167229,0.25031749294724714,0.2482902311118017,0.2482902311118017,206.0,203.0,203.0,0.0,0.0,0.0,0.7360227562055752,0.6086759301292364,over_circular
204870951-204870961-002,light_dysplastic,baseline,0.12570224798443524,0.0445278364643974,0.04470038350204342,0.07452637708214205,0.0711102961483222,0.003416080933819843,0.8067028866924134,0.8108284409654273,0.8106979778212655,0.7566566550906703,0.759239850676427,0.759146826658333,0.3758791115453524,0.37280755648971164,0.37280755648971164,2943.0,2890.0,2890.0,0.0,0.0,0.0,0.48822424406100456,0.6139264920454398,under_circular
204871030-204871038-001,light_dysplastic,baseline,0.10284416358348425,0.030908213299045917,0.030599085335421106,0.07906359710045419,0.08047163869693341,-0.0003091279636248112,0.8853228370297479,0.8833345918598505,0.8836366382239674,0.8485393589211077,0.8469311195773941,0.8469311195773941,0.14420587488746378,0.14821866378819865,0.14821866378819865,1509.0,1541.0,1541.0,0.0,0.0,0.0,0.6510009210630809,0.7538450846465652,under_circular
204871030-204871038-002,light_dysplastic,baseline,0.17108751532893796,0.03733866198247837,0.037940216905998914,0.12245792803051447,0.12358531774093806,-0.00014281469449040074,0.9290758977419675,0.9281980471446888,0.927997619756025,0.8959943642415276,0.8944257035101525,0.8942202461857534,0.01607502061682131,0.019129804074643986,0.019129804074643986,1376.0,1434.0,1434.0,0.0,0.0,0.0,0.6610102497505077,0.8320977650794457,under_circular
209047342-209047443-001,normal_superficiel,baseline,0.212057179930483,0.1874043209712597,0.19170380166752465,0.13188427313599982,0.13188427475414488,-1.6181450623875548e-09,0.7312101910828025,0.726122707147375,0.7248576850094877,0.7560040970501973,0.7534073798021597,0.7527669685910134,0.0036963203092590987,0.003958552170510464,0.003958552170510464,390.0,401.0,401.0,0.0,0.0,0.0,0.6654107206196648,0.8774679005501478,under_circular
209047526-209047626-001,normal_intermediate,baseline,0.139918697428285,0.0385490952522336,0.05079585767355865,0.09211779826908295,0.08912283975472635,0.01141470704106129,0.8947572815533981,0.8928296067848882,0.887432536622976,0.8135810311243019,0.812574228835095,0.8098259177461749,0.005687668629806689,0.005475973548195394,0.005475973548195394,161.0,180.0,180.0,0.0,0.0,0.0,0.6413965386773107,0.7813152361055957,under_circular
209047526-209047798-001,normal_superficiel,baseline,0.20556346988460794,0.13387926104433723,0.13250999084123738,0.07168420884027071,0.07305347904337056,-3.8981190497722196e-09,0.8891013384321224,0.8869895536562203,0.8907882241215574,0.8759120076850068,0.8748412156902914,0.8767555974543584,0.00023930367820505435,0.0002443120438314888,0.0002443120438314888,94.0,101.0,101.0,0.0,0.0,0.0,0.655396343683875,0.860959813568483,under_circular
209307421-209307504-001,normal_intermediate,baseline,0.14839009828914684,0.02943033603348222,0.04520349694986492,0.13532477774385576,0.11948746546233557,0.01583731228152019,0.5789007092198581,0.5732400524704854,0.5714910362920858,0.6655796798991594,0.6606294779895681,0.6603979208729787,0.08660840634139241,0.08979598143327655,0.08979598143327655,1890.0,1952.0,1952.0,0.0,0.0,0.0,0.6836908467212872,0.8320809450104341,under_circular
209522474-209522522-001,normal_intermediate,baseline,0.14142611001031768,0.07032584488108928,0.07739233825115721,0.12230348329290397,0.10610773327375012,0.007066493370067928,0.6686632180778656,0.6646852202107538,0.6646852202107538,0.7623977177751602,0.7601976878068586,0.760182629380163,0.05166184045030285,0.05271255885472846,0.05271255885472846,1213.0,1241.0,1241.0,0.0,0.0,0.0,0.6653499432323065,0.8067760532426241,under_circular
209522940-209522970-001,normal_intermediate,baseline,0.15252790003487193,0.025398900136619162,0.025398897356304295,0.13711463674491986,0.12876655080837474,-2.78031486722341e-09,0.9565217391304348,0.958904109589041,0.958904109589041,0.918195444737317,0.9186202746270558,0.9178904633826239,0.010996660042332497,0.010544135857878674,0.010544135857878674,92.0,78.0,78.0,0.0,0.0,0.0,0.7138121878593668,0.8663400878942388,under_circular
209565409-209565503-001,normal_intermediate,baseline,0.18277093575979564,0.06771707856606046,0.06771707856606046,0.11505385719373518,0.11064540511402887,0.0,0.9223744292237442,0.9277336360196746,0.9292470677260689,0.874060934877924,0.8767898190157399,0.8775655141625277,0.009898529976649164,0.009537341560420222,0.009537341560420222,79.0,62.0,62.0,0.0,0.0,0.0,0.6835854701491582,0.8663564059089538,under_circular
209565409-209565600-001,normal_intermediate,baseline,0.16918275499354885,0.10933916499822482,0.11076001888034281,0.07667024433530256,0.07018959232272048,0.006480652012582078,0.7972508591065293,0.8006785411365565,0.8006230529595015,0.8121232587603733,0.8140758068044012,0.8097039297583762,0.012160690697200355,0.01196162289240816,0.01196162289240816,331.0,313.0,313.0,0.0,0.0,0.0,0.6755931546272368,0.8447759096207856,under_circular
209565864-209565890-001,normal_intermediate,baseline,0.1833405593981423,0.019471833859985854,0.01751731777714194,0.16386872553815646,0.16259843511160443,-0.0019545160828439156,0.9435702658708627,0.9501482080301805,0.9485313931554837,0.9098153108500023,0.9132288204767115,0.9123828665756142,0.012326683985679779,0.01172227364792501,0.01172227364792501,204.0,179.0,179.0,0.0,0.0,0.0,0.6961138402346352,0.8794543996327775,under_circular
209565864-209565911-001,normal_intermediate,baseline,0.1844189704770015,0.06936511328326633,0.06936511194313344,0.1083178318733049,0.10831783544826423,-1.5324024271734515e-09,0.8885180240320427,0.894789246598075,0.894789246598075,0.9063954381097459,0.9096065517208185,0.9096065517208185,0.008584464383122766,0.008261678165427385,0.008261678165427385,334.0,317.0,317.0,0.0,0.0,0.0,0.6835854701491582,0.8680044406261597,under_circular
209566047-209566095-001,normal_intermediate,baseline,0.16521675262383573,0.029306768299421693,0.02930676587243608,0.136807779729734,0.1368077858564103,-6.1266762774181416e-09,0.9514513228872334,0.9543250829293187,0.9558560857361572,0.8504956372305417,0.8520097658410515,0.8527554703876368,0.018358411144630007,0.017806794759412076,0.017806794759412076,58.0,35.0,35.0,0.0,0.0,0.0,0.6838149558550634,0.8490317084788991,under_circular
209566205-209566247-001,normal_intermediate,baseline,0.1907115237668825,0.05672298534565301,0.056104735022835084,0.13405311589074098,0.1346067887440474,-0.0006182503228179259,0.8553375457266379,0.8625247851949769,0.8625247851949769,0.8815934439237771,0.8852896894477603,0.8852896894477603,0.012105046548491441,0.011603283764942861,0.011603283764942861,435.0,416.0,416.0,0.0,0.0,0.0,0.6746793433930136,0.8653908671598961,under_circular
209566205-209566289-001,normal_intermediate,baseline,0.1976853473127922,0.13865807715030865,0.13821252600476985,0.05444202781611951,0.05444202984896285,-2.0328433381067157e-09,0.8887434554973822,0.8923679060665362,0.8923679060665362,0.8292173326573212,0.8310616439171954,0.8310616439171954,0.0173680778735385,0.01722828439917407,0.01722828439917407,336.0,326.0,326.0,0.0,0.0,0.0,0.596821273111389,0.7945066204241812,under_circular
209566399-209566485-001,normal_intermediate,baseline,0.17599533129074518,0.07853241117807563,0.07853240997958022,0.09704646988635546,0.09474784695465166,0.0,0.893934867045115,0.8988697204045211,0.8988697204045211,0.9071958598233189,0.909796206178066,0.9094963848878348,0.008699907193607873,0.008482182840452445,0.008482182840452445,355.0,340.0,340.0,0.0,0.0,0.0,0.68298046918106,0.8589758004718052,under_circular
