cell_id,raw_circularity_signed_bias,closing_benefit_circularity_ae,spearman_rho_all_cells
148495842-148495854-001,0.1480747988283474,-0.01602637400981033,-0.7878561383907071
148497551-148497588-001,0.008447609322240535,-0.02153115430806085,-0.7878561383907071
148497788-148497816-002,-0.09872625580518368,0.08902436241033274,-0.7878561383907071
148503209-148503222-001,-0.30817096085927437,0.04431228989121272,-0.7878561383907071
148503209-148503231-001,-0.11578209186306188,0.0783362812822439,-0.7878561383907071
148503400-148503432-001,-0.0027111508307194887,-0.11243664965100564,-0.7878561383907071
148503568-148503580-002,0.18117885579786047,-0.03601922256120005,-0.7878561383907071
148718455-148718461-001,-0.14754338587436444,0.13112016765672874,-0.7878561383907071
148719308-148719348-004,-0.021452859224343257,0.005595126118119409,-0.7878561383907071
148719308-148719357-001,-0.05004608662644028,0.04301533717799921,-0.7878561383907071
148848523-148848559-002,0.018142761533494478,-0.007826306221204504,-0.7878561383907071
148881870-148882178-002,0.01330431241292318,-0.014752428916928628,-0.7878561383907071
148882307-148882323-001,-0.003477067784279808,-0.1443517107615907,-0.7878561383907071
148882535-148882616-001,-0.21135245867360303,0.022519812790828098,-0.7878561383907071
148882671-148882687-001,-0.26379122626624807,0.07879589795703046,-0.7878561383907071
149011613-149011656-001,-0.11850756543607155,0.0983260948905691,-0.7878561383907071
149013033-149013072-001,-0.01588084529235312,0.007503585257191636,-0.7878561383907071
149014929-149014984-001,0.05447972715047189,-0.008168437278313179,-0.7878561383907071
149014929-149015008-003,-0.2453909969731244,0.04354886403240599,-0.7878561383907071
149014929-149015022-001,-0.07940076754244074,0.03351719717929125,-0.7878561383907071
149014929-149015022-002,0.05209455429180221,-0.019405295897187036,-0.7878561383907071
149053341-149053350-001,-0.050261925202849556,0.03653142217116023,-0.7878561383907071
149053945-149053969-001,-0.14390668561596553,0.024799483578081483,-0.7878561383907071
149053945-149053976-001,-0.17280617777591611,0.07909659002837188,-0.7878561383907071
149054642-149054677-003,-0.011243443827698596,0.005481779839840328,-0.7878561383907071
149056321-149056343-001,-0.06906551408752337,0.05638536845607611,-0.7878561383907071
149056321-149056360-001,0.08996678077585618,0.01337765494833787,-0.7878561383907071
149056410-149056458-001,0.05458161539692552,-0.00796861218933742,-0.7878561383907071
149056873-149056884-001,0.008012873460987557,-0.025605156525303818,-0.7878561383907071
149056873-149056884-002,-0.01636056945126252,0.0127950262573292,-0.7878561383907071
149056933-149056982-002,0.0308958036464827,-0.008141057504104099,-0.7878561383907071
149057756-149057766-002,0.005779974814204114,-0.00725532801596529,-0.7878561383907071
149057756-149057788-002,-0.0927277129966243,-0.21497465079563294,-0.7878561383907071
149057812-149057825-003,-0.054007002718621355,0.035869145148897164,-0.7878561383907071
149057812-149057825-005,0.05220223596786755,-0.0063244795224968176,-0.7878561383907071
149057812-149057847-004,0.036199668126367546,0.0,-0.7878561383907071
149057812-149057847-005,0.0061783346747366075,-0.023920688931095446,-0.7878561383907071
149058262-149058272-003,-0.05505647061292129,0.026284067150528667,-0.7878561383907071
149061666-149061699-003,-0.042077667773443905,0.02938153012517375,-0.7878561383907071
149095913-149095926-001,-0.5807450759378812,0.07636613608439169,-0.7878561383907071
149097324-149097373-001,-0.004038901242082504,-0.010948223254424128,-0.7878561383907071
149097594-149097637-001,-0.2197123027328502,0.05430075313503974,-0.7878561383907071
149097594-149097637-002,0.06978109202247063,-0.004255665264203068,-0.7878561383907071
149098972-149098988-002,0.23306311004329044,-0.015907115124675908,-0.7878561383907071
149099096-149099104-001,0.05346777391157764,0.0,-0.7878561383907071
149099276-149099290-001,-0.25103803170396544,0.10093655225190623,-0.7878561383907071
149099276-149099290-002,-0.07624593457028028,0.0238805575929274,-0.7878561383907071
149099502-149099525-002,-0.07604940305932084,0.03111069977989589,-0.7878561383907071
149100006-149100028-002,-0.08771611810206253,0.0,-0.7878561383907071
149100064-149100072-001,-0.27067534179381325,0.15253016110549833,-0.7878561383907071
149101620-149101650-001,-0.010617820419891344,-0.01485829827265317,-0.7878561383907071
149102442-149102451-001,-0.10238854333362679,0.004078102881456491,-0.7878561383907071
149102510-149102519-001,0.04484799416785501,-0.03977614137394314,-0.7878561383907071
149105003-149105050-001,0.021350764738367167,0.0129263965534967,-0.7878561383907071
149105289-149105300-001,0.022513027091674798,0.0032768926837577483,-0.7878561383907071
149105289-149105300-002,-0.10475183711289693,0.030690986511265783,-0.7878561383907071
149105289-149105311-001,-0.27682915074920833,0.01840860785441789,-0.7878561383907071
149105289-149105311-003,-0.6169580392313998,0.04303147051959655,-0.7878561383907071
149105289-149105311-004,-0.4162409840202819,0.009485716968155422,-0.7878561383907071
149140081-149140096-002,-0.24600903239979566,0.06073145536799951,-0.7878561383907071
149140849-149140856-001,-0.009402096687252781,-0.053238926077290694,-0.7878561383907071
149143028-149143108-002,-0.035101904226728875,0.03095045876245739,-0.7878561383907071
149143469-149143497-003,0.04550515159099089,-0.023571759804481895,-0.7878561383907071
149146837-149146854-001,0.03712945738047291,-0.003906285408996846,-0.7878561383907071
149181904-149181927-001,-0.0040791762998980685,-0.016350111613263496,-0.7878561383907071
149181904-149181951-001,-0.0004299783091716858,0.01142862390111965,-0.7878561383907071
149182125-149182135-002,0.10839986734685625,-0.00424591428299137,-0.7878561383907071
149182657-149182667-001,0.11838597334360323,-0.02127721804139937,-0.7878561383907071
149182657-149182681-002,-0.022721434587643308,0.005596725690277471,-0.7878561383907071
149182657-149182698-003,0.1648696213793236,-0.01044058947135229,-0.7878561383907071
149185604-149185616-001,-0.08886336657886484,0.013150484288987574,-0.7878561383907071
149185604-149185645-003,0.09780300908370254,-0.0008416012113410254,-0.7878561383907071
149185604-149185657-001,0.08233655787054961,-0.03266620108560314,-0.7878561383907071
149185698-149185709-002,0.010680423174161624,-0.03273646471738889,-0.7878561383907071
149185788-149185824-001,-0.04367716230108487,0.017279716347267993,-0.7878561383907071
149190861-149190868-001,-0.0920340105765658,0.06035362431225577,-0.7878561383907071
149314453-149314465-001,-0.01988527252715333,0.011382860280087725,-0.7878561383907071
149314453-149314507-001,0.024606768890823583,0.0,-0.7878561383907071
149314453-149314507-002,0.016342500593411913,-0.00767019989394091,-0.7878561383907071
149314679-149314698-001,0.04591738724912542,-0.018684734568213623,-0.7878561383907071
149315229-149315310-001,-0.039422997146269845,0.004851435864915876,-0.7878561383907071
149315671-149315731-001,0.002085654821957217,-0.021007647843987676,-0.7878561383907071
149315671-149315740-001,0.05877962056646302,-0.004037143704356372,-0.7878561383907071
149316426-149316462-004,0.12393643936200338,-0.013917534826339617,-0.7878561383907071
149316754-149316779-002,-0.19045639009535564,0.02995920539808139,-0.7878561383907071
149317002-149317010-002,0.0849420428352573,-0.034139781454341045,-0.7878561383907071
149317204-149317230-002,0.1922693845485448,-0.01710026005712273,-0.7878561383907071
149788987-149788996-003,0.011315953408335355,-0.07544611065120199,-0.7878561383907071
153268807-153268826-001,-0.18966224487536165,0.12320650234404551,-0.7878561383907071
153276386-153276405-001,0.13492127902020967,-0.008450489649693083,-0.7878561383907071
153276386-153276405-002,-0.42748063922178375,0.018945052753599312,-0.7878561383907071
153276386-153276414-001,0.0034895710163020954,0.0,-0.7878561383907071
153314466-153314473-003,-0.12569656111790706,0.10345607063229778,-0.7878561383907071
153654869-153654880-001,0.04290760769441915,-0.10490709700292133,-0.7878561383907071
153655016-153655039-005,-0.10088941209823865,0.019158060448042802,-0.7878561383907071
153655087-153655101-002,-0.28394663590905256,0.03302235573182444,-0.7878561383907071
153656862-153656873-001,-0.10511377778911801,0.07004495439971714,-0.7878561383907071
153657121-153657160-001,0.020919663525235777,-0.012371848560307153,-0.7878561383907071
153659229-153659264-001,-0.01863025465205015,0.008525581049171782,-0.7878561383907071
153697342-153697375-001,0.003663426625035049,-0.01567122325659054,-0.7878561383907071
153697342-153697384-001,0.013836923647533084,-0.005414439200907339,-0.7878561383907071
153697726-153697736-001,-0.08180633498532064,0.06490694218077131,-0.7878561383907071
153701009-153701019-002,-0.17099257103572008,0.031839379568536774,-0.7878561383907071
153701622-153701650-001,0.09598891057150716,-0.003848030377896161,-0.7878561383907071
153701949-153701958-001,0.07220697509699703,-0.04383798000743988,-0.7878561383907071
153702037-153702051-003,-0.17186630404940528,0.028112528297706607,-0.7878561383907071
153826963-153826970-001,0.14710440386400514,-0.03423552441222888,-0.7878561383907071
153826963-153826982-003,-0.01335034384096423,-0.008688479159232765,-0.7878561383907071
153827595-153827657-002,0.08841057587411427,-0.00516297336479532,-0.7878561383907071
153828877-153828902-002,0.024972657332049453,-0.0072900760909374585,-0.7878561383907071
153828952-153828970-001,-0.03952680736998904,0.02113054013417137,-0.7878561383907071
153828952-153829005-001,-0.012486354069833894,-0.03405250310882757,-0.7878561383907071
153828952-153829005-002,-0.029440581290671286,0.005555443406104477,-0.7878561383907071
153829664-153829672-001,-0.060270406027360224,-0.005680335217120858,-0.7878561383907071
153829745-153829768-001,-0.46807736752089196,0.06366449968544052,-0.7878561383907071
153829745-153829768-003,-0.043888791740677946,0.02905614531140277,-0.7878561383907071
153830680-153830827-002,-0.03188387848286356,0.01822879591854032,-0.7878561383907071
153831352-153831372-004,-0.18826109462712676,0.02418414500277244,-0.7878561383907071
153915432-153915441-002,-0.15576020840485938,0.016580551230961804,-0.7878561383907071
153915432-153915472-001,-0.1814741419532505,0.04398991766986671,-0.7878561383907071
153915726-153915736-001,-0.10481114442966744,0.018447237430712526,-0.7878561383907071
153916114-153916129-002,-0.3440803613746097,0.04806038645795874,-0.7878561383907071
153916114-153916150-001,0.07793635448432734,-0.024874415951824158,-0.7878561383907071
153916114-153916167-001,0.3542210651495126,-0.012786336863893077,-0.7878561383907071
153916569-153916586-001,0.17226352984266602,-0.03670837015860817,-0.7878561383907071
153956040-153956058-001,-0.04963274116156813,0.04454152039134884,-0.7878561383907071
153956040-153956058-003,-0.010745571201065895,0.005400192450109587,-0.7878561383907071
153956040-153956072-003,0.05114947543048698,-0.034401810102137276,-0.7878561383907071
153956444-153956458-004,-0.04142756272421089,0.027927206535971583,-0.7878561383907071
153958154-153958211-001,-0.1685904733781054,0.01543154753329723,-0.7878561383907071
153958547-153958572-002,0.06362467232193825,-0.007078629152838634,-0.7878561383907071
153958547-153958572-006,-0.01909197268920404,0.0013186977474215489,-0.7878561383907071
153958547-153958572-008,0.17662878953034228,-0.0051481900555175875,-0.7878561383907071
153958547-153958572-009,-0.03140909761031607,0.01508984518103651,-0.7878561383907071
153958547-153958590-002,-0.6617095507315068,0.013552645578407962,-0.7878561383907071
154519964-154519981-001,0.03864198355180393,-0.05587050246702907,-0.7878561383907071
157181481-157181497-004,0.1825333769268609,-0.03699595307232806,-0.7878561383907071
157181671-157181697-001,-0.23075251870908675,0.0877175155862433,-0.7878561383907071
157183193-157183279-001,-0.20085241153584454,0.10200759498754586,-0.7878561383907071
157183828-157183877-001,-0.16782442857931845,0.11158133620257427,-0.7878561383907071
157183964-157183980-001,-0.19666950564129504,0.13345073025545984,-0.7878561383907071
157184013-157184031-001,-0.14627878480784273,0.14166213780809467,-0.7878561383907071
157184850-157184920-002,0.28348178662482953,-0.02420358589708571,-0.7878561383907071
157184850-157184942-001,-0.10370837901113639,0.05266766397240785,-0.7878561383907071
157185208-157185238-001,-0.24516771606922938,0.07084185650339292,-0.7878561383907071
157185433-157185479-002,0.03369931247020175,-0.025962167886187104,-0.7878561383907071
157185433-157185479-003,0.040458610797611594,-0.009592875152203861,-0.7878561383907071
157185433-157185479-004,0.052640265983357026,0.0,-0.7878561383907071
157185433-157185479-006,0.06988080657610807,0.0,-0.7878561383907071
157185433-157185508-001,0.21702732268987623,-0.022983676306981504,-0.7878561383907071
157185730-157185758-001,0.13194253514685783,-0.008094390914436922,-0.7878561383907071
157185781-157185793-003,0.03666419313083835,0.0,-0.7878561383907071
157222534-157222607-001,-0.18294893788041622,0.10428719446267665,-0.7878561383907071
157222647-157222687-001,-0.14629531570001686,0.10769702694389138,-0.7878561383907071
157222801-157222811-001,-0.09682488367893072,0.03322194971323833,-0.7878561383907071
157223549-157223570-001,-0.12007872215371262,0.10830243079131852,-0.7878561383907071
157224412-157224429-001,-0.22218112712691973,0.0652210274972782,-0.7878561383907071
157224458-157224464-001,-0.2274615015388235,0.09126663577887295,-0.7878561383907071
157224458-157224483-001,-0.2068431279726589,0.09203268668928222,-0.7878561383907071
157227058-157227087-001,-0.18246213218353308,0.003648659561350742,-0.7878561383907071
157227461-157227503-003,0.09175423056348608,-0.01624778458786902,-0.7878561383907071
157266930-157266947-001,0.15014047087155058,-0.06810199525389604,-0.7878561383907071
157268504-157268544-001,-0.11080394433817242,0.07965461858963196,-0.7878561383907071
158986766-158986776-001,-0.016420566259031766,0.013242857634080174,-0.7878561383907071
158986813-158986820-001,-0.007038036073132803,0.0,-0.7878561383907071
158986920-158986928-004,-0.270859133380434,-0.018258486393048834,-0.7878561383907071
204870858-204870872-001,0.12734682607633885,-0.013745090006352934,-0.7878561383907071
204870951-204870961-002,-0.12570224798443524,0.08117441152003785,-0.7878561383907071
204871030-204871038-001,-0.10284416358348425,0.07193595028443833,-0.7878561383907071
204871030-204871038-002,-0.17108751532893796,0.13374885334645958,-0.7878561383907071
209047342-209047443-001,-0.212057179930483,0.02465285895922331,-0.7878561383907071
209047526-209047626-001,-0.139918697428285,0.1013696021760514,-0.7878561383907071
209047526-209047798-001,-0.20556346988460794,0.07168420884027071,-0.7878561383907071
209307421-209307504-001,-0.14839009828914684,0.11895976225566463,-0.7878561383907071
209522474-209522522-001,-0.14142611001031768,0.0711002651292284,-0.7878561383907071
209522940-209522970-001,-0.15252790003487193,0.12712899989825277,-0.7878561383907071
209565409-209565503-001,-0.18277093575979564,0.11505385719373518,-0.7878561383907071
209565409-209565600-001,-0.16918275499354885,0.05984358999532402,-0.7878561383907071
209565864-209565890-001,-0.1833405593981423,0.16386872553815646,-0.7878561383907071
209565864-209565911-001,-0.1844189704770015,0.11505385719373518,-0.7878561383907071
209566047-209566095-001,-0.16521675262383573,0.13590998432441403,-0.7878561383907071
209566205-209566247-001,-0.1907115237668825,0.13398853842122949,-0.7878561383907071
209566205-209566289-001,-0.1976853473127922,0.05902727016248355,-0.7878561383907071
209566399-209566485-001,-0.17599533129074518,0.09746292011266955,-0.7878561383907071
