cell_id,delta_closing_circularity_ae,delta_null_circularity_ae,delta_specific_circularity_ae,closing_benefit_circularity_ae,null_benefit_circularity_ae
148495842-148495854-001,0.01602637400981033,0.010713732458034086,0.005312641551776243,-0.01602637400981033,-0.010713732458034086
148497551-148497588-001,0.02153115430806085,0.007212259603412985,0.014318894704647867,-0.02153115430806085,-0.007212259603412985
148497788-148497816-002,-0.08902436241033274,0.01488373508365115,-0.10390809749398389,0.08902436241033274,-0.01488373508365115
148503209-148503222-001,-0.04431228989121272,-0.03672363084491631,-0.007588659046296409,0.04431228989121272,0.03672363084491631
148503209-148503231-001,-0.0783362812822439,-0.001789382569042819,-0.07654689871320108,0.0783362812822439,0.001789382569042819
148503400-148503432-001,0.11243664965100564,0.011297306426854448,0.10113934322415119,-0.11243664965100564,-0.011297306426854448
148503568-148503580-002,0.03601922256120005,0.019948596008656616,0.016070626552543432,-0.03601922256120005,-0.019948596008656616
148718455-148718461-001,-0.13112016765672874,-0.014155174941110737,-0.116964992715618,0.13112016765672874,0.014155174941110737
148719308-148719348-004,-0.005595126118119409,-0.004877145416294804,-0.0007179807018246054,0.005595126118119409,0.004877145416294804
148719308-148719357-001,-0.04301533717799921,-0.009592884425711157,-0.03342245275228806,0.04301533717799921,0.009592884425711157
148848523-148848559-002,0.007826306221204504,-0.0010977246024453935,0.008924030823649898,-0.007826306221204504,0.0010977246024453935
148881870-148882178-002,0.014752428916928628,-0.006130267886875984,0.020882696803804612,-0.014752428916928628,0.006130267886875984
148882307-148882323-001,0.1443517107615907,0.006265665491275496,0.1380860452703152,-0.1443517107615907,-0.006265665491275496
148882535-148882616-001,-0.022519812790828098,0.0017989504319015914,-0.02431876322272969,0.022519812790828098,-0.0017989504319015914
148882671-148882687-001,-0.07879589795703046,-0.00816212218301715,-0.07063377577401331,0.07879589795703046,0.00816212218301715
149011613-149011656-001,-0.0983260948905691,-0.021364067922771568,-0.07696202696779753,0.0983260948905691,0.021364067922771568
149013033-149013072-001,-0.007503585257191636,-0.00036525142448229353,-0.007138333832709343,0.007503585257191636,0.00036525142448229353
149014929-149014984-001,0.008168437278313179,-0.002562065928386925,0.010730503206700104,-0.008168437278313179,0.002562065928386925
149014929-149015008-003,-0.04354886403240599,-0.008368997588286464,-0.03517986644411952,0.04354886403240599,0.008368997588286464
149014929-149015022-001,-0.03351719717929125,-0.007786036894232851,-0.025731160285058396,0.03351719717929125,0.007786036894232851
149014929-149015022-002,0.019405295897187036,-0.00034748009482726827,0.019752775992014304,-0.019405295897187036,0.00034748009482726827
149053341-149053350-001,-0.03653142217116023,-0.015479797312236587,-0.021051624858923645,0.03653142217116023,0.015479797312236587
149053945-149053969-001,-0.024799483578081483,-0.002227009747026387,-0.022572473831055095,0.024799483578081483,0.002227009747026387
149053945-149053976-001,-0.07909659002837188,-0.016962147984288634,-0.06213444204408325,0.07909659002837188,0.016962147984288634
149054642-149054677-003,-0.005481779839840328,-0.004698220571561773,-0.0007835592682785553,0.005481779839840328,0.004698220571561773
149056321-149056343-001,-0.05638536845607611,-0.0034837412923020006,-0.05290162716377411,0.05638536845607611,0.0034837412923020006
149056321-149056360-001,-0.01337765494833787,-0.005675098236473719,-0.00770255671186415,0.01337765494833787,0.005675098236473719
149056410-149056458-001,0.00796861218933742,0.006688612769319868,0.0012799994200175524,-0.00796861218933742,-0.006688612769319868
149056873-149056884-001,0.025605156525303818,0.0032218215422300522,0.022383334983073766,-0.025605156525303818,-0.0032218215422300522
149056873-149056884-002,-0.0127950262573292,0.008473249438916475,-0.021268275696245675,0.0127950262573292,-0.008473249438916475
149056933-149056982-002,0.008141057504104099,-0.002776621411204494,0.010917678915308593,-0.008141057504104099,0.002776621411204494
149057756-149057766-002,0.00725532801596529,-0.007880204271607849,0.015135532287573139,-0.00725532801596529,0.007880204271607849
149057756-149057788-002,0.21497465079563294,-0.0027646419081701623,0.2177392927038031,-0.21497465079563294,0.0027646419081701623
149057812-149057825-003,-0.035869145148897164,-0.001754561841981861,-0.0341145833069153,0.035869145148897164,0.001754561841981861
149057812-149057825-005,0.0063244795224968176,-0.008613513471542045,0.014937992994038862,-0.0063244795224968176,0.008613513471542045
149057812-149057847-004,0.0,0.0,0.0,0.0,0.0
149057812-149057847-005,0.023920688931095446,-0.002472963135045303,0.02639365206614075,-0.023920688931095446,0.002472963135045303
149058262-149058272-003,-0.026284067150528667,0.004081214885656936,-0.030365282036185604,0.026284067150528667,-0.004081214885656936
149061666-149061699-003,-0.02938153012517375,-0.011999788931795208,-0.01738174119337854,0.02938153012517375,0.011999788931795208
149095913-149095926-001,-0.07636613608439169,-0.0767676373825038,0.0004015012981121169,0.07636613608439169,0.0767676373825038
149097324-149097373-001,0.010948223254424128,-0.009153219566573445,0.020101442820997573,-0.010948223254424128,0.009153219566573445
149097594-149097637-001,-0.05430075313503974,0.0001343909009527411,-0.05443514403599248,0.05430075313503974,-0.0001343909009527411
149097594-149097637-002,0.004255665264203068,0.002743395523222114,0.0015122697409809538,-0.004255665264203068,-0.002743395523222114
149098972-149098988-002,0.015907115124675908,-0.008766285382809436,0.024673400507485344,-0.015907115124675908,0.008766285382809436
149099096-149099104-001,0.0,0.0,0.0,0.0,0.0
149099276-149099290-001,-0.10093655225190623,-0.017934331310892837,-0.0830022209410134,0.10093655225190623,0.017934331310892837
149099276-149099290-002,-0.0238805575929274,-0.01427556242424799,-0.009604995168679409,0.0238805575929274,0.01427556242424799
149099502-149099525-002,-0.03111069977989589,-0.002351394299437204,-0.028759305480458686,0.03111069977989589,0.002351394299437204
149100006-149100028-002,0.0,0.0,0.0,0.0,0.0
149100064-149100072-001,-0.15253016110549833,-0.011676866952283094,-0.14085329415321524,0.15253016110549833,0.011676866952283094
149101620-149101650-001,0.01485829827265317,-0.0025666591798484406,0.01742495745250161,-0.01485829827265317,0.0025666591798484406
149102442-149102451-001,-0.004078102881456491,-0.003614739605274364,-0.00046336327618212714,0.004078102881456491,0.003614739605274364
149102510-149102519-001,0.03977614137394314,0.002161283873368225,0.037614857500574916,-0.03977614137394314,-0.002161283873368225
149105003-149105050-001,-0.0129263965534967,0.01262638956396167,-0.02555278611745837,0.0129263965534967,-0.01262638956396167
149105289-149105300-001,-0.0032768926837577483,0.0,-0.0032768926837577483,0.0032768926837577483,0.0
149105289-149105300-002,-0.030690986511265783,0.0053077612561899246,-0.03599874776745571,0.030690986511265783,-0.0053077612561899246
149105289-149105311-001,-0.01840860785441789,0.0035469784442443975,-0.02195558629866229,0.01840860785441789,-0.0035469784442443975
149105289-149105311-003,-0.04303147051959655,1.901352211963747e-05,-0.043050484041716186,0.04303147051959655,-1.901352211963747e-05
149105289-149105311-004,-0.009485716968155422,0.007367443974659937,-0.01685316094281536,0.009485716968155422,-0.007367443974659937
149140081-149140096-002,-0.06073145536799951,-0.0068341795875828115,-0.0538972757804167,0.06073145536799951,0.0068341795875828115
149140849-149140856-001,0.053238926077290694,0.00339252143548463,0.049846404641806064,-0.053238926077290694,-0.00339252143548463
149143028-149143108-002,-0.03095045876245739,-0.011085855358043184,-0.019864603404414205,0.03095045876245739,0.011085855358043184
149143469-149143497-003,0.023571759804481895,-0.005291775331112025,0.02886353513559392,-0.023571759804481895,0.005291775331112025
149146837-149146854-001,0.003906285408996846,0.003334594101675248,0.0005716913073215979,-0.003906285408996846,-0.003334594101675248
149181904-149181927-001,0.016350111613263496,0.003560169719814099,0.012789941893449397,-0.016350111613263496,-0.003560169719814099
149181904-149181951-001,-0.01142862390111965,0.002509426366119727,-0.013938050267239377,0.01142862390111965,-0.002509426366119727
149182125-149182135-002,0.00424591428299137,0.0020509916931595873,0.0021949225898317826,-0.00424591428299137,-0.0020509916931595873
149182657-149182667-001,0.02127721804139937,-0.008114919656410202,0.029392137697809573,-0.02127721804139937,0.008114919656410202
149182657-149182681-002,-0.005596725690277471,0.0,-0.005596725690277471,0.005596725690277471,0.0
149182657-149182698-003,0.01044058947135229,0.0014611317765815812,0.00897945769477071,-0.01044058947135229,-0.0014611317765815812
149185604-149185616-001,-0.013150484288987574,0.001839910375011189,-0.014990394663998763,0.013150484288987574,-0.001839910375011189
149185604-149185645-003,0.0008416012113410254,0.0007497866933068309,9.181451803419449e-05,-0.0008416012113410254,-0.0007497866933068309
149185604-149185657-001,0.03266620108560314,0.003149699019607377,0.029516502065995764,-0.03266620108560314,-0.003149699019607377
149185698-149185709-002,0.03273646471738889,-0.00323308196894434,0.03596954668633323,-0.03273646471738889,0.00323308196894434
149185788-149185824-001,-0.017279716347267993,0.0029393753654328725,-0.020219091712700865,0.017279716347267993,-0.0029393753654328725
149190861-149190868-001,-0.06035362431225577,-0.005881042316476015,-0.054472581995779756,0.06035362431225577,0.005881042316476015
149314453-149314465-001,-0.011382860280087725,-0.001997920757111693,-0.009384939522976032,0.011382860280087725,0.001997920757111693
149314453-149314507-001,0.0,0.0,0.0,0.0,0.0
149314453-149314507-002,0.00767019989394091,0.005353998830461393,0.002316201063479517,-0.00767019989394091,-0.005353998830461393
149314679-149314698-001,0.018684734568213623,-0.006196863443722278,0.0248815980119359,-0.018684734568213623,0.006196863443722278
149315229-149315310-001,-0.004851435864915876,-0.009915902148695421,0.005064466283779545,0.004851435864915876,0.009915902148695421
149315671-149315731-001,0.021007647843987676,-0.007457028081977124,0.0284646759259648,-0.021007647843987676,0.007457028081977124
149315671-149315740-001,0.004037143704356372,-0.006970105888976397,0.011007249593332769,-0.004037143704356372,0.006970105888976397
149316426-149316462-004,0.013917534826339617,0.0,0.013917534826339617,-0.013917534826339617,0.0
149316754-149316779-002,-0.02995920539808139,-0.00225827481609564,-0.02770093058198575,0.02995920539808139,0.00225827481609564
149317002-149317010-002,0.034139781454341045,-0.014099888766342716,0.04823967022068376,-0.034139781454341045,0.014099888766342716
149317204-149317230-002,0.01710026005712273,-0.0002484050190595388,0.017348665076182268,-0.01710026005712273,0.0002484050190595388
149788987-149788996-003,0.07544611065120199,0.01580849050043065,0.05963762015077134,-0.07544611065120199,-0.01580849050043065
153268807-153268826-001,-0.12320650234404551,-0.010525191569937031,-0.11268131077410848,0.12320650234404551,0.010525191569937031
153276386-153276405-001,0.008450489649693083,-0.0034456623498115846,0.011896151999504667,-0.008450489649693083,0.0034456623498115846
153276386-153276405-002,-0.018945052753599312,0.004863044247154724,-0.023808097000754036,0.018945052753599312,-0.004863044247154724
153276386-153276414-001,0.0,0.0,0.0,0.0,0.0
153314466-153314473-003,-0.10345607063229778,-0.014482505017959224,-0.08897356561433856,0.10345607063229778,0.014482505017959224
153654869-153654880-001,0.10490709700292133,-0.0037253367717828834,0.10863243377470422,-0.10490709700292133,0.0037253367717828834
153655016-153655039-005,-0.019158060448042802,0.005837620159911627,-0.02499568060795443,0.019158060448042802,-0.005837620159911627
153655087-153655101-002,-0.03302235573182444,0.0009299406375703478,-0.033952296369394785,0.03302235573182444,-0.0009299406375703478
153656862-153656873-001,-0.07004495439971714,-0.00983679814719518,-0.06020815625252196,0.07004495439971714,0.00983679814719518
153657121-153657160-001,0.012371848560307153,-0.008136447302079186,0.02050829586238634,-0.012371848560307153,0.008136447302079186
153659229-153659264-001,-0.008525581049171782,0.002063779016683198,-0.01058936006585498,0.008525581049171782,-0.002063779016683198
153697342-153697375-001,0.01567122325659054,0.0008046637038282567,0.014866559552762282,-0.01567122325659054,-0.0008046637038282567
153697342-153697384-001,0.005414439200907339,0.0022710074876641784,0.003143431713243161,-0.005414439200907339,-0.0022710074876641784
153697726-153697736-001,-0.06490694218077131,0.003785806048079987,-0.0686927482288513,0.06490694218077131,-0.003785806048079987
153701009-153701019-002,-0.031839379568536774,-0.0035775589000540675,-0.028261820668482707,0.031839379568536774,0.0035775589000540675
153701622-153701650-001,0.003848030377896161,0.0005355172356654725,0.0033125131422306886,-0.003848030377896161,-0.0005355172356654725
153701949-153701958-001,0.04383798000743988,-0.0012832697292889383,0.04512124973672882,-0.04383798000743988,0.0012832697292889383
153702037-153702051-003,-0.028112528297706607,-0.003967378882051564,-0.024145149415655043,0.028112528297706607,0.003967378882051564
153826963-153826970-001,0.03423552441222888,0.0017293347816311755,0.032506189630597704,-0.03423552441222888,-0.0017293347816311755
153826963-153826982-003,0.008688479159232765,0.004090266371542417,0.004598212787690348,-0.008688479159232765,-0.004090266371542417
153827595-153827657-002,0.00516297336479532,0.0044889167377389905,0.0006740566270563297,-0.00516297336479532,-0.0044889167377389905
153828877-153828902-002,0.0072900760909374585,0.007597072594118126,-0.0003069965031806676,-0.0072900760909374585,-0.007597072594118126
153828952-153828970-001,-0.02113054013417137,0.0030297035762618663,-0.024160243710433238,0.02113054013417137,-0.0030297035762618663
153828952-153829005-001,0.03405250310882757,0.004052400685079172,0.030000102423748398,-0.03405250310882757,-0.004052400685079172
153828952-153829005-002,-0.005555443406104477,0.0029460468971993503,-0.008501490303303827,0.005555443406104477,-0.0029460468971993503
153829664-153829672-001,0.005680335217120858,-0.005416535859614546,0.011096871076735404,-0.005680335217120858,0.005416535859614546
153829745-153829768-001,-0.06366449968544052,-0.008755602196712564,-0.05490889748872796,0.06366449968544052,0.008755602196712564
153829745-153829768-003,-0.02905614531140277,0.004622075531849457,-0.03367822084325223,0.02905614531140277,-0.004622075531849457
153830680-153830827-002,-0.01822879591854032,-0.012132663823313683,-0.006096132095226636,0.01822879591854032,0.012132663823313683
153831352-153831372-004,-0.02418414500277244,0.0,-0.02418414500277244,0.02418414500277244,0.0
153915432-153915441-002,-0.016580551230961804,0.00611166871075175,-0.022692219941713554,0.016580551230961804,-0.00611166871075175
153915432-153915472-001,-0.04398991766986671,0.0005141206940022514,-0.04450403836386896,0.04398991766986671,-0.0005141206940022514
153915726-153915736-001,-0.018447237430712526,0.0059869624547251865,-0.024434199885437713,0.018447237430712526,-0.0059869624547251865
153916114-153916129-002,-0.04806038645795874,0.00678094371618343,-0.05484133017414217,0.04806038645795874,-0.00678094371618343
153916114-153916150-001,0.024874415951824158,-0.00463376150343664,0.029508177455260798,-0.024874415951824158,0.00463376150343664
153916114-153916167-001,0.012786336863893077,0.0049816274289326,0.007804709434960477,-0.012786336863893077,-0.0049816274289326
153916569-153916586-001,0.03670837015860817,-0.004160399282201244,0.040868769440809416,-0.03670837015860817,0.004160399282201244
153956040-153956058-001,-0.04454152039134884,-0.003458524199527413,-0.04108299619182143,0.04454152039134884,0.003458524199527413
153956040-153956058-003,-0.005400192450109587,0.001991094430918605,-0.007391286881028192,0.005400192450109587,-0.001991094430918605
153956040-153956072-003,0.034401810102137276,-0.008489940187200173,0.04289175028933745,-0.034401810102137276,0.008489940187200173
153956444-153956458-004,-0.027927206535971583,0.0010940627801714342,-0.029021269316143017,0.027927206535971583,-0.0010940627801714342
153958154-153958211-001,-0.01543154753329723,-0.0010513113925378903,-0.01438023614075934,0.01543154753329723,0.0010513113925378903
153958547-153958572-002,0.007078629152838634,0.003030082990640226,0.004048546162198408,-0.007078629152838634,-0.003030082990640226
153958547-153958572-006,-0.0013186977474215489,-0.0005097135315791368,-0.0008089842158424121,0.0013186977474215489,0.0005097135315791368
153958547-153958572-008,0.0051481900555175875,0.003119213031690049,0.0020289770238275384,-0.0051481900555175875,-0.003119213031690049
153958547-153958572-009,-0.01508984518103651,-0.009038564254014836,-0.006051280927021674,0.01508984518103651,0.009038564254014836
153958547-153958590-002,-0.013552645578407962,0.0,-0.013552645578407962,0.013552645578407962,0.0
154519964-154519981-001,0.05587050246702907,0.0018279085468619893,0.05404259392016708,-0.05587050246702907,-0.0018279085468619893
157181481-157181497-004,0.03699595307232806,-0.0006221322445637556,0.037618085316891814,-0.03699595307232806,0.0006221322445637556
157181671-157181697-001,-0.0877175155862433,-0.004804354905181607,-0.08291316068106169,0.0877175155862433,0.004804354905181607
157183193-157183279-001,-0.10200759498754586,0.016454015892252927,-0.11846161087979878,0.10200759498754586,-0.016454015892252927
157183828-157183877-001,-0.11158133620257427,-0.0018641524048582658,-0.109717183797716,0.11158133620257427,0.0018641524048582658
157183964-157183980-001,-0.13345073025545984,-0.024504109428131082,-0.10894662082732876,0.13345073025545984,0.024504109428131082
157184013-157184031-001,-0.14166213780809467,-0.01013259537910749,-0.13152954242898718,0.14166213780809467,0.01013259537910749
157184850-157184920-002,0.02420358589708571,0.03529047347958458,-0.011086887582498872,-0.02420358589708571,-0.03529047347958458
157184850-157184942-001,-0.05266766397240785,0.03227534634097293,-0.08494301031338078,0.05266766397240785,-0.03227534634097293
157185208-157185238-001,-0.07084185650339292,0.0065735243992539605,-0.07741538090264688,0.07084185650339292,-0.0065735243992539605
157185433-157185479-002,0.025962167886187104,-0.006716420866131778,0.03267858875231888,-0.025962167886187104,0.006716420866131778
157185433-157185479-003,0.009592875152203861,0.0029708751902501884,0.006621999961953673,-0.009592875152203861,-0.0029708751902501884
157185433-157185479-004,0.0,0.0,0.0,0.0,0.0
157185433-157185479-006,0.0,0.0,0.0,0.0,0.0
157185433-157185508-001,0.022983676306981504,0.008329068155495167,0.014654608151486337,-0.022983676306981504,-0.008329068155495167
157185730-157185758-001,0.008094390914436922,0.011378187031035158,-0.0032837961165982366,-0.008094390914436922,-0.011378187031035158
157185781-157185793-003,0.0,0.0,0.0,0.0,0.0
157222534-157222607-001,-0.10428719446267665,-0.011242943514962467,-0.09304425094771418,0.10428719446267665,0.011242943514962467
157222647-157222687-001,-0.10769702694389138,-0.019967962427960617,-0.08772906451593077,0.10769702694389138,0.019967962427960617
157222801-157222811-001,-0.03322194971323833,-0.038264730581951345,0.005042780868713015,0.03322194971323833,0.038264730581951345
157223549-157223570-001,-0.10830243079131852,-0.03893026613351058,-0.06937216465780793,0.10830243079131852,0.03893026613351058
157224412-157224429-001,-0.0652210274972782,-0.0037440099783540015,-0.061477017518924204,0.0652210274972782,0.0037440099783540015
157224458-157224464-001,-0.09126663577887295,-0.008455456539566697,-0.08281117923930625,0.09126663577887295,0.008455456539566697
157224458-157224483-001,-0.09203268668928222,-0.013120458427612891,-0.07891222826166933,0.09203268668928222,0.013120458427612891
157227058-157227087-001,-0.003648659561350742,-0.0028138398931811803,-0.0008348196681695619,0.003648659561350742,0.0028138398931811803
157227461-157227503-003,0.01624778458786902,-0.003061075103712785,0.019308859691581803,-0.01624778458786902,0.003061075103712785
157266930-157266947-001,0.06810199525389604,-0.012535607508975422,0.08063760276287146,-0.06810199525389604,0.012535607508975422
157268504-157268544-001,-0.07965461858963196,0.013878550365115538,-0.0935331689547475,0.07965461858963196,-0.013878550365115538
158986766-158986776-001,-0.013242857634080174,0.00467802892476199,-0.017920886558842164,0.013242857634080174,-0.00467802892476199
158986813-158986820-001,0.0,0.0,0.0,0.0,0.0
158986920-158986928-004,0.018258486393048834,-0.06647629751343748,0.08473478390648631,-0.018258486393048834,0.06647629751343748
204870858-204870872-001,0.013745090006352934,0.0031666694128226203,0.010578420593530313,-0.013745090006352934,-0.0031666694128226203
204870951-204870961-002,-0.08117441152003785,-0.009067807450913179,-0.07210660406912467,0.08117441152003785,0.009067807450913179
204871030-204871038-001,-0.07193595028443833,-0.006584979775708599,-0.06535097050872973,0.07193595028443833,0.006584979775708599
204871030-204871038-002,-0.13374885334645958,-0.000778296124651412,-0.13297055722180817,0.13374885334645958,0.000778296124651412
209047342-209047443-001,-0.02465285895922331,-0.015940133768835074,-0.008712725190388237,0.02465285895922331,0.015940133768835074
209047526-209047626-001,-0.1013696021760514,-0.01962915548436972,-0.08174044669168168,0.1013696021760514,0.01962915548436972
209047526-209047798-001,-0.07168420884027071,0.016727342192298766,-0.08841155103256948,0.07168420884027071,-0.016727342192298766
209307421-209307504-001,-0.11895976225566463,-0.018003374545667805,-0.10095638770999682,0.11895976225566463,0.018003374545667805
209522474-209522522-001,-0.0711002651292284,-0.0077551593617635195,-0.06334510576746488,0.0711002651292284,0.0077551593617635195
209522940-209522970-001,-0.12712899989825277,-0.0001446688338658797,-0.1269843310643869,0.12712899989825277,0.0001446688338658797
209565409-209565503-001,-0.11505385719373518,-0.015613436479971932,-0.09944042071376324,0.11505385719373518,0.015613436479971932
209565409-209565600-001,-0.05984358999532402,-0.014015315413944407,-0.04582827458137961,0.05984358999532402,0.014015315413944407
209565864-209565890-001,-0.16386872553815646,-0.014626410872673579,-0.14924231466548288,0.16386872553815646,0.014626410872673579
209565864-209565911-001,-0.11505385719373518,-0.006951624222633623,-0.10810223297110155,0.11505385719373518,0.006951624222633623
209566047-209566095-001,-0.13590998432441403,-0.0377476644815381,-0.09816231984287593,0.13590998432441403,0.0377476644815381
209566205-209566247-001,-0.13398853842122949,-0.00735958706585671,-0.12662895135537278,0.13398853842122949,0.00735958706585671
209566205-209566289-001,-0.05902727016248355,-0.001310755230115923,-0.057716514932367624,0.05902727016248355,0.001310755230115923
209566399-209566485-001,-0.09746292011266955,-0.0017105381409425746,-0.09575238197172697,0.09746292011266955,0.0017105381409425746
