cell_id,class,model,delta_closing_circularity_ae,delta_null_circularity_ae,delta_specific_circularity_ae,delta_closing_perimeter_ae,delta_null_perimeter_ae,delta_specific_perimeter_ae,delta_closing_nc_ae,delta_null_nc_ae,delta_specific_nc_ae,delta_closing_area_ae,delta_null_area_ae,delta_specific_area_ae,delta_closing_nucleus_dice,delta_null_nucleus_dice,delta_specific_nucleus_dice,delta_closing_foreground_dice,delta_null_foreground_dice,delta_specific_foreground_dice,closing_benefit_circularity_ae,null_benefit_circularity_ae,raw_circularity_signed_bias,roundness_group,raw_invalid_rate,closing_invalid_rate,null_invalid_rate
148495842-148495854-001,light_dysplastic,nc_aware_lambda_0p10,0.0,0.0,0.0,0.5857864618301392,0.5857868194580078,-3.5762786865234375e-07,0.0,0.0,0.0,0.0,0.0,0.0,0.0,0.0,0.0,0.0,0.0,0.0,0.0,0.0,0.1482708943337505,over_circular,0.0,0.0,0.0
148497551-148497588-001,light_dysplastic,nc_aware_lambda_0p10,0.021774878606102943,-0.005247240775277939,0.027022119381380882,-0.15937960147857666,-0.15937936305999756,-2.384185791015625e-07,0.0005377242649566849,-0.017262773722627744,0.01780049798758443,4.0,-75.0,79.0,-0.0007135903760188134,0.007192179757806394,-0.007905770133825207,-0.0006588037958612514,0.007075649392945582,-0.0077344531888068335,-0.021774878606102943,0.005247240775277939,0.017035581867011595,over_circular,0.0,0.0,0.0
148497788-148497816-002,light_dysplastic,nc_aware_lambda_0p10,-0.06023202936130834,-0.007112465715997773,-0.053119563645310564,12.887301921844482,1.8162347078323364,11.071067214012146,-0.0012549772371920759,0.006763461151149036,-0.008018438388341112,-21.0,120.0,-141.0,0.005155787412653434,-0.012514957917666436,0.01767074533031987,0.0028072454434332483,-0.007480531822207537,0.010287777265640785,0.06023202936130834,0.007112465715997773,-0.11089669490751186,under_circular,0.0,0.0,0.0
148503209-148503222-001,light_dysplastic,nc_aware_lambda_0p10,-0.038074855563543064,-0.012315940896435895,-0.02575891466710717,-16.402020812034607,-6.7867971658706665,-9.61522364616394,0.0033472025833884977,-0.01639853995524687,0.01974574253863537,34.0,-112.0,146.0,-0.0007647307894436128,0.0007279393543693224,-0.0014926701438129353,0.0005661711555562388,-0.003308980037858289,0.0038751511934145277,0.038074855563543064,0.012315940896435895,-0.3385664946329289,under_circular,0.0,0.0,0.0
148503209-148503231-001,light_dysplastic,nc_aware_lambda_0p10,-0.04573612061910015,-0.01471635905047064,-0.03101976156862951,-25.774603605270386,-10.519771695137024,-15.254831910133362,0.012589655437053482,-0.05879387168654193,0.07138352712359541,44.0,-213.0,257.0,-0.0029228450498743896,0.014466065317677468,-0.017388910367551857,-0.0030107568432926612,0.014938520265552313,-0.017949277108844974,0.04573612061910015,0.01471635905047064,-0.09495002093393634,under_circular,0.0,0.0,0.0
148503400-148503432-001,light_dysplastic,nc_aware_lambda_0p10,-0.011578614305287949,-0.013172075619973023,0.001593461314685074,11.195957779884338,-2.9461777210235596,14.142135500907898,-0.004562244943734695,0.018149053996907916,-0.02271129894064261,-46.0,209.0,-255.0,0.003323703154409552,-0.012083016243895073,0.015406719398304625,0.0022114168569645765,-0.008107923800920958,0.010319340657885534,0.011578614305287949,0.013172075619973023,-0.07407288544646473,under_circular,0.0,0.0,0.0
148503568-148503580-002,light_dysplastic,nc_aware_lambda_0p10,0.029298905852978674,-0.0072194355223006434,0.03651834137527932,5.857864856719971,3.02943754196167,2.828427314758301,0.0030655195552017345,-0.034290182103615896,0.03735570165881763,9.0,43.0,-34.0,0.000186336414347954,0.0007943301831989658,-0.0006079937688510118,3.348204255804177e-05,0.0016641915476990343,-0.0016307095051409926,-0.029298905852978674,0.0072194355223006434,0.14618412155757826,over_circular,0.0,0.0,0.0
148718455-148718461-001,light_dysplastic,nc_aware_lambda_0p10,-0.12959882923583643,-0.0005428478850671992,-0.12905598135076923,-17.892353773117065,-3.992860436439514,-13.899493336677551,-0.003477232502191119,0.013670851774564174,-0.017148084276755293,-48.0,191.0,-239.0,0.0016967534896228376,-0.005887759543798388,0.007584513033421225,0.0011537236690516428,-0.003937504401607894,0.005091228070659537,0.12959882923583643,0.0005428478850671992,-0.13745768911338674,under_circular,0.0,0.0,0.0
148719308-148719348-004,light_dysplastic,nc_aware_lambda_0p10,-0.005292854009741332,0.0,-0.005292854009741332,0.10050547122955322,0.0,0.10050547122955322,-0.002290271311627401,0.00829819391725406,-0.01058846522888146,-1.0,0.0,-1.0,-0.00019333837369872597,0.0,-0.00019333837369872597,-0.00016829326901435238,0.0,-0.00016829326901435238,0.005292854009741332,0.0,-0.05389191049298059,under_circular,0.0,0.0,0.0
148719308-148719357-001,light_dysplastic,nc_aware_lambda_0p10,-0.03612229522134047,0.006707115496146776,-0.04282941071748725,-9.372583866119385,-4.544156551361084,-4.828427314758301,0.004315364435829694,-0.02330076894506994,0.027616133380899632,16.0,-11.0,27.0,4.598412239498195e-05,-0.002703142162051031,0.002749126284446013,-0.0003759517250433442,0.0009024351290901622,-0.0012783868541335064,0.03612229522134047,-0.006707115496146776,-0.04779597837982397,under_circular,0.0,0.0,0.0
148848523-148848559-002,moderate_dysplastic,nc_aware_lambda_0p10,0.0,0.0,0.0,0.0,0.0,0.0,0.005530216412334976,-0.0452699858979837,0.050800202310318676,0.0,0.0,0.0,0.0,0.0,0.0,9.824310837491801e-05,0.00030089363326646357,-0.00020265052489154556,0.0,0.0,-0.03796019309218557,under_circular,0.0,0.0,0.0
148881870-148882178-002,light_dysplastic,nc_aware_lambda_0p10,-0.0007510415224387668,-0.007067842210294661,0.006316800687855895,-2.3431458473205566,-1.999999761581421,-0.34314608573913574,0.005352835415986856,-0.07997989292675123,0.08533272834273808,4.0,-24.0,28.0,-0.0007092094834562079,0.0042804040500025176,-0.0049896135334587255,-0.0008490675432131223,0.004285766092428811,-0.005134833635641933,0.0007510415224387668,0.007067842210294661,-0.0035537441901301037,under_circular,0.0,0.0,0.0
148882307-148882323-001,light_dysplastic,nc_aware_lambda_0p10,0.15617382279652237,0.02430228312783589,0.13187153966868648,20.80404233932495,1.3898292779922485,19.414213061332703,0.005761569823534873,-0.0217051451313236,0.027466714954858473,18.0,-60.0,78.0,-0.0019155395125393104,-0.006956538671193724,0.005040999158654413,-0.0015585157141287942,0.0006388666392445064,-0.0021973823533733006,-0.15617382279652237,-0.02430228312783589,0.0006100227091673238,over_circular,0.0,0.0,0.0
148882535-148882616-001,light_dysplastic,nc_aware_lambda_0p10,-0.05297609104776535,-0.0011018957670407836,-0.05187419528072457,-50.620275139808655,-16.051735401153564,-34.56853973865509,0.008622092044517138,-0.03305593640392829,0.041678028448445426,101.0,-399.0,500.0,-0.0015837128608772177,0.014561089639034575,-0.016144802499911792,-0.004633953477572783,0.015156038091450164,-0.019789991569022947,0.05297609104776535,0.0011018957670407836,-0.2698753267607379,under_circular,0.0,0.0,0.0
148882671-148882687-001,light_dysplastic,nc_aware_lambda_0p10,-0.07051134230673739,-0.025032600570927488,-0.0454787417358099,-29.77460503578186,-18.762413024902344,-11.012192010879517,0.006375792950680803,-0.03255418019684175,0.038929973147522556,47.0,-246.0,293.0,-0.0029881713821985345,0.014793863649792183,-0.017782035031990717,-0.0025495205176788716,0.012614391352749998,-0.01516391187042887,0.07051134230673739,0.025032600570927488,-0.2904636705585457,under_circular,0.0,0.0,0.0
149011613-149011656-001,light_dysplastic,nc_aware_lambda_0p10,-0.0977817194976065,-0.021921162577296704,-0.0758605569203098,-15.046683192253113,-5.531964302062988,-9.514718890190125,-0.0010607530782346941,0.003221463413303746,-0.00428221649153844,-33.0,99.0,-132.0,0.0017915487279415165,-0.00479395658477888,0.006585505312720397,0.0009080272186570149,-0.0023892035316301907,0.0032972307502872056,0.0977817194976065,0.021921162577296704,-0.12148459980972903,under_circular,0.0,0.0,0.0
149013033-149013072-001,moderate_dysplastic,nc_aware_lambda_0p10,-0.0036800051050769333,0.0010176789558123955,-0.004697684060889329,-1.1715730428695679,-1.171573281288147,2.384185791015625e-07,0.000377040183964672,-0.01122999955064885,0.011607039734613522,2.0,-4.0,6.0,-0.00018561022170471286,-0.00165341585626666,0.0014678056345619472,-2.1870647611499372e-05,0.0006642515501368296,-0.0006861221977483289,0.0036800051050769333,-0.0010176789558123955,-0.016706845275994864,under_circular,0.0,0.0,0.0
149014929-149014984-001,moderate_dysplastic,nc_aware_lambda_0p10,0.0,0.0,0.0,-0.5857864618301392,-0.8284274339675903,0.24264097213745117,0.0004675676153691466,-0.006522723058112745,0.0069902906734818915,0.0,0.0,0.0,-0.00011739527947629558,0.0004118575339406849,-0.0005292528134169805,-0.00012146788898759198,0.0005271964921886862,-0.0006486643811762782,0.0,0.0,-0.0669359248728838,under_circular,0.0,0.0,0.0
149014929-149015008-003,moderate_dysplastic,nc_aware_lambda_0p10,-0.01944128331753503,0.002065612670119399,-0.02150689598765443,-5.2720787525177,-4.301515817642212,-0.9705629348754883,0.016952450060206514,-0.03999411398339592,0.05694656404360243,24.0,-58.0,82.0,-0.0023938443261759534,0.005849402941461523,-0.008243247267637477,-0.003239147714350299,0.007810017908290945,-0.011049165622641244,0.01944128331753503,-0.002065612670119399,-0.24968766519303132,under_circular,0.0,0.0,0.0
149014929-149015022-001,light_dysplastic,nc_aware_lambda_0p10,0.0397560543687665,0.016886968024746762,0.02286908634401974,-8.502526879310608,-2.7451668977737427,-5.757359981536865,0.002029346218226702,-0.017884403202966637,0.01991374942119334,17.0,-134.0,151.0,2.342401849741993e-05,0.003359366838081246,-0.003335942819583826,-3.513362460494385e-05,0.0022401689025934868,-0.0022753025271984306,-0.0397560543687665,-0.016886968024746762,-0.015993050610335957,under_circular,0.0,0.0,0.0
149014929-149015022-002,light_dysplastic,nc_aware_lambda_0p10,0.0636727781023868,0.000842988841642689,0.06282978926074412,11.715729594230652,3.5319643020629883,8.183765292167664,-0.0018070250918057473,0.018542401194970914,-0.020349426286776662,20.0,0.0,20.0,6.461755575848382e-05,-0.003445882090665653,0.0035104996464241367,-0.0009524505874358713,-0.0022534237890574627,0.0013009732016215914,-0.0636727781023868,-0.000842988841642689,0.11405772560011429,over_circular,0.0,0.0,0.0
149053341-149053350-001,moderate_dysplastic,nc_aware_lambda_0p10,-0.05669703471868359,-0.002450394784571097,-0.054246639934112495,-9.615224361419678,-3.5735939741134644,-6.041630387306213,0.002940488085652726,-0.018754992897999534,0.02169548098365226,15.0,-109.0,124.0,-0.0009655736364380108,0.005911707672561328,-0.006877281308999339,-0.0008433628758796052,0.005233112472353141,-0.006076475348232746,0.05669703471868359,0.002450394784571097,-0.07051702071798205,under_circular,0.0,0.0,0.0
149053945-149053969-001,moderate_dysplastic,nc_aware_lambda_0p10,-0.03749569693464805,0.0025531767412065864,-0.040048873675854635,-5.857864737510681,-2.2010111808776855,-3.6568535566329956,0.001644570647279353,-0.008652209259313703,0.010296779906593057,10.0,-53.0,63.0,-0.0014070410019453305,0.0075403081229843405,-0.008947349124929671,-0.001019691831229519,0.005440349914319631,-0.00646004174554915,0.03749569693464805,-0.0025531767412065864,-0.15339871807705707,under_circular,0.0,0.0,0.0
149053945-149053976-001,moderate_dysplastic,nc_aware_lambda_0p10,-0.1371363684217446,-0.012230453836312272,-0.12490591458543232,16.89444100856781,4.610170841217041,12.284270167350769,0.002364935892949338,-0.015406254011630899,0.017771189904580237,35.0,-195.0,230.0,-0.0030752741664509253,0.00431810544579303,-0.0073933796122439555,-0.001979457462798262,0.0032528138271712415,-0.005232271289969503,0.1371363684217446,0.012230453836312272,-0.154613989872323,under_circular,0.0,0.0,0.0
149054642-149054677-003,light_dysplastic,nc_aware_lambda_0p10,0.018799916450498166,0.006959635371595496,0.01184028107890267,1.1715731620788574,1.41421377658844,-0.24264061450958252,-0.0005699119722963886,0.014273751583015193,-0.014843663555311581,-3.0,68.0,-71.0,0.0007108002325721952,-0.014571816539160731,0.015282616771732926,0.00045507950505130346,-0.01045620329130903,0.010911282796360333,-0.018799916450498166,-0.006959635371595496,0.013474045493878761,over_circular,0.0,0.0,0.0
149056321-149056343-001,severe_dysplastic,nc_aware_lambda_0p10,-0.07410141395599146,-0.013508420391712739,-0.06059299356427872,-16.05887544155121,-5.875110626220703,-10.183764815330505,0.003403741418685602,-0.018685291497812617,0.02208903291649822,30.0,-109.0,139.0,-0.0009580633636836478,0.0019143310256952706,-0.0028723943893789183,-0.0008568399782610259,0.0018959737810737565,-0.0027528137593347823,0.07410141395599146,0.013508420391712739,-0.10476463937332436,under_circular,0.0,0.0,0.0
149056321-149056360-001,severe_dysplastic,nc_aware_lambda_0p10,0.01986501900069637,0.007323161211545304,0.012541857789151067,-2.585786461830139,-2.0000001192092896,-0.5857863426208496,0.0024528529798124588,-0.021021041197746948,0.023473894177559407,3.0,-26.0,29.0,-0.0005166915258931759,0.0045043183416809685,-0.005021009867574144,-0.0005657672499481681,0.004904074604278552,-0.00546984185422672,-0.01986501900069637,-0.007323161211545304,0.12322401084976353,over_circular,0.0,0.0,0.0
149056410-149056458-001,severe_dysplastic,nc_aware_lambda_0p10,0.007154693695711534,0.004409813844641786,0.002744879851069748,-0.5857865810394287,-0.8284276723861694,0.24264109134674072,0.0016647982710598086,-0.006633968868011486,0.008298767139071295,1.0,-4.0,5.0,-0.00031631823286837335,0.0012674950476153635,-0.0015838132804837368,-0.000351214156399271,0.001404813048261122,-0.001756027204660393,-0.007154693695711534,-0.004409813844641786,0.034104391719843696,over_circular,0.0,0.0,0.0
149056873-149056884-001,severe_dysplastic,nc_aware_lambda_0p10,0.019834157812972486,-0.009829474332431642,0.02966363214540413,-0.30151593685150146,0.04163062572479248,-0.34314656257629395,-0.0017861443624761497,-0.023194679152623077,0.021408534790146927,3.0,-9.0,12.0,0.00029324448075185305,-0.0035715180308432126,0.0038647625115950657,-3.811941731224344e-05,0.0022390135617658125,-0.002277132979078056,-0.019834157812972486,0.009829474332431642,0.015622801337425885,over_circular,0.0,0.0,0.0
149056873-149056884-002,severe_dysplastic,nc_aware_lambda_0p10,-0.0022073659957814185,0.003230168840308134,-0.005437534836089553,0.0,0.0,0.0,-0.0036221626195657164,0.07748578542200313,-0.08110794804156884,0.0,25.0,-25.0,0.0,-0.008012322527087945,0.008012322527087945,0.0008809456433624963,-0.01975355127797629,0.020634496921338785,0.0022073659957814185,-0.003230168840308134,-0.011018556108911781,under_circular,0.0,0.0,0.0
149056933-149056982-002,severe_dysplastic,nc_aware_lambda_0p10,0.012833010799671363,0.0,0.012833010799671363,0.5857864618301392,0.5857864618301392,0.0,0.0,0.0,0.0,2.0,-24.0,26.0,-0.0008028136707699529,0.005488559059987574,-0.006291372730757527,-0.0006629765600587589,0.0047791384389623826,-0.0054421149990211415,-0.012833010799671363,0.0,0.011303283969142708,over_circular,0.0,0.0,0.0
149057756-149057766-002,moderate_dysplastic,nc_aware_lambda_0p10,0.00708545561097651,0.0041854871941814364,0.0028999684167950734,-1.1715730428695679,-1.1715736389160156,5.960464477539062e-07,-0.00038414714148804485,0.008785949769527401,-0.009170096911015446,2.0,-17.0,19.0,7.997226582734385e-06,0.0009603246630432993,-0.000952327436460565,-8.205857758181168e-06,0.0009512683013606082,-0.0009594741591187894,-0.00708545561097651,-0.0041854871941814364,0.006360831352486884,over_circular,0.0,0.0,0.0
149057756-149057788-002,moderate_dysplastic,nc_aware_lambda_0p10,-0.06883134217176079,-0.005069833109274446,-0.06376150906248634,6.811182618141174,-0.2598860263824463,7.071068644523621,-0.004543403618285757,0.03027475422677217,-0.03481815784505793,21.0,177.0,-156.0,0.0011538814685925214,-0.003227156777837692,0.004381038246430213,0.0005378696833667762,-0.002821534245746271,0.0033594039291130473,0.06883134217176079,0.005069833109274446,-0.08758835713330593,under_circular,0.0,0.0,0.0
149057812-149057825-003,moderate_dysplastic,nc_aware_lambda_0p10,-0.02362037742011902,-0.013278749259968414,-0.010341628160150607,-13.715729236602783,-5.330952882766724,-8.38477635383606,0.002592739170944769,-0.01330875532026432,0.01590149449120909,26.0,-135.0,161.0,-0.0015639897854011764,0.007443615828650607,-0.009007605614051784,-0.0009727097311669208,0.003037095742088214,-0.004009805473255135,0.02362037742011902,0.013278749259968414,-0.05946213000923595,under_circular,0.0,0.0,0.0
149057812-149057825-005,moderate_dysplastic,nc_aware_lambda_0p10,0.006152340941547152,0.003915071257190816,0.0022372696843563356,0.5857862234115601,0.5857865810394287,-3.5762786865234375e-07,-0.0001859726275297291,0.001671425432928919,-0.0018573980604586482,-1.0,6.0,-7.0,0.00023848557695727024,0.00021236516235412228,2.6120414603147957e-05,0.00014832001315934207,0.00016300624590093182,-1.4686232741589755e-05,-0.006152340941547152,-0.003915071257190816,0.04835486928674981,over_circular,0.0,0.0,0.0
149057812-149057847-004,moderate_dysplastic,nc_aware_lambda_0p10,0.0,0.0,0.0,0.0,0.0,0.0,0.00028281994005718847,-0.005634922689260913,0.005917742629318101,0.0,0.0,0.0,0.0,0.0,0.0,-0.00012661472086872294,0.0017831763306257464,-0.0019097910514944694,0.0,0.0,0.06095844900838421,over_circular,0.0,0.0,0.0
149057812-149057847-005,moderate_dysplastic,nc_aware_lambda_0p10,0.026858504723629828,-0.0057025539483713805,0.03256105867200121,4.443650603294373,1.7573597431182861,2.6862908601760864,0.0007986223225326938,-0.004932625594378792,0.005731247916911486,-5.0,31.0,-36.0,0.0005422077433845374,-0.0025888190105871622,0.0031310267539716996,7.348492940051354e-05,-0.0014402290904359516,0.0015137140198364651,-0.026858504723629828,0.0057025539483713805,0.009625728836063607,over_circular,0.0,0.0,0.0
149058262-149058272-003,moderate_dysplastic,nc_aware_lambda_0p10,0.013571680728247992,-0.004664409687190729,0.01823609041543872,2.4436516761779785,1.6152236461639404,0.8284280300140381,-0.0020940257209994817,0.022332219726200697,-0.02442624544720018,-12.0,130.0,-142.0,0.0011752891742572436,-0.011191083559980775,0.012366372734238018,0.0008768424797664931,-0.008207163090321323,0.009084005570087816,-0.013571680728247992,0.004664409687190729,-0.01241187229592211,under_circular,0.0,0.0,0.0
149061666-149061699-003,moderate_dysplastic,nc_aware_lambda_0p10,-0.0273750533227628,0.009028545105771002,-0.0364035984285338,4.686291694641113,2.4436522722244263,2.242639422416687,-0.0006775227842581444,0.009743597683708527,-0.010421120467966671,-8.0,90.0,-98.0,0.0013413813143138276,-0.014681199454650184,0.016022580768964012,0.0008317707508468386,-0.009162508834087646,0.009994279584934485,0.0273750533227628,-0.009028545105771002,-0.030349777237453912,under_circular,0.0,0.0,0.0
149095913-149095926-001,light_dysplastic,nc_aware_lambda_0p10,-0.0471216060133256,-0.016100179117115143,-0.031021426896210458,-37.38982915878296,-28.620277404785156,-8.769551753997803,-0.0060673381511306135,0.020902134218846624,-0.026969472369977238,-125.0,367.0,-492.0,0.016447851271785163,-0.05123192616314187,0.06767977743492704,0.008369370124330588,-0.026163978567376622,0.03453334869170721,0.0471216060133256,0.016100179117115143,-0.6565645972237428,under_circular,0.0,0.0,0.0
149097324-149097373-001,moderate_dysplastic,nc_aware_lambda_0p10,-0.01799695402260404,-0.0018375804495600612,-0.016159373573043978,7.615224480628967,2.9878077507019043,4.627416729927063,-0.001535324770351898,0.010191300560727312,-0.01172662533107921,-17.0,114.0,-131.0,0.0007749080537787778,-0.006718663774956557,0.007493571828735335,0.0004664905287972143,-0.004047244788837001,0.004513735317634215,0.01799695402260404,0.0018375804495600612,-0.010715406392646565,under_circular,0.0,0.0,0.0
149097594-149097637-001,moderate_dysplastic,nc_aware_lambda_0p10,-0.043878534129309976,-0.002691427295790527,-0.04118710683351945,-15.12994372844696,-24.159380793571472,9.029437065124512,0.005827481157301806,-0.041383265486974796,0.0472107466442766,25.0,-183.0,208.0,0.00010293094963320648,0.007182909988921349,-0.007079979039288142,-0.0004228107976297357,0.007594889743327338,-0.008017700540957073,0.043878534129309976,0.002691427295790527,-0.19357895256019353,under_circular,0.0,0.0,0.0
149097594-149097637-002,moderate_dysplastic,nc_aware_lambda_0p10,0.004362095306529645,0.0028213066562220446,0.0015407886503076007,0.5857863426208496,0.5857870578765869,-7.152557373046875e-07,0.0005143262365616685,-0.004105151019178077,0.004619477255739746,2.0,-26.0,28.0,-0.0001234926740230069,0.0002120920620274358,-0.0003355847360504427,-3.374608777717558e-05,0.0015713184323994378,-0.0016050645201766134,-0.004362095306529645,-0.0028213066562220446,0.06057559942617574,over_circular,0.0,0.0,0.0
149098972-149098988-002,severe_dysplastic,nc_aware_lambda_0p10,0.011437198302931995,-0.0013689935052542124,0.012806191808186207,1.7573590278625488,2.0000001192092896,-0.24264109134674072,-0.0005703108338042107,0.0014238104954285569,-0.0019941213292327675,-3.0,34.0,-37.0,0.00044054854083397377,-0.003093977742808063,0.0035345262836420366,0.0004688657098653737,-0.005774233439394982,0.006243099149260356,-0.011437198302931995,0.0013689935052542124,0.27777258702771995,over_circular,0.0,0.0,0.0
149099096-149099104-001,severe_dysplastic,nc_aware_lambda_0p10,0.00976289439976652,-0.006429560644539256,0.016192455044305776,-1.1715730428695679,-1.1715730428695679,0.0,0.0,0.0,0.0,0.0,0.0,0.0,0.0,0.0,0.0,-0.00019177163344619164,0.000191802743604641,-0.00038357437705083264,-0.00976289439976652,0.006429560644539256,0.030172511411213687,over_circular,0.0,0.0,0.0
149099276-149099290-001,light_dysplastic,nc_aware_lambda_0p10,-0.11952625059748412,-0.0016357352370452993,-0.11789051536043882,19.622363686561584,5.7817442417144775,13.840619444847107,-0.0021117758681437893,0.007758008091607621,-0.00986978395975141,-44.0,163.0,-207.0,0.00478027771668621,-0.01807083752794214,0.02285111524462835,0.0027978135864012987,-0.010539217995448436,0.013337031581849734,0.11952625059748412,0.0016357352370452993,-0.1823058123279877,under_circular,0.0,0.0,0.0
149099276-149099290-002,light_dysplastic,nc_aware_lambda_0p10,-0.010917996895088766,-0.015316587236337331,0.004398590341248565,-5.005052208900452,-7.289323329925537,2.2842711210250854,9.592786652194707e-05,0.0010225178708494626,-0.0009265900043275155,-33.0,-54.0,21.0,0.0036638547523670795,0.005789250662948664,-0.0021253959105815845,0.001960870318387431,-0.005059015482707041,0.007019885801094472,0.010917996895088766,0.015316587236337331,-0.06599844464748084,under_circular,0.0,0.0,0.0
149099502-149099525-002,light_dysplastic,nc_aware_lambda_0p10,-0.04964033081269437,-0.010979579323676436,-0.03866075148901793,-12.904549241065979,-5.6324697732925415,-7.2720794677734375,-0.0012677567361805697,0.0046098385499915295,-0.005877595286172099,30.0,-101.0,131.0,-0.00264512588735788,0.006212096518886767,-0.008857222406244647,-0.0014767343286872237,-0.0018204675543984639,0.0003437332257112402,0.04964033081269437,0.010979579323676436,-0.08506499986302307,under_circular,0.0,0.0,0.0
149100006-149100028-002,severe_dysplastic,nc_aware_lambda_0p10,-0.007234950023840558,0.010499704485452122,-0.01773465450929268,3.514718770980835,3.6152241230010986,-0.10050535202026367,-0.0025731637071039204,0.014379792806481606,-0.016952956513585526,-12.0,68.0,-80.0,0.004288790756335037,-0.024857855696132747,0.029146646452467784,0.0026193794766686818,-0.015097968966715225,0.017717348443383907,0.007234950023840558,-0.010499704485452122,-0.04772185871874801,under_circular,0.0,0.0,0.0
149100064-149100072-001,moderate_dysplastic,nc_aware_lambda_0p10,-0.1239865116274953,-0.0019523237602230292,-0.12203418786727227,-31.875109791755676,-8.134995937347412,-23.740113854408264,0.003952812509569248,-0.017055277079453313,0.02100808958902256,55.0,-241.0,296.0,-0.0017455375487843705,0.008147521533748203,-0.009893059082532574,-0.0013401225650817583,0.006156033479500667,-0.007496156044582425,0.1239865116274953,0.0019523237602230292,-0.14374442462840242,under_circular,0.0,0.0,0.0
149101620-149101650-001,moderate_dysplastic,nc_aware_lambda_0p10,0.017806393939791776,0.008170584832110306,0.00963580910768147,6.443651437759399,6.402020692825317,0.04163074493408203,-0.001716029914666295,0.013429539549581648,-0.015145569464247943,-17.0,29.0,-46.0,0.0020017099661209237,-0.0034323604191821566,0.00543407038530308,0.0013789250852876966,-0.0023594808857312355,0.003738405971018932,-0.017806393939791776,-0.008170584832110306,-0.022679892962953252,under_circular,0.0,0.0,0.0
149102442-149102451-001,light_dysplastic,nc_aware_lambda_0p10,0.0016004107815638102,0.0,0.0016004107815638102,0.0,0.0,0.0,0.0002780599904671499,-0.011318707978015263,0.011596767968482413,1.0,-41.0,42.0,-0.00013752310036019288,-0.0005699775158416465,0.0004324544154814536,-0.0001174484621110361,-0.000110022701949819,-7.425760161217099e-06,-0.0016004107815638102,0.0,0.024705357738430078,over_circular,0.0,0.0,0.0
149102510-149102519-001,moderate_dysplastic,nc_aware_lambda_0p10,0.04162655527410708,-0.005129036538123799,0.04675559181223088,5.85786497592926,2.4436511993408203,3.41421377658844,-0.00184403290818419,-0.0008257626253306838,-0.0010182702828535062,14.0,32.0,-18.0,0.00018212874397915968,-0.0007261236094188162,0.0009082523533979758,0.0001309344865730866,-0.0006712471064829195,0.0008021815930560061,-0.04162655527410708,0.005129036538123799,0.020369911207536617,over_circular,0.0,0.0,0.0
149105003-149105050-001,light_dysplastic,nc_aware_lambda_0p10,-0.0158814932307082,0.0005042952792000399,-0.01638578850990824,2.3431460857391357,2.1005053520202637,0.24264073371887207,-0.0010285241424296543,0.016046270362962134,-0.017074794505391788,-5.0,79.0,-84.0,0.0010551223437295087,-0.016949168352721755,0.018004290696451264,0.0016064135873209429,-0.010948181626783793,0.012554595214104736,0.0158814932307082,-0.0005042952792000399,0.005182836092298637,over_circular,0.0,0.0,0.0
149105289-149105300-001,moderate_dysplastic,nc_aware_lambda_0p10,0.0,0.0,0.0,-1.1715729236602783,-1.1715729236602783,0.0,-0.0007796194973367365,0.014660766647968837,-0.015440386145305574,2.0,-38.0,40.0,-0.0005119525608129338,0.002191368291422857,-0.002703320852235791,-0.0004225739575072218,0.0022598196912332336,-0.0026823936487404554,0.0,0.0,0.0025497377146977973,over_circular,0.0,0.0,0.0
149105289-149105300-002,moderate_dysplastic,nc_aware_lambda_0p10,-0.016965834784531175,-0.0014609510175335183,-0.015504883766997657,-4.343145966529846,-3.514718770980835,-0.8284271955490112,-0.007286740989588147,0.004802947339324293,-0.01208968832891244,11.0,-85.0,96.0,0.0006845916800440888,-0.0019271257779395201,0.002611717457983609,0.000466464860450877,-0.0008593287694254048,0.0013257936298762818,0.016965834784531175,0.0014609510175335183,-0.13552116792804336,under_circular,0.0,0.0,0.0
149105289-149105311-001,moderate_dysplastic,nc_aware_lambda_0p10,-0.01650588373884393,0.0007015802581927799,-0.01720746399703671,-2.3431462049484253,-2.1005046367645264,-0.24264156818389893,-0.0035826085836032084,0.045913242488015094,-0.0494958510716183,-14.0,186.0,-200.0,0.0031318904893875565,-0.042858045400670175,0.04598993589005773,0.0021530332541880304,-0.028972215518963118,0.03112524877315115,0.01650588373884393,-0.0007015802581927799,-0.2984807470053954,under_circular,0.0,0.0,0.0
149105289-149105311-003,moderate_dysplastic,nc_aware_lambda_0p10,0.19578518310998938,0.01796450896364754,0.17782067414634184,0.2842698097229004,0.2842702865600586,-4.76837158203125e-07,-0.0020936580703144747,0.04309409566702771,-0.045187753737342184,-9.0,192.0,-201.0,0.002299272359010174,-0.05011608002301304,0.05241535238202322,0.0014533951934616596,-0.031172666817565364,0.032626062011027024,-0.19578518310998938,-0.01796450896364754,-0.43087562295183446,under_circular,0.0,0.0,0.0
149105289-149105311-004,moderate_dysplastic,nc_aware_lambda_0p10,-0.020969288003625464,0.0053118622386066905,-0.026281150242232154,-8.343146204948425,-4.100505113601685,-4.242641091346741,-0.005488849614452396,0.04092307218497815,-0.046411921799430544,-27.0,208.0,-235.0,0.004232961437427685,-0.02910538649947947,0.03333834793690715,0.0030003021002001917,-0.020469206799940354,0.023469508900140545,0.020969288003625464,-0.0053118622386066905,-0.35571560917727685,under_circular,0.0,0.0,0.0
149140081-149140096-002,moderate_dysplastic,nc_aware_lambda_0p10,-0.0840117411882102,0.0031267726817837405,-0.08713851386999394,-23.473088026046753,-5.147188425064087,-18.325899600982666,0.00597660827809765,-0.02318881036639131,0.02916541864448896,32.0,-196.0,228.0,0.00012023823641804654,-0.002231472957616276,0.0023517111940343227,-0.00039521916961704484,-0.0005094524557600622,0.00011423328614301731,0.0840117411882102,-0.0031267726817837405,-0.23813796385539931,under_circular,0.0,0.0,0.0
149140849-149140856-001,moderate_dysplastic,nc_aware_lambda_0p10,0.04664815823233148,0.010294806164203307,0.036353352068128175,-24.84567165374756,-6.762412905693054,-18.083258748054504,0.02224528104800072,-0.11267861327408224,0.13492389432208296,35.0,-166.0,201.0,-0.0015182347402863394,0.006773105532899115,-0.008291340273185455,-0.003050022992917012,0.015423148834394884,-0.018473171827311896,-0.04664815823233148,-0.010294806164203307,0.02343686370983522,over_circular,0.0,0.0,0.0
149143028-149143108-002,severe_dysplastic,nc_aware_lambda_0p10,-0.02805741138294615,0.0010764321392249254,-0.029133843522171077,2.041629672050476,1.7989898920059204,0.24263978004455566,0.002829660965100067,-0.05221862849963499,0.055048289464735056,-4.0,76.0,-80.0,0.0008112337143902915,-0.012463595436755015,0.013274829151145306,0.0006357049793155323,-0.009325972964975504,0.009961677944291036,0.02805741138294615,-0.0010764321392249254,-0.03885061352503849,under_circular,0.0,0.0,0.0
149143469-149143497-003,severe_dysplastic,nc_aware_lambda_0p10,0.01645909178324012,0.011068950666917377,0.005390141116322744,5.656853675842285,4.000000476837158,1.656853199005127,-0.001221962575062907,0.004686087228831681,-0.005908049803894588,-11.0,65.0,-76.0,-0.0011648357482544336,-0.00035831929220098147,-0.0008065164560534521,-0.0003638189971452155,-0.0034798586109564544,0.003116039613811239,-0.01645909178324012,-0.011068950666917377,0.002314950858616216,over_circular,0.0,0.0,0.0
149146837-149146854-001,carcinoma_in_situ,nc_aware_lambda_0p10,0.0,0.002237239367126831,-0.002237239367126831,-0.24264156818389893,-1.1715730428695679,0.928931474685669,-0.004201664257529991,0.11952297944923251,-0.1237246437067625,0.0,13.0,-13.0,0.0,0.0,0.0,0.0,0.0,0.0,0.0,-0.002237239367126831,0.022225259479702886,over_circular,0.0,0.0,0.0
149181904-149181927-001,carcinoma_in_situ,nc_aware_lambda_0p10,-0.006974797750216588,0.01020172200892211,-0.017176519759138698,1.1715726852416992,1.1715731620788574,-4.76837158203125e-07,0.0037108915549284305,-0.04703339296362541,0.05074428451855384,-4.0,52.0,-56.0,-0.00018611183594530178,-0.008276598584968653,0.008090486749023351,-4.6785658722736656e-05,-0.007247496417638111,0.007200710758915374,0.006974797750216588,-0.01020172200892211,-0.016349712451434018,under_circular,0.0,0.0,0.0
149181904-149181951-001,carcinoma_in_situ,nc_aware_lambda_0p10,0.018488848618656628,0.0025753765737737133,0.015913472044882915,1.7573593854904175,1.4142135381698608,0.34314584732055664,-0.0043529360998273425,0.047786150064307975,-0.05213908616413532,-3.0,28.0,-31.0,0.0006635346346780535,-0.0058105026563956,0.006474037291073653,0.0006484918308684584,-0.005590737229242082,0.0062392290601105405,-0.018488848618656628,-0.0025753765737737133,0.011438634815226223,over_circular,0.0,0.0,0.0
149182125-149182135-002,carcinoma_in_situ,nc_aware_lambda_0p10,0.00912552217632967,0.005762777191657853,0.003362744984671817,1.7573598623275757,1.1715725660324097,0.585787296295166,-0.002647488189138736,0.023548057316524318,-0.026195545505663054,1.0,-7.0,8.0,1.5721646909105935e-05,7.690613046007488e-05,-6.118448355096895e-05,-0.00020950456174007037,0.00020947450538466583,-0.0004189790671247362,-0.00912552217632967,-0.005762777191657853,0.14090931773756998,over_circular,0.0,0.0,0.0
149182657-149182667-001,carcinoma_in_situ,nc_aware_lambda_0p10,0.023991329287669116,-0.009202710097918732,0.03319403938558785,2.3431456089019775,0.5857870578765869,1.7573585510253906,0.003978851943215567,-0.07568479898027713,0.0796636509234927,4.0,-9.0,13.0,-0.00035558041461081213,-1.6953645258332983e-05,-0.00033862676935247915,-0.000538437333315045,0.003266732037406239,-0.003805169370721284,-0.023991329287669116,0.009202710097918732,0.13276032382055858,over_circular,0.0,0.0,0.0
149182657-149182681-002,carcinoma_in_situ,nc_aware_lambda_0p10,-0.0031882730957486505,-0.0019101092971794964,-0.001278163798569154,2.3431462049484253,2.1005053520202637,0.24264085292816162,-0.00365439166451087,0.06604812332005572,-0.06970251498456659,-4.0,75.0,-79.0,0.0009940611742860206,-0.018961907855274962,0.019955969029560983,0.0007798252939844597,-0.014668116810347742,0.015447942104332202,0.0031882730957486505,0.0019101092971794964,-0.040521076957125146,under_circular,0.0,0.0,0.0
149182657-149182698-003,carcinoma_in_situ,nc_aware_lambda_0p10,0.0,0.0,0.0,0.0,0.0,0.0,0.0,0.0,0.0,2.0,-49.0,51.0,0.0,0.0,0.0,-1.4585346370221686e-05,0.0009077092725001679,-0.0009222946188703895,0.0,0.0,0.1612796257134943,over_circular,0.0,0.0,0.0
149185604-149185616-001,carcinoma_in_situ,nc_aware_lambda_0p10,-0.008178214552384988,-0.005197909033361148,-0.0029803055190238403,1.7573593854904175,2.000000476837158,-0.24264109134674072,-0.0017454110683170487,0.006597492332918065,-0.008342903401235113,-5.0,19.0,-24.0,0.0009053157053217076,-0.003159831906033861,0.0040651476113555685,0.0006394191044809538,-0.0021592199117065336,0.0027986390161874874,0.008178214552384988,0.005197909033361148,-0.23454051572377832,under_circular,0.0,0.0,0.0
149185604-149185645-003,carcinoma_in_situ,nc_aware_lambda_0p10,0.0044635102007369865,0.0038250518058303706,0.0006384583949066158,0.5857857465744019,0.5857865810394287,-8.344650268554688e-07,-0.0023218222133678523,0.0046347937702679864,-0.006956615983635839,-1.0,2.0,-3.0,0.00012034550779183029,-0.00024077496780394725,0.00036112047559577753,0.0001909314555648134,-0.001274963179570876,0.0014658946351356894,-0.0044635102007369865,-0.0038250518058303706,0.09985732955458926,over_circular,0.0,0.0,0.0
149185604-149185657-001,carcinoma_in_situ,nc_aware_lambda_0p10,0.05210227636751785,0.0039018379339677,0.04820043843355015,5.514718413352966,1.8578646183013916,3.6568537950515747,-0.02013001114794921,0.0843688076073581,-0.10449881875530731,-11.0,50.0,-61.0,0.0013418560760265485,-0.008654453761362202,0.00999630983738875,0.0011323363723539925,-0.007144901281347149,0.008277237653701142,-0.05210227636751785,-0.0039018379339677,0.043560975334694274,over_circular,0.0,0.0,0.0
149185698-149185709-002,carcinoma_in_situ,nc_aware_lambda_0p10,0.007246168575005263,0.0009149624275334167,0.006331206147471846,4.686291575431824,1.2720779180526733,3.4142136573791504,-0.011030577712231926,0.09413636941277059,-0.10516694712500252,-7.0,62.0,-69.0,0.0010144210494255068,-0.009069139676656124,0.01008356072608163,0.0012233237784522455,-0.010752814105745134,0.01197613788419738,-0.007246168575005263,-0.0009149624275334167,-0.013431107245124863,under_circular,0.0,0.0,0.0
149185788-149185824-001,carcinoma_in_situ,nc_aware_lambda_0p10,-0.03035502507920096,0.006502641124615405,-0.036857666203816364,2.9289324283599854,2.05887508392334,0.8700573444366455,-0.006829187524728608,0.06866717254648291,-0.07549636007121152,-7.0,73.0,-80.0,0.0014491451960082502,-0.013873506913627098,0.015322652109635349,0.001238132693166527,-0.012194069077538727,0.013432201770705254,0.03035502507920096,-0.006502641124615405,-0.1470895692881674,under_circular,0.0,0.0,0.0
149190861-149190868-001,moderate_dysplastic,nc_aware_lambda_0p10,-0.03559294015229564,-0.0024056342550748955,-0.03318730589722074,8.249781370162964,-5.063928127288818,13.313709497451782,0.002724337832332391,-0.011955040820819385,0.014679378653151776,53.0,219.0,-166.0,0.0019772628419567617,-0.003964315823220099,0.005941578665176861,0.0012043238055949868,-0.001704348660003685,0.0029086724655986718,0.03559294015229564,0.0024056342550748955,-0.0821397555606247,under_circular,0.0,0.0,0.0
149314453-149314465-001,carcinoma_in_situ,nc_aware_lambda_0p10,-0.01457938916507373,0.00880912032025305,-0.02338850948532678,0.4852813482284546,0.7279216051101685,-0.24264025688171387,-0.0019118698605649076,0.03495098039215683,-0.036862850252721735,3.0,-30.0,33.0,0.0002165744789675017,0.00020706256574487547,9.511913222626234e-06,0.0005507265759095992,-0.008284478633219461,0.00883520520912906,0.01457938916507373,-0.00880912032025305,-0.025085450107765417,under_circular,0.0,0.0,0.0
149314453-149314507-001,carcinoma_in_situ,nc_aware_lambda_0p10,0.0,0.0,0.0,0.0,0.0,0.0,0.0,0.0,0.0,0.0,0.0,0.0,0.0,0.0,0.0,0.0,0.0,0.0,0.0,0.0,0.014852241273804911,over_circular,0.0,0.0,0.0
149314453-149314507-002,carcinoma_in_situ,nc_aware_lambda_0p10,0.006658875615592197,0.003178235922866368,0.0034806396927258287,-0.5857865810394287,-0.5857865810394287,0.0,0.0007021340537727294,-0.0007015165216234243,0.0014036505753961537,1.0,-1.0,2.0,-0.0003630227814417353,0.00036330117314531396,-0.0007263239545870492,-0.0002700045575064758,0.00406059420520366,-0.004330598762710136,-0.006658875615592197,-0.003178235922866368,0.018466896525394016,over_circular,0.0,0.0,0.0
149314679-149314698-001,carcinoma_in_situ,nc_aware_lambda_0p10,-0.014508247462708734,0.0025977456003746235,-0.017105993063083358,2.3431460857391357,2.686292052268982,-0.3431459665298462,-0.053146211193947135,0.20175931652403367,-0.2549055277179808,-15.0,138.0,-153.0,0.002977358504904659,-0.028138345284407063,0.03111570378931172,0.002867166869472193,-0.02610165738978698,0.028968824259259174,0.014508247462708734,-0.0025977456003746235,-0.01578949044354072,under_circular,0.0,0.0,0.0
149315229-149315310-001,severe_dysplastic,nc_aware_lambda_0p10,0.016766534559883972,-0.0003997003597784321,0.017166234919662404,6.443651437759399,1.9583702087402344,4.485281229019165,-0.004626151907574094,0.026920178963949493,-0.03154633087152359,-10.0,59.0,-69.0,0.0010096799268879408,-0.0024848820483681644,0.0034945619752561052,0.0008998746766155641,-0.0027928284210804177,0.003692703097695982,-0.016766534559883972,0.0003997003597784321,-0.0149061436467528,under_circular,0.0,0.0,0.0
149315671-149315731-001,carcinoma_in_situ,nc_aware_lambda_0p10,0.004303841901240335,0.00789455985122578,-0.0035907179499854447,2.3431458473205566,2.100504994392395,0.24264085292816162,-0.009824445545099536,0.11648268659114658,-0.12630713213624611,-4.0,85.0,-89.0,0.0007993937463475209,-0.013746855616142972,0.014546249362490493,0.001053910777233491,-0.01892008604175832,0.019973996818991813,-0.004303841901240335,-0.00789455985122578,-0.007456529107768839,under_circular,0.0,0.0,0.0
149315671-149315740-001,carcinoma_in_situ,nc_aware_lambda_0p10,0.004305200809362142,0.0037144827501519595,0.0005907180592101824,1.1715728044509888,1.1715730428695679,-2.384185791015625e-07,-0.009886555255923302,0.06707237197708205,-0.07695892723300535,-6.0,42.0,-48.0,0.0013252526743352533,-0.008952464360434065,0.010277717034769318,0.00022393366794415392,-0.0004155210774796636,0.0006394547454238175,-0.004305200809362142,-0.0037144827501519595,0.03598842845938244,over_circular,0.0,0.0,0.0
149316426-149316462-004,carcinoma_in_situ,nc_aware_lambda_0p10,0.0,0.0,0.0,0.0,0.0,0.0,0.005269663723814988,-0.03882981594429746,0.04409947966811245,0.0,0.0,0.0,0.0,0.0,0.0,0.0,0.0,0.0,0.0,0.0,0.11333926840116748,over_circular,0.0,0.0,0.0
149316754-149316779-002,moderate_dysplastic,nc_aware_lambda_0p10,-0.02768978910868103,0.0014896604758398713,-0.0291794495845209,-4.343145847320557,-2.686291456222534,-1.6568543910980225,0.0027039779508841733,-0.04261316715112784,0.04531714510201201,6.0,-97.0,103.0,-0.0009252553675795916,0.011965695908522478,-0.01289095127610207,-0.0007512333113602887,0.011175639630102485,-0.011926872941462774,0.02768978910868103,-0.0014896604758398713,-0.14392825873045256,under_circular,0.0,0.0,0.0
149317002-149317010-002,severe_dysplastic,nc_aware_lambda_0p10,0.03035963739186831,-0.0026866714219848653,0.033046308813853176,-1.0294365882873535,-0.4436507225036621,-0.5857858657836914,-0.007360627177700252,0.05202032287156677,-0.05938095004926702,5.0,39.0,-34.0,0.0010165291984971514,-0.004252796520547442,0.005269325719044593,0.0008710457373881653,-0.0007949177819408515,0.0016659635193290168,-0.03035963739186831,0.0026866714219848653,0.04810101716592852,over_circular,0.0,0.0,0.0
149317204-149317230-002,severe_dysplastic,nc_aware_lambda_0p10,0.0,0.0,0.0,0.0,0.0,0.0,-0.003657352007615078,0.0,-0.003657352007615078,0.0,0.0,0.0,0.0,0.0,0.0,0.0010654410234154366,0.0,0.0010654410234154366,0.0,0.0,0.24425154258051318,over_circular,0.0,0.0,0.0
149788987-149788996-003,light_dysplastic,nc_aware_lambda_0p10,0.08583972646032778,0.007448885650310877,0.0783908408100169,10.502526760101318,1.531964898109436,8.970561861991882,0.002903220765301917,-0.019674728183808887,0.022577948949110804,30.0,-118.0,148.0,0.00061503911532379,-0.0021211037149454492,0.002736142830269239,-1.4972542698554747e-05,0.001803147447836273,-0.0018181199905348278,-0.08583972646032778,-0.007448885650310877,0.029122731455428763,over_circular,0.0,0.0,0.0
153268807-153268826-001,light_dysplastic,nc_aware_lambda_0p10,-0.12649399720596155,-0.012211622971687097,-0.11428237423427445,-15.53196370601654,-3.348198175430298,-12.183765530586243,0.0013415024618800564,0.00360674579875761,-0.0022652433368775537,-37.0,102.0,-139.0,0.0034544364053653576,-0.009461848599909284,0.012916285005274641,0.0019700665815350904,-0.005384587281397457,0.0073546538629325475,0.12649399720596155,0.012211622971687097,-0.18648053102899975,under_circular,0.0,0.0,0.0
153276386-153276405-001,moderate_dysplastic,nc_aware_lambda_0p10,0.0051851834975983335,0.00592923242704968,-0.0007440489294513464,1.1715729236602783,1.41421377658844,-0.24264085292816162,-0.0008943620088407433,0.018158010326280616,-0.01905237233512136,2.0,-41.0,43.0,1.0873775211361902e-05,0.0017266077768604005,-0.0017157340016490386,0.00022597964517889757,-0.00029643714075278105,0.0005224167859316786,-0.0051851834975983335,-0.00592923242704968,0.09504895715458017,over_circular,0.0,0.0,0.0
153276386-153276405-002,moderate_dysplastic,nc_aware_lambda_0p10,-0.0391628054273227,0.001522835176701598,-0.0406856406040243,-15.029437780380249,-16.786796927452087,1.7573591470718384,-0.009592279161016348,0.037022645932980214,-0.04661492509399656,12.0,116.0,-104.0,0.0042468410614624474,-0.0141672408161162,0.018414081877578647,0.0029224320612804,-0.0099920971003995,0.0129145291616799,0.0391628054273227,-0.001522835176701598,-0.38644174671658593,under_circular,0.0,0.0,0.0
153276386-153276414-001,moderate_dysplastic,nc_aware_lambda_0p10,0.004167962478607401,-0.0009730673959124081,0.005141029874519809,0.0,0.0,0.0,0.0,0.0,0.0,0.0,0.0,0.0,0.0,0.0,0.0,0.0,0.0,0.0,-0.004167962478607401,0.0009730673959124081,0.007658160490832455,over_circular,0.0,0.0,0.0
153314466-153314473-003,light_dysplastic,nc_aware_lambda_0p10,-0.1173878039180124,-0.003577328299236071,-0.11381047561877633,-24.017244935035706,-5.005052804946899,-19.012192130088806,0.0036753761500287474,-0.006997640759950158,0.010673016909978905,63.0,-121.0,184.0,-0.00611527833348835,0.011222653690653117,-0.017337932024141467,-0.0038192030461490223,0.007002159901289162,-0.010821362947438184,0.1173878039180124,0.003577328299236071,-0.30063919774488945,under_circular,0.0,0.0,0.0
153654869-153654880-001,severe_dysplastic,nc_aware_lambda_0p10,0.07662184273669193,0.005199458335318097,0.07142238440137383,23.41421329975128,3.757359504699707,19.656853795051575,-0.010392878280385709,0.05657113263861191,-0.06696401091899762,-27.0,152.0,-179.0,0.002424862004010042,-0.011459373892418134,0.013884235896428176,0.0010856081885257662,-0.009517055846073763,0.01060266403459953,-0.07662184273669193,-0.005199458335318097,0.1662121804377631,over_circular,0.0,0.0,0.0
153655016-153655039-005,severe_dysplastic,nc_aware_lambda_0p10,-0.025262828275728233,-0.0012747513880216887,-0.023988076887706544,3.7573596239089966,3.7573591470718384,4.76837158203125e-07,-0.0034541080931793644,0.03297797187078544,-0.0364320799639648,-4.0,39.0,-43.0,0.001288470883450965,-0.012718400579434408,0.014006871462885373,0.001095239057560815,-0.010703461633304712,0.011798700690865527,0.025262828275728233,0.0012747513880216887,-0.11870119357540598,under_circular,0.0,0.0,0.0
153655087-153655101-002,severe_dysplastic,nc_aware_lambda_0p10,0.06834045996535587,0.014315686645216208,0.05402477332013966,-4.100505709648132,-3.1715731620788574,-0.9289325475692749,-0.0033242413910671287,0.04359849376323843,-0.04692273515430556,-7.0,95.0,-102.0,0.0011211892085746245,-0.014876797592453861,0.015997986801028485,0.00041495849484063374,-0.005249421028762691,0.0056643795236033245,-0.06834045996535587,-0.014315686645216208,-0.49117482195976025,under_circular,0.0,0.0,0.0
153656862-153656873-001,light_dysplastic,nc_aware_lambda_0p10,-0.0747121338148703,-0.013804267769225831,-0.060907866045644465,-11.129943490028381,-2.5857867002487183,-8.544156789779663,0.0027124037486737917,-0.0023335981927840033,0.005046001941457795,19.0,-9.0,28.0,0.0001571666348963996,0.000727475191111604,-0.0005703085562152044,9.171226823245782e-05,0.00085102648300317,-0.0007593142147707121,0.0747121338148703,0.013804267769225831,-0.09659812131744139,under_circular,0.0,0.0,0.0
153657121-153657160-001,severe_dysplastic,nc_aware_lambda_0p10,0.011028899283324511,0.005273806764518274,0.005755092518806237,0.5857865810394287,0.5857864618301392,1.1920928955078125e-07,0.0019606289711746605,-0.011701176778937006,0.013661805750111666,-1.0,14.0,-15.0,0.00025309452718014214,0.00042437301927766846,-0.00017127849209752632,0.0002558051399326189,0.0006516925724868727,-0.00039588743255425385,-0.011028899283324511,-0.005273806764518274,0.02959889830422946,over_circular,0.0,0.0,0.0
153659229-153659264-001,severe_dysplastic,nc_aware_lambda_0p10,-0.005068516804630163,0.0029054860364747803,-0.007974002841104944,0.5857864618301392,0.5857868194580078,-3.5762786865234375e-07,0.0012166342098589578,0.0033769454264642174,-0.0021603112166052596,-1.0,10.0,-11.0,0.0001382857804973492,-0.0008304779899601655,0.0009687637704575147,0.0002852447819876591,-0.005337265614568598,0.005622510396556257,0.005068516804630163,-0.0029054860364747803,-0.017312727145488815,under_circular,0.0,0.0,0.0
153697342-153697375-001,moderate_dysplastic,nc_aware_lambda_0p10,0.01836397548744506,-0.0005433670567585036,0.018907342544203565,1.1715729236602783,1.4142138957977295,-0.24264097213745117,-0.0018137740940755709,0.02593945416732768,-0.02775322826140325,-4.0,36.0,-40.0,0.0008444232438220567,-0.007661785212294103,0.00850620845611616,0.0007557945074050387,-0.0077487352797041,0.008504529787109139,-0.01836397548744506,0.0005433670567585036,0.0049407813008162105,over_circular,0.0,0.0,0.0
153697342-153697384-001,moderate_dysplastic,nc_aware_lambda_0p10,0.006429256628816438,0.006429256628816438,0.0,1.1715729236602783,1.171573281288147,-3.5762786865234375e-07,0.0,0.0,0.0,-2.0,2.0,-4.0,0.00042231011217763736,-1.1810777840959297e-05,0.00043412089001859666,0.00035160393420829994,-0.005263686638324883,0.0056152905725331825,-0.006429256628816438,-0.006429256628816438,0.007961952465162181,over_circular,0.0,0.0,0.0
153697726-153697736-001,light_dysplastic,nc_aware_lambda_0p10,-0.061973043453196874,-0.00042461339279353805,-0.061548430060403336,25.188817858695984,4.034490346908569,21.154327511787415,-0.0029344188267166893,0.010468369968574198,-0.013402788795290888,-43.0,117.0,-160.0,0.003035526030521263,-0.008345222508164385,0.011380748538685648,0.0021640946052425836,-0.008647064542617544,0.010811159147860128,0.061973043453196874,0.00042461339279353805,-0.08521956765235728,under_circular,0.0,0.0,0.0
153701009-153701019-002,light_dysplastic,nc_aware_lambda_0p10,-0.046979214845734196,0.0005973829384927631,-0.04757659778422696,-9.02943742275238,-4.058875203132629,-4.970562219619751,0.004562405042287998,-0.05152259943990878,0.056085004482196776,14.0,-163.0,177.0,-0.0013845145259413494,0.016459734364176026,-0.017844248890117376,-0.001186064121311503,0.014676405278947646,-0.01586246940025915,0.046979214845734196,-0.0005973829384927631,-0.1428807316161287,under_circular,0.0,0.0,0.0
153701622-153701650-001,moderate_dysplastic,nc_aware_lambda_0p10,0.008092478346756637,-0.0005239560557231959,0.008616434402479833,1.1715725660324097,0.9289313554763794,0.24264121055603027,0.0,0.0,0.0,-3.0,3.0,-6.0,1.082868159418826e-05,0.0010420322887833011,-0.0010312036071891129,0.0,0.0,0.0,-0.008092478346756637,0.0005239560557231959,0.11496946733133995,over_circular,0.0,0.0,0.0
153701949-153701958-001,light_dysplastic,nc_aware_lambda_0p10,0.06374776380104452,0.0032616665236596676,0.060486097277384854,12.88730263710022,3.6324697732925415,9.254832863807678,0.004146645918899128,0.02331642776653997,-0.019169781847640843,34.0,16.0,18.0,-0.000906465871663098,0.004288588436237251,-0.005195054307900349,0.0007764549829034628,-0.004094126792347552,0.004870581775251015,-0.06374776380104452,-0.0032616665236596676,0.16290943427030224,over_circular,0.0,0.0,0.0
153702037-153702051-003,light_dysplastic,nc_aware_lambda_0p10,-0.019102452897004518,0.004493732744056289,-0.023596185641060807,-6.443650722503662,-2.6446611881256104,-3.7989895343780518,0.0031950472004936836,-0.025167079906904144,0.028362127107397828,-8.0,113.0,-121.0,0.0007744955319698432,-0.010699744876121908,0.011474240408091751,0.0008012002497935766,-0.005011855510844265,0.005813055760637842,0.019102452897004518,-0.004493732744056289,-0.2042519248910818,under_circular,0.0,0.0,0.0
153826963-153826970-001,severe_dysplastic,nc_aware_lambda_0p10,-0.04988555348340423,-0.023102990223830944,-0.02678256325957329,-13.55634891986847,2.100504159927368,-15.656853079795837,-0.03447873863246764,0.000998214289998467,-0.03547695292246611,-34.0,1.0,-35.0,0.005978365402398267,-0.00017677255976711326,0.00615513796216538,0.00547270230938357,-0.00016074575196844965,0.00563344806135202,0.04988555348340423,0.023102990223830944,0.03769682407287178,over_circular,0.0,0.0,0.0
153826963-153826982-003,severe_dysplastic,nc_aware_lambda_0p10,0.005362740275172251,0.0,0.005362740275172251,1.171572208404541,1.1715725660324097,-3.5762786865234375e-07,-0.006180789685282573,0.0,-0.006180789685282573,-2.0,52.0,-54.0,0.00041085167416088364,0.0,0.00041085167416088364,-8.425365761832726e-05,-0.004991652351387099,0.004907398693768772,-0.005362740275172251,0.0,0.002931209985515104,over_circular,0.0,0.0,0.0
153827595-153827657-002,carcinoma_in_situ,nc_aware_lambda_0p10,0.015923960113697566,-0.0076079916791915725,0.02353195179288914,2.9289321899414062,3.272078514099121,-0.34314632415771484,0.004519038076152393,-0.06674187287724398,0.07126091095339637,4.0,-31.0,35.0,-0.0008408989548994716,0.0019051126086591097,-0.0027460115635585813,0.0005823117054134519,-0.009940008770941255,0.010522320476354707,-0.015923960113697566,0.0076079916791915725,0.030616855566710344,over_circular,0.0,0.0,0.0
153828877-153828902-002,severe_dysplastic,nc_aware_lambda_0p10,-0.029924366289709847,-0.0034356530236512306,-0.026488713266058617,3.2720757722854614,1.6568541526794434,1.615221619606018,0.0018441110044213893,-0.04322288914458683,0.04506700014900822,-4.0,96.0,-100.0,7.971416230101447e-06,-0.005021474759699718,0.005029446175929819,-2.304470007796766e-05,-0.0010676294576958956,0.001044584757617928,0.029924366289709847,0.0034356530236512306,-0.00038749115860881034,under_circular,0.0,0.0,0.0
153828952-153828970-001,severe_dysplastic,nc_aware_lambda_0p10,0.012405628161179738,-0.000653553142760388,0.013059181303940126,2.4436529874801636,2.3431464433670044,0.10050654411315918,0.018474935105036394,-0.05076735949125499,0.06924229459629139,12.0,-17.0,29.0,4.7712256637799655e-05,-0.0026096514375442137,0.0026573636941820133,-0.00033579531433103327,-0.002435280740050505,0.0020994854257194717,-0.012405628161179738,0.000653553142760388,-0.004937346471663662,under_circular,0.0,0.0,0.0
153828952-153829005-001,severe_dysplastic,nc_aware_lambda_0p10,0.0059649217408878075,-0.0004437482603739662,0.006408670001261774,0.5857865810394287,0.8284270763397217,-0.24264049530029297,0.029364289662797027,-0.03551964517230832,0.06488393483510535,-10.0,99.0,-109.0,0.001264062109408437,-0.010033335996663229,0.011297398106071666,0.0015710911258584037,-0.011686038203485793,0.013257129329344197,-0.0059649217408878075,0.0004437482603739662,0.05567944343979547,over_circular,0.0,0.0,0.0
153828952-153829005-002,severe_dysplastic,nc_aware_lambda_0p10,0.0023116111770397074,0.0010806181446390006,0.0012309930324007068,1.1715729236602783,1.171573281288147,-3.5762786865234375e-07,0.006185164625472694,0.0461837754661234,-0.039998610840650706,-3.0,22.0,-25.0,0.00017273520315108648,-0.0028278418211001854,0.003000577024251272,0.00012702270440312358,-0.0031943516510227754,0.003321374355425899,-0.0023116111770397074,-0.0010806181446390006,-0.022209080367829093,under_circular,0.0,0.0,0.0
153829664-153829672-001,light_dysplastic,nc_aware_lambda_0p10,0.07826878586546993,-0.003589399379679503,0.08185818524514943,-2.5614014863967896,-5.791849970817566,3.2304484844207764,0.0030968195592642744,-0.010578647910465033,0.013675467469729308,66.0,-335.0,401.0,-0.0033865079071624393,0.01516809477064851,-0.01855460267781095,0.0007349915392375062,-0.00014834472599967174,0.0008833362652371779,-0.07826878586546993,0.003589399379679503,-0.02693675332184009,under_circular,0.0,0.0,0.0
153829745-153829768-001,severe_dysplastic,nc_aware_lambda_0p10,-0.10095081634186398,-0.02120525639809978,-0.0797455599437642,17.573594570159912,4.201010704040527,13.372583866119385,0.0,0.0,0.0,0.0,0.0,0.0,0.0,0.0,0.0,0.0,0.0,0.0,0.10095081634186398,0.02120525639809978,-0.11716444067384812,under_circular,0.6666666666666666,0.6666666666666666,0.6666666666666666
153829745-153829768-003,severe_dysplastic,nc_aware_lambda_0p10,-0.019642614587530027,-0.00339112240524464,-0.016251492182285387,4.100505471229553,1.3725831508636475,2.7279223203659058,0.015824443268476207,-0.0041897662927716794,0.020014209561247887,-6.0,62.0,-68.0,0.0006153263843797774,-0.00639897832411207,0.0070143047084918475,0.0013452479990578858,-0.0003586370398790395,0.0017038850389369253,0.019642614587530027,0.00339112240524464,-0.04266511990783772,under_circular,0.0,0.0,0.0
153830680-153830827-002,severe_dysplastic,nc_aware_lambda_0p10,-0.004188275900362415,0.005860146892068041,-0.010048422792430456,1.8994944095611572,1.3137084245681763,0.585785984992981,0.014739661661167247,-0.24722266847765217,0.2619623301388194,1.0,22.0,-21.0,-0.0003206962008583947,-0.0036038702340064344,0.0032831740331480397,-0.001204073980643261,0.0037693475173727897,-0.004973421498016051,0.004188275900362415,-0.005860146892068041,-0.012750114855822337,under_circular,0.0,0.0,0.0
153831352-153831372-004,severe_dysplastic,nc_aware_lambda_0p10,-0.01899060267229208,0.002677779638909694,-0.021668382311201773,-17.029438138008118,-11.33095383644104,-5.698484301567078,-0.021002773087020588,0.11300235582888596,-0.13400512891590655,-24.0,57.0,-81.0,0.002172741135949674,-0.006484254875559259,0.008656996011508933,0.0018747678537062162,-0.006339869877987736,0.008214637731693952,0.01899060267229208,-0.002677779638909694,-0.19725388345018074,under_circular,0.0,0.0,0.0
153915432-153915441-002,severe_dysplastic,nc_aware_lambda_0p10,-0.005788025647836648,0.0023961508570177203,-0.008184176504854368,-4.928932785987854,-2.100505232810974,-2.82842755317688,0.007767862827226635,-0.1352269341960064,0.14299479702323303,7.0,-129.0,136.0,-0.0009415815063880117,0.016174242261846716,-0.017115823768234728,-0.0012302586470422927,0.020836245365630668,-0.02206650401267296,0.005788025647836648,-0.0023961508570177203,-0.12332476541424486,under_circular,0.0,0.0,0.0
153915432-153915472-001,severe_dysplastic,nc_aware_lambda_0p10,-0.05124257879820526,0.00022675267099359075,-0.051469331469198853,-9.615224599838257,-5.33095383644104,-4.284270763397217,0.004524283170749377,-0.06870826196468194,0.07323254513543132,12.0,-190.0,202.0,-0.0012684348564425685,0.019423299330633248,-0.020691734187075816,-0.001172555912325124,0.017372400312228975,-0.0185449562245541,0.05124257879820526,-0.00022675267099359075,-0.13958696291297812,under_circular,0.0,0.0,0.0
153915726-153915736-001,severe_dysplastic,nc_aware_lambda_0p10,-0.025313964569432246,-0.0001770652672132833,-0.025136899302218962,-2.343145966529846,-1.5147192478179932,-0.828426718711853,0.008267961518253264,-0.10309693107222273,0.111364892590476,7.0,-104.0,111.0,-0.0013824830564047597,0.0170345248357493,-0.018417007892154058,-0.0017168794987271196,0.015495515778199076,-0.017212395276926196,0.025313964569432246,0.0001770652672132833,0.0006514015972998166,over_circular,0.0,0.0,0.0
153916114-153916129-002,severe_dysplastic,nc_aware_lambda_0p10,-0.07153273865154025,-0.0050085308164813935,-0.06652420783505886,-23.08831262588501,-9.289323687553406,-13.798988938331604,0.007955017856446589,-0.04873166128063605,0.05668667913708264,39.0,-112.0,151.0,-0.0038144523737870806,0.012423569461357142,-0.016238021835144223,-0.0035960976952654766,0.022371144098610518,-0.025967241793875995,0.07153273865154025,0.0050085308164813935,-0.28122075750943426,under_circular,0.0,0.0,0.0
153916114-153916150-001,carcinoma_in_situ,nc_aware_lambda_0p10,0.0,0.0,0.0,0.0,0.0,0.0,0.00835455669621421,-0.05523048323778812,0.06358503993400233,-6.0,-25.0,19.0,0.00023406594197727948,0.0026783806174426328,-0.0024443146754653533,2.2327963684731778e-05,0.005774725760993138,-0.005752397797308406,0.0,0.0,0.1040188014920026,over_circular,0.0,0.0,0.0
153916114-153916167-001,carcinoma_in_situ,nc_aware_lambda_0p10,0.01302124790274728,0.006006242612337398,0.007015005290409881,1.757359504699707,1.7573599815368652,-4.76837158203125e-07,0.008057567625335604,-0.059445826410524205,0.06750339403585981,2.0,-12.0,14.0,-0.0002935749513663932,0.0007373983450305044,-0.0010309732963968976,-0.0002961143161104296,0.002308597211000518,-0.0026047115271109478,-0.01302124790274728,-0.006006242612337398,0.3987232170428387,over_circular,0.0,0.0,0.0
153916569-153916586-001,carcinoma_in_situ,nc_aware_lambda_0p10,0.012933707549932394,-0.005209970719452728,0.018143678269385122,1.7573596239089966,1.4142130613327026,0.34314656257629395,0.02740517954234445,-0.13092940649997198,0.15833458604231643,5.0,-28.0,33.0,-0.001028982620717378,0.004269920448508713,-0.005298903069226091,-0.0016996491727470087,0.007731774084656973,-0.009431423257403981,-0.012933707549932394,0.005209970719452728,0.2240436702526949,over_circular,0.0,0.0,0.0
153956040-153956058-001,normal_columnar,nc_aware_lambda_0p10,-0.037465416844650656,0.00185992039294125,-0.039325337237591906,1.941125512123108,0.8700574636459351,1.0710680484771729,0.003280771761385415,-0.04102943931800085,0.044310211079386264,-10.0,89.0,-99.0,0.0014631666493754025,-0.012755419523044487,0.01421858617241989,0.002601093572958124,-0.005940553513154256,0.00854164708611238,0.037465416844650656,-0.00185992039294125,-0.045696695808993715,under_circular,0.0,0.0,0.0
153956040-153956058-003,normal_columnar,nc_aware_lambda_0p10,-0.005423202752928957,-0.0047014819266956165,-0.0007217208262333408,-0.5857864618301392,-0.5857864618301392,0.0,0.0020708420621734502,-0.01068146913193957,0.01275231119411302,6.0,-5.0,11.0,-0.0011717532322947921,0.000978778410147707,-0.002150531642442499,0.00042243156638299695,0.0013166580291830154,-0.0008942264628000185,0.005423202752928957,0.0047014819266956165,-0.01895238319343784,under_circular,0.0,0.0,0.0
153956040-153956072-003,normal_columnar,nc_aware_lambda_0p10,0.03144339384852013,0.007205090129174918,0.02423830371934521,2.3431458473205566,1.514718770980835,0.8284270763397217,-0.0010554179594663982,0.011758198646580675,-0.012813616606047074,-4.0,45.0,-49.0,0.00012188487105713186,-0.006370381435352845,0.006492266306409977,3.268511870058166e-05,-0.0036935696124544837,0.0037262547311550653,-0.03144339384852013,-0.007205090129174918,0.05677910320913915,over_circular,0.0,0.0,0.0
153956444-153956458-004,normal_columnar,nc_aware_lambda_0p10,-0.0279266988560416,-0.002632609065085889,-0.02529408979095571,2.7695531845092773,2.183766722679138,0.5857864618301392,-0.00348756384696014,0.02598074496747388,-0.02946830881443402,-5.0,38.0,-43.0,-0.00018770654859678881,0.0012216467103414175,-0.0014093532589382063,-0.00022077872816606003,0.001561666737277978,-0.001782445465444038,0.0279266988560416,0.002632609065085889,-0.03351926749149792,under_circular,0.0,0.0,0.0
153958154-153958211-001,normal_columnar,nc_aware_lambda_0p10,-0.01789357316116791,-0.001933075856808797,-0.01596049730435911,-2.343145966529846,-2.5857869386672974,0.24264097213745117,-0.0004920867802714612,0.004411906261450604,-0.004903993041722066,4.0,-41.0,45.0,-0.0011363886141334545,0.01184540674054324,-0.012981795354676695,-0.0008893118798912747,0.007250623049058991,-0.008139934928950265,0.01789357316116791,0.001933075856808797,-0.21021098683375516,under_circular,0.0,0.0,0.0
153958547-153958572-002,normal_columnar,nc_aware_lambda_0p10,0.007781514254318278,0.0005565296976183243,0.007224984556699954,-0.5857867002487183,-0.5857864618301392,-2.384185791015625e-07,0.0,0.0,0.0,1.0,-4.0,5.0,-0.0003998977501151746,0.001603534765254988,-0.0020034325153701626,0.0,0.0,0.0,-0.007781514254318278,-0.0005565296976183243,0.11078362877341119,over_circular,0.0,0.0,0.0
153958547-153958572-006,normal_columnar,nc_aware_lambda_0p10,-0.008185334553784673,0.006020268487246683,-0.014205603041031356,-0.5857863426208496,-0.5857864618301392,1.1920928955078125e-07,0.004564437081521211,-0.029907281772953542,0.03447171885447475,3.0,-20.0,23.0,-0.0010988989691281814,0.00740088105726866,-0.008499780026396841,-0.0011693303364243013,0.007802199619635464,-0.008971529956059765,0.008185334553784673,-0.006020268487246683,0.014936327062964883,over_circular,0.0,0.0,0.0
153958547-153958572-008,normal_columnar,nc_aware_lambda_0p10,0.0011457619297627897,0.0011457619297627897,0.0,0.5857865810394287,0.5857867002487183,-1.1920928955078125e-07,0.00693829691406922,-0.020651956176710673,0.027590253090779893,1.0,-3.0,4.0,-0.00031304208427962443,0.0007727706373729104,-0.0010858127216525348,-0.0009161673044034702,3.548999146518739e-05,-0.0009516572958686575,-0.0011457619297627897,-0.0011457619297627897,0.1722200571081835,over_circular,0.0,0.0,0.0
153958547-153958572-009,normal_columnar,nc_aware_lambda_0p10,-0.007366084839490972,0.0018742646843635802,-0.009240349523854552,-0.5857865810394287,-0.5857863426208496,-2.384185791015625e-07,0.0006429002401533435,-0.008308270150422237,0.00895117039057558,1.0,-13.0,14.0,-0.000410647275624787,0.00537238631228687,-0.005783033587911657,-0.0009706650383638493,0.010425581468303635,-0.011396246506667485,0.007366084839490972,-0.0018742646843635802,-0.041531227065557896,under_circular,0.0,0.0,0.0
153958547-153958590-002,normal_columnar,nc_aware_lambda_0p10,-0.03939047111957161,-0.009063111994753292,-0.03032735912481832,-38.20101058483124,-1.1715729236602783,-37.02943766117096,-0.0021701938362033435,0.0001082874443188997,-0.002278481280522243,-40.0,2.0,-42.0,0.005535357063474411,-0.019849298100743207,0.025384655164217618,0.0029477433604484515,-0.005175429004469212,0.008123172364917663,0.03939047111957161,0.009063111994753292,-0.520168082949638,under_circular,0.0,0.0,0.0
154519964-154519981-001,light_dysplastic,nc_aware_lambda_0p10,0.04668993623047757,0.006075671734036114,0.040614264496441455,11.580732703208923,4.811181426048279,6.7695512771606445,0.0062270544248044235,-0.04044515818253003,0.04667221260733445,21.0,-140.0,161.0,0.00023938537676315708,0.0028295556053899995,-0.0025901702286268424,-1.9052119069384865e-05,0.0037797109396427997,-0.0037987630587121846,-0.04668993623047757,-0.006075671734036114,0.10290957241116516,over_circular,0.0,0.0,0.0
157181481-157181497-004,normal_columnar,nc_aware_lambda_0p10,0.03297342512749346,0.01361741064989963,0.01935601447759383,2.343145489692688,2.1005051136016846,0.24264037609100342,0.010901807359520732,-0.049019142390519965,0.0599209497500407,-1.0,8.0,-9.0,0.0004740257279882698,-0.0012697811812226734,0.0017438069092109432,0.0018115932255369227,-0.0024625537484226356,0.004274146973959558,-0.03297342512749346,-0.01361741064989963,0.18863236064288436,over_circular,0.0,0.0,0.0
157181671-157181697-001,normal_superficiel,nc_aware_lambda_0p10,-0.06938585464124192,-0.0008502648839691096,-0.06853558975727281,-3.514718770980835,-2.544156312942505,-0.9705624580383301,-7.676857137198928e-05,0.0003246708613984803,-0.0004014394327704696,-3.0,50.0,-53.0,0.00030557872153502696,-0.0041335786114756745,0.0044391573330107015,-0.00253255359716853,-0.005804992281828403,0.003272438684659873,0.06938585464124192,0.0008502648839691096,-0.15288003168585707,under_circular,0.0,0.0,0.0
157183193-157183279-001,normal_superficiel,nc_aware_lambda_0p10,-0.11150737818384615,0.009502612832010704,-0.12100999101585685,4.0832600593566895,2.52691113948822,1.5563489198684692,-0.00019797423984476738,0.0009447855633075864,-0.0011427598031523538,-10.0,44.0,-54.0,0.006964631782945707,-0.034248584142394844,0.04121321592534055,0.004349101066634553,-0.02579080115846366,0.030139902225098214,0.11150737818384615,-0.009502612832010704,-0.19053704036788732,under_circular,0.0,0.0,0.0
157183828-157183877-001,normal_intermediate,nc_aware_lambda_0p10,-0.10503252652403872,-0.005856012269027322,-0.0991765142550114,-9.372583389282227,-4.8456724882125854,-4.526910901069641,0.0002664842888294959,0.001094083619907555,-0.0008275993310780591,6.0,4.0,2.0,0.0036677173178447653,0.009056714547214129,-0.005388997229369363,0.000855088544900573,-0.0005525953815719298,0.0014076839264725027,0.10503252652403872,0.005856012269027322,-0.16847786180393087,under_circular,0.0,0.0,0.0
157183964-157183980-001,normal_superficiel,nc_aware_lambda_0p10,-0.1341899782080057,-0.01599114780715105,-0.11819883040085466,-8.201010704040527,-4.402021169662476,-3.7989895343780518,-0.00032702201970814977,0.0011662149501249462,-0.001493236969833096,9.0,11.0,-2.0,0.004318436528616187,-0.0011651655340051414,0.005483602062621329,0.0004769727045845773,0.009352705273613204,-0.008875732569028627,0.1341899782080057,0.01599114780715105,-0.19934226605525773,under_circular,0.0,0.0,0.0
157184013-157184031-001,normal_superficiel,nc_aware_lambda_0p10,-0.05082656957606846,-0.048279319919837804,-0.0025472496562306546,-25.431458473205566,-9.958370089530945,-15.473088383674622,0.0033238729058904515,-0.016319824261417766,0.019643697167308218,78.0,-390.0,468.0,-0.0058283524011710774,0.02984794503117444,-0.035676297432345516,-0.003595214341921893,0.018191938051935863,-0.021787152393857756,0.05082656957606846,0.048279319919837804,-0.5677604120499615,under_circular,0.0,0.0,0.0
157184850-157184920-002,normal_columnar,nc_aware_lambda_0p10,0.02122631123748364,-0.003984832086509571,0.025211143323993213,2.343145728111267,2.3431458473205566,-1.1920928955078125e-07,-0.002054655359453872,0.015539524929734094,-0.017594180289187966,9.0,-52.0,61.0,-0.0023014403583647702,0.011848005503237169,-0.01414944586160194,-0.0007806852644746121,0.006162108355932228,-0.00694279362040684,-0.02122631123748364,0.003984832086509571,0.34496312414338,over_circular,0.0,0.0,0.0
157184850-157184942-001,normal_superficiel,nc_aware_lambda_0p10,-0.04077209134440296,-0.004279455379857744,-0.03649263596454522,-3.514718770980835,-1.6152241230010986,-1.8994946479797363,8.411017007695955e-05,-0.0001821905348004041,0.00026630070487736364,6.0,-17.0,23.0,-0.0014327579364892262,0.009432452495493071,-0.010865210431982297,0.00023719282582890244,0.005018230983641847,-0.004781038157812945,0.04077209134440296,0.004279455379857744,-0.06627913866100654,under_circular,0.0,0.0,0.0
157185208-157185238-001,normal_superficiel,nc_aware_lambda_0p10,-0.0782267808926258,-0.018935816970365393,-0.05929096392226041,0.4680365324020386,-0.40202057361602783,0.8700571060180664,-7.378631473838396e-05,0.0002634341482079701,-0.00033722046294635405,-7.0,36.0,-43.0,0.0062401757839228855,-0.029928806840794464,0.03616898262471735,0.003463459925565404,-0.012709570737394316,0.01617303066295972,0.0782267808926258,0.018935816970365393,-0.2716783559590088,under_circular,0.0,0.0,0.0
157185433-157185479-002,normal_columnar,nc_aware_lambda_0p10,0.025537800672970956,0.003317116884418936,0.02222068378855202,-2.3431458473205566,-1.2720781564712524,-1.0710676908493042,-0.0004526980274865422,0.0004524097765935542,-0.0009051078040800964,3.0,-12.0,15.0,-0.000323399510706035,0.0013696398510892882,-0.0016930393617953232,-0.0010720903368220958,0.0035716324318214587,-0.0046437227686435545,-0.025537800672970956,-0.003317116884418936,0.013844291174486711,over_circular,0.0,0.0,0.0
157185433-157185479-003,normal_columnar,nc_aware_lambda_0p10,0.008531278011431276,0.006991050655313136,0.00154022735611814,-1.1715730428695679,-1.1715725660324097,-4.76837158203125e-07,0.0005092740867267964,-0.0005089045119179292,0.0010181785986447256,2.0,-21.0,23.0,-0.0009034572913613204,0.006680957035209878,-0.007584414326571198,0.00033283284378349265,-0.00033306280554201706,0.0006658956493255097,-0.008531278011431276,-0.006991050655313136,0.04078189447695857,over_circular,0.0,0.0,0.0
157185433-157185479-004,normal_columnar,nc_aware_lambda_0p10,0.029278228943087403,-0.015268707914396162,0.044546936857483566,2.3431462049484253,1.272078514099121,1.0710676908493042,0.004601999946950985,-0.056837931379243534,0.06143993132619452,6.0,-77.0,83.0,-0.0013438648455926794,0.009354034497435992,-0.010697899343028672,-0.0010353546824096727,0.006236942455021266,-0.007272297137430939,-0.029278228943087403,0.015268707914396162,0.11145661731261036,over_circular,0.0,0.0,0.0
157185433-157185479-006,normal_columnar,nc_aware_lambda_0p10,0.0,0.0,0.0,0.0,0.0,0.0,0.009839574246955474,-0.12183982982050834,0.1316794040674638,0.0,0.0,0.0,6.399505241450054e-05,0.000221078658915852,-0.00015708360650135145,-5.5272970270303645e-05,-1.8681296520828283e-07,-5.508615730509536e-05,0.0,0.0,0.06222888214640576,over_circular,0.0,0.0,0.0
157185433-157185508-001,normal_columnar,nc_aware_lambda_0p10,0.006123274098324916,0.005187485882839904,0.0009357882154850117,0.5857865810394287,0.5857861042022705,4.76837158203125e-07,0.00031242366579109504,-0.0024943558727740234,0.0028067795385651184,1.0,-1.0,2.0,-0.00028989220460617915,0.00029007585503670885,-0.000579968059642888,-0.00020065863779172854,0.0011862460884444204,-0.001386904726236149,-0.006123274098324916,-0.005187485882839904,0.21230671802229795,over_circular,0.0,0.0,0.0
157185730-157185758-001,normal_columnar,nc_aware_lambda_0p10,0.007101774366679858,0.007089884050013706,1.1890316666152145e-05,-12.585786581039429,-1.999999761581421,-10.585786819458008,0.005261517283508876,-0.14756932055155136,0.15283083783506024,16.0,-110.0,126.0,-0.001310490490052274,0.00769084978751311,-0.009001340277565384,-0.0018165104474943128,0.007066532552483462,-0.008883042999977775,-0.007101774366679858,-0.007089884050013706,0.06567750740314643,over_circular,0.0,0.0,0.0
157185781-157185793-003,normal_columnar,nc_aware_lambda_0p10,-0.0038241476517154593,-0.004698806615980544,0.0008746589642650848,-0.5857864618301392,-0.8284270763397217,0.24264061450958252,0.0,0.0,0.0,2.0,-1.0,3.0,-0.000260575121219464,0.0001303516574745478,-0.0003909267786940118,-0.0002798318433887559,0.00013992217773572957,-0.00041975402112448545,0.0038241476517154593,0.004698806615980544,-0.05898751617227016,under_circular,0.0,0.0,0.0
157222534-157222607-001,normal_superficiel,nc_aware_lambda_0p10,-0.11364399363531663,0.004124059568940908,-0.11776805320425754,1.2548329830169678,0.8700571060180664,0.38477587699890137,0.00019374914191944148,-0.00245417995789147,0.0026479290998109115,10.0,-127.0,137.0,0.002841964049740131,0.026621544290309163,-0.02377958024056903,0.0013988398869795304,0.012245722821286442,-0.010846882934306912,0.11364399363531663,-0.004124059568940908,-0.16849891829386565,under_circular,0.0,0.0,0.0
157222647-157222687-001,normal_intermediate,nc_aware_lambda_0p10,-0.10713891098483297,-0.006713810267758635,-0.10042510071707433,-11.129942774772644,-6.946177840232849,-4.183764934539795,0.00028901969073136247,-0.001199967680642719,0.0014889873713740814,19.0,-79.0,98.0,-0.0049218089507163665,0.022654695167342753,-0.02757650411805912,-0.002530636108886819,0.011633718979612073,-0.014164355088498892,0.10713891098483297,0.006713810267758635,-0.16663378142635288,under_circular,0.0,0.0,0.0
157222801-157222811-001,normal_intermediate,nc_aware_lambda_0p10,-0.016845975431295956,-0.03724917224273594,0.020403196811439983,-10.544155597686768,-8.644661664962769,-1.899493932723999,0.0008759991925198982,-0.004582820359479867,0.0054588195519997655,27.0,-142.0,169.0,-0.010621011995571972,0.05470534004680527,-0.06532635204237724,-0.005509439945671435,0.028309290595341374,-0.03381873054101281,0.016845975431295956,0.03724917224273594,-0.0851348651886622,under_circular,0.0,0.0,0.0
157223549-157223570-001,normal_intermediate,nc_aware_lambda_0p10,-0.07358992387677088,0.01121453703819042,-0.0848044609149613,-12.887302160263062,-4.502526521682739,-8.384775638580322,0.0011780435079472296,-0.006518392774503799,0.007696436282451029,47.0,-262.0,309.0,-0.012572677559065548,0.079616080485849,-0.09218875804491455,-0.0059770887422575525,0.028615612755679698,-0.03459270149793725,0.07358992387677088,-0.01121453703819042,-0.09983594243500216,under_circular,0.0,0.0,0.0
157224412-157224429-001,normal_superficiel,nc_aware_lambda_0p10,-0.06715699990494939,-0.00012386247193385547,-0.06703313743301553,-2.928932309150696,-2.644661784172058,-0.2842705249786377,0.00010119715986487907,-0.0010445132277578633,0.0011457103876227424,12.0,-124.0,136.0,-0.0004758222803783463,0.03513414515634694,-0.03560996743672529,0.0013526402192745035,0.014354801131657768,-0.013002160912383265,0.06715699990494939,0.00012386247193385547,-0.2472770619838297,under_circular,0.0,0.0,0.0
157224458-157224464-001,normal_intermediate,nc_aware_lambda_0p10,-0.08285863602559873,0.00189014940159149,-0.08474878542719022,-9.372583389282227,-4.117750406265259,-5.254832983016968,0.0007234864947919528,-0.005752540979053623,0.006476027473845576,26.0,-208.0,234.0,-0.0049884426111631575,0.04286646502368319,-0.047854907634846344,-0.002681954142074172,0.02293034645543912,-0.025612300597513293,0.08285863602559873,-0.00189014940159149,-0.22833555368742287,under_circular,0.0,0.0,0.0
157224458-157224483-001,normal_superficiel,nc_aware_lambda_0p10,-0.07930993342230686,-0.006111481305176247,-0.07319845211713061,3.1543270349502563,3.698483467102051,-0.5441564321517944,-0.00010994393529691494,0.0005249561785148999,-0.0006349001138118149,-6.0,53.0,-59.0,0.006115041118818443,-0.0493433379053152,0.05545837902413364,0.004577827935761336,-0.021990675678216887,0.026568503613978223,0.07930993342230686,0.006111481305176247,-0.1837088962602047,under_circular,0.0,0.0,0.0
157227058-157227087-001,normal_columnar,nc_aware_lambda_0p10,0.010205367688174649,0.0024010442220028794,0.00780432346617177,-1.7573597431182861,-2.000000238418579,0.24264049530029297,0.006722641880317903,-0.061154236957615016,0.06787687883793292,3.0,-28.0,31.0,-0.0009109532596238701,-0.0010175053614706053,0.00010655210184673525,-0.0010862309680214066,0.004722534816752388,-0.005808765784773795,-0.010205367688174649,-0.0024010442220028794,-0.009977905803269516,under_circular,0.0,0.0,0.0
157227461-157227503-003,normal_columnar,nc_aware_lambda_0p10,0.0056692190078844185,0.006872600958943154,-0.0012033819510587351,0.5857864618301392,0.8284270763397217,-0.24264061450958252,-0.0018614218946061412,0.000619609795001197,-0.002481031689607338,-3.0,1.0,-4.0,0.00046387030384786865,-0.010121889279951612,0.010585759583799481,0.0003730284506288095,-0.00804581195339249,0.0084188404040213,-0.0056692190078844185,-0.006872600958943154,0.08615634704354691,over_circular,0.0,0.0,0.0
157266930-157266947-001,normal_columnar,nc_aware_lambda_0p10,0.004928775961686727,0.001475192779614165,0.0034535831820725615,-0.5857864618301392,-0.5857868194580078,3.5762786865234375e-07,0.006176903751191176,-0.05478528131136384,0.06096218506255502,1.0,-10.0,11.0,-0.0002029985698545067,0.002036277567433742,-0.0022392761372882486,-0.00039821347879398505,0.0027936742149875515,-0.0031918876937815366,-0.004928775961686727,-0.001475192779614165,0.270789950870044,over_circular,0.0,0.0,0.0
157268504-157268544-001,normal_superficiel,nc_aware_lambda_0p10,-0.07065017853776606,-0.0025806817409557703,-0.06806949679681029,-4.100505232810974,-2.422836124897003,-1.677669107913971,0.0001316656353489102,-0.000618369360784082,0.0007500349961329922,10.0,-47.0,57.0,-0.0058056099151989615,0.026971662352519132,-0.032777272267718094,-0.0029403134036500855,0.013655387395506091,-0.016595700799156177,0.07065017853776606,0.0025806817409557703,-0.10545057388356194,under_circular,0.3333333333333333,0.3333333333333333,0.3333333333333333
158986766-158986776-001,normal_columnar,nc_aware_lambda_0p10,-0.010670418871034149,-0.009286923500195221,-0.0013834953708389275,-1.1715729236602783,-1.1715728044509888,-1.1920928955078125e-07,0.00115152321001466,-0.004591191213270895,0.005742714423285555,-2.0,8.0,-10.0,0.0004225644745831092,-0.0006473759073798435,0.0010699403819629527,0.00031785607895062906,2.7712890706355076e-05,0.000290143188244274,0.010670418871034149,0.009286923500195221,-0.022412693013338814,under_circular,0.0,0.0,0.0
158986813-158986820-001,normal_columnar,nc_aware_lambda_0p10,-0.007921849497576683,-0.009113297330230141,0.0011914478326534583,-0.34314584732055664,-0.5857864618301392,0.24264061450958252,0.0007023368410651321,-0.0007017128189941158,0.0014040496600592478,1.0,-1.0,2.0,0.0004210986195568589,0.0003817760000257575,3.932261953110139e-05,0.0002808704506613857,0.0003164040712471117,-3.5533620585725956e-05,0.007921849497576683,0.009113297330230141,-0.012809826624151532,under_circular,0.0,0.0,0.0
158986920-158986928-004,normal_columnar,nc_aware_lambda_0p10,-0.06126314641245145,0.0135777027692075,-0.07484084918165895,7.272078514099121,2.544156551361084,4.727921962738037,0.0,0.0,0.0,0.0,0.0,0.0,0.0,0.0,0.0,0.0,0.0,0.0,0.06126314641245145,-0.0135777027692075,-0.389681634707173,under_circular,0.6666666666666666,0.6666666666666666,0.6666666666666666
204870858-204870872-001,light_dysplastic,nc_aware_lambda_0p10,0.01388690174731666,0.00508923038805309,0.00879767135926357,3.857864737510681,2.686292052268982,1.1715726852416992,-0.0032675101861269207,0.0364694693877633,-0.03973697957389022,-9.0,103.0,-112.0,0.0016962552840966705,-0.015048204460184622,0.016744459744281293,0.0013518172444779708,-0.011360825590175816,0.012712642834653787,-0.01388690174731666,-0.00508923038805309,0.10943619181960718,over_circular,0.0,0.0,0.0
204870951-204870961-002,light_dysplastic,nc_aware_lambda_0p10,-0.07408903047909499,-0.006097807435203051,-0.06799122304389194,8.360391497612,1.2720789909362793,7.08831250667572,-0.0033954013093873137,0.0171147861192531,-0.020510187428640414,-43.0,220.0,-263.0,0.002995428137563372,-0.015086058105357902,0.018081486242921274,0.0020079999870354914,-0.006037776805977391,0.008045776793012882,0.07408903047909499,0.006097807435203051,-0.11406171091182604,under_circular,0.0,0.0,0.0
204871030-204871038-001,light_dysplastic,nc_aware_lambda_0p10,-0.08451550176149669,0.0002193200543654239,-0.08473482181586212,-22.845673084259033,-4.7624123096466064,-18.083260774612427,0.004921515256697373,-0.031853325270034705,0.03677484052673208,39.0,-204.0,243.0,-0.002596192280902465,0.013526378066129774,-0.01612257034703224,-0.002331324858314776,0.012026102788628146,-0.014357427646942922,0.08451550176149669,-0.0002193200543654239,-0.09452545661267575,under_circular,0.0,0.0,0.0
204871030-204871038-002,light_dysplastic,nc_aware_lambda_0p10,-0.12721815218666988,-0.008422201510494443,-0.11879595067617543,-36.90454828739166,-5.105558276176453,-31.79899001121521,0.0033167469860862497,-0.014629524299657692,0.017946271285743942,63.0,-125.0,188.0,-0.0024761172038716417,0.004563624687852763,-0.007039741891724405,-0.0019542846504712053,0.0036120620669288783,-0.005566346717400084,0.12721815218666988,0.008422201510494443,-0.17280951002105693,under_circular,0.0,0.0,0.0
209047342-209047443-001,normal_superficiel,nc_aware_lambda_0p10,-0.12674472453424845,-0.003449399171835288,-0.12329532536241317,-13.4730886220932,-5.674099445343018,-7.798989176750183,0.00039732949997518113,-0.0015173712328276183,0.0019147007328027994,23.0,-88.0,111.0,-0.007320458604883506,0.02971132177613267,-0.03703178038101618,-0.0037828213207644623,0.015324234120955849,-0.01910705544172031,0.12674472453424845,0.003449399171835288,-0.2992657453541858,under_circular,0.0,0.0,0.0
209047526-209047626-001,normal_intermediate,nc_aware_lambda_0p10,-0.043580994296949505,0.0013427892531269192,-0.044923783550076424,-28.11775016784668,-4.29437530040741,-23.82337486743927,0.0009229215023915244,-0.003997206815128981,0.004920128317520506,81.0,-269.0,350.0,-0.0026660078897680073,0.014025804202519199,-0.016691812092287206,-0.0027462073856745484,0.01099930437062846,-0.013745511756303008,0.043580994296949505,-0.0013427892531269192,-0.5002800442681037,under_circular,0.0,0.0,0.0
209047526-209047798-001,normal_superficiel,nc_aware_lambda_0p10,-0.06202407639469565,0.00583495393405864,-0.06785903032875429,-4.100505232810974,-2.301515817642212,-1.7989894151687622,0.00023363142188024058,-0.0014723180946606684,0.001705949516540909,16.0,-101.0,117.0,-0.006854938952846723,0.03816340806794649,-0.045018347020793215,-0.003496961162358314,0.01947406174768318,-0.022971022910041494,0.06202407639469565,-0.00583495393405864,-0.24095395206599957,under_circular,0.0,0.0,0.0
209307421-209307504-001,normal_intermediate,nc_aware_lambda_0p10,-0.0978475747429079,-0.008448497749266426,-0.08939907699364147,-12.301515698432922,-6.017245292663574,-6.284270405769348,0.004386631185266915,-0.028583901564745384,0.0329705327500123,85.0,-570.0,655.0,-0.0067395111559850895,0.038841350748646086,-0.045580861904631176,-0.0044649742392242064,0.023984078437496503,-0.02844905267672071,0.0978475747429079,0.008448497749266426,-0.33623047915986953,under_circular,0.0,0.0,0.0
209522474-209522522-001,normal_intermediate,nc_aware_lambda_0p10,-0.07213390672927145,-0.00015379013242333706,-0.07198011659684811,-11.715729236602783,-4.159380674362183,-7.556348562240601,0.0014628575605753757,-0.008696348797078188,0.010159206357653564,42.0,-252.0,294.0,-0.003748938210438313,0.02928203424559861,-0.03303097245603692,-0.0021090921322924894,0.01617239093516254,-0.01828148306745503,0.07213390672927145,0.00015379013242333706,-0.1438101091844931,under_circular,0.0,0.0,0.0
209522940-209522970-001,normal_intermediate,nc_aware_lambda_0p10,-0.1386160682176194,-0.039579666177361195,-0.09903640204025821,-12.301515936851501,-8.159380793571472,-4.142135143280029,0.0010011324299350477,-0.0040330347919554504,0.005034167221890498,-20.0,51.0,-71.0,0.006690290369527507,-0.02526968430363996,0.03195997467316747,0.003471008607878634,-0.011853961900005539,0.015324970507884172,0.1386160682176194,0.039579666177361195,-0.17629444055449428,under_circular,0.0,0.0,0.0
209565409-209565503-001,normal_intermediate,nc_aware_lambda_0p10,-0.10984255980959734,-0.03960823979761052,-0.07023432001198682,-9.958369851112366,-3.330953598022461,-6.627416253089905,0.0006333371119783063,-0.003675535377671603,0.004308872489649909,21.0,-85.0,106.0,-0.004684595900830701,0.01573365686735151,-0.02041825276818221,-0.002358497477377597,-0.007973701920040988,0.005615204442663391,0.10984255980959734,0.03960823979761052,-0.23680735345804504,under_circular,0.0,0.0,0.0
209565409-209565600-001,normal_intermediate,nc_aware_lambda_0p10,-0.08405192215725454,-0.00920903019219066,-0.07484289196506388,-1.5908383131027222,-3.4314584732055664,1.8406201601028442,-0.00019232022807343097,0.0005381106437816613,-0.0007304308718550923,-15.0,51.0,-66.0,0.004573024581529861,-0.015269812520894877,0.019842837102424737,0.0023287192061818285,-0.007771690044245383,0.010100409250427211,0.08405192215725454,0.00920903019219066,-0.1848198012462392,under_circular,0.0,0.0,0.0
209565864-209565890-001,normal_intermediate,nc_aware_lambda_0p10,-0.1658013224159519,-0.019206394265827376,-0.14659492815012454,-15.816234469413757,-6.703536868095398,-9.11269760131836,-0.0007083256100092056,0.0026780720755512077,-0.0033863976855604133,30.0,-110.0,140.0,-0.0038076481207943713,0.010730882974228972,-0.014538531095023344,-0.0014124540771839333,0.003744469351618096,-0.005156923428802029,0.1658013224159519,0.019206394265827376,-0.17933771109713992,under_circular,0.0,0.0,0.0
209565864-209565911-001,normal_intermediate,nc_aware_lambda_0p10,-0.11095459463737212,0.0003177682873097831,-0.1112723629246819,-11.129942774772644,-3.9167401790618896,-7.213202595710754,0.0003793405825180049,0.0010957174360336011,-0.0007163768535155962,-19.0,32.0,-51.0,0.005433258533301233,-0.008060294420054737,0.01349355295335597,0.002276810466651402,-0.002159368478770296,0.004436178945421698,0.11095459463737212,-0.0003177682873097831,-0.16846508642126057,under_circular,0.0,0.0,0.0
209566047-209566095-001,normal_intermediate,nc_aware_lambda_0p10,-0.13843283124939765,-0.035133611601964154,-0.1032992196474335,-18.159380555152893,-9.632469534873962,-8.52691102027893,-0.0006887517831119308,0.002171405632540674,-0.0028601574156526047,31.0,-98.0,129.0,-0.005315550043995754,0.018538851651253463,-0.023854401695249217,-0.002860527497130505,0.009940078671995867,-0.012800606169126372,0.13843283124939765,0.035133611601964154,-0.23160182794542483,under_circular,0.0,0.0,0.0
209566205-209566247-001,normal_intermediate,nc_aware_lambda_0p10,-0.1445589532414,-0.03938693565811835,-0.10517201758328165,6.987807631492615,-0.22539567947387695,7.213203310966492,-0.00045570352484899934,0.0005891390374856906,-0.00104484256233469,-23.0,30.0,-53.0,0.008224719371943356,-0.011567025321746915,0.019791744693690272,0.004245236196973701,-0.00794552071348098,0.012190756910454681,0.1445589532414,0.03938693565811835,-0.19324979146607546,under_circular,0.0,0.0,0.0
209566205-209566289-001,normal_intermediate,nc_aware_lambda_0p10,-0.06414450752107137,-0.010291349170245101,-0.05385315835082627,-7.615224003791809,-3.1888182163238525,-4.4264057874679565,-0.00021001258020991384,0.0007845163732951473,-0.000994528953505061,-13.0,24.0,-37.0,0.0024908140408511636,-0.0018235905112841122,0.004314404552135276,0.0011335018520854945,-0.000999625866508147,0.0021331277185936415,0.06414450752107137,0.010291349170245101,-0.20214020810677746,under_circular,0.0,0.0,0.0
209566399-209566485-001,normal_intermediate,nc_aware_lambda_0p10,-0.10837347833431621,-0.003828628239761822,-0.10454485009455439,2.9949488639831543,2.7106785774230957,0.2842702865600586,-0.00023594335692504048,0.0006188337058981794,-0.0008547770628232199,-16.0,42.0,-58.0,0.005052324724455937,-0.01349033593438731,0.018542660658843246,0.0025815798363832965,-0.006890574522200543,0.00947215435858384,0.10837347833431621,0.003828628239761822,-0.1704313356151358,under_circular,0.0,0.0,0.0
