cell_id,benefit_area,benefit_perimeter,benefit_full,benefit_perimeter_minus_area
148495842-148495854-001,-0.0009600775913886084,-0.012032611449375508,-0.012825395940552542,-0.011254171418499825
148497551-148497588-001,0.0,-0.011768643084876795,-0.014154513063374341,-0.014085718271877212
148497788-148497816-002,0.011182866016226423,0.08917615720945093,0.08934751158130982,0.07799329119322451
148503209-148503222-001,0.0033703643714813047,0.04288302455634724,0.04655116309189672,0.03951266018486593
148503209-148503231-001,0.005859199717579644,0.06682387014234586,0.07225746718400683,0.06221557590592408
148503400-148503432-001,-0.001806586401132293,-0.1040344444643434,-0.11243664965100564,-0.10222785806321111
148503568-148503580-002,-0.002390588634934576,-0.03338558323012286,-0.036079685246632076,-0.03081240364217186
148718455-148718461-001,0.006185176089842259,0.11362760204146471,0.12086712278585765,0.10744242595162246
148719308-148719348-004,0.0005148707716378098,0.004698066326231931,0.005164651400438536,0.004234189071233518
148719308-148719357-001,0.0042397703052898805,0.042518293327180934,0.04301533717799921,0.03827852302189105
148848523-148848559-002,-0.0002746710519720974,-0.0038602753377687815,-0.004136178916987809,-0.003585604285796684
148881870-148882178-002,-0.001625622447312569,-0.015598567569363508,-0.01725526286043977,-0.01397294512205094
148882307-148882323-001,-0.002084511039686432,-0.13568801208223413,-0.14647439000226492,-0.13181258218555225
148882535-148882616-001,0.006258373184382493,0.045693837382720204,0.050777732457435165,0.041524749367923997
148882671-148882687-001,0.0044110537964767715,0.06255372438567286,0.06744021920600285,0.05814267058919609
149011613-149011656-001,0.009558898072353328,0.1091304026720692,0.0983260948905691,0.09997715480164582
149013033-149013072-001,0.0014031409177549525,0.010253674584300598,0.008744643746617653,0.008784164396679617
149014929-149014984-001,0.0,0.0,0.0,0.0
149014929-149015008-003,0.0022616318131231106,0.02921932403411953,0.0315976775144895,0.02695769222099642
149014929-149015022-001,0.0030962739728428446,0.029139754355845482,0.033517197179291136,0.02497668702424527
149014929-149015022-002,-0.003888479356703667,-0.05704120222307263,-0.061283871639180254,-0.05315272286636896
149053341-149053350-001,0.004223771779888086,0.041386475763540265,0.03653142217116023,0.03687696008751118
149053945-149053969-001,0.0022534267668079533,0.022476546640523676,0.024799483578081483,0.020225881557115466
149053945-149053976-001,0.008423836531250117,0.07121935589034012,0.08174546161812757,0.06408542388181704
149054642-149054677-003,0.0005838424329466241,0.003241290670310537,0.0010265500625111779,0.0010817477594091685
149056321-149056343-001,0.003496033598053727,0.052632896266077256,0.05638536845607611,0.04913686266802353
149056321-149056360-001,-0.002805928917191336,-0.0042669180337809864,-0.004684704759560843,-0.0038514261724869048
149056410-149056458-001,-0.0008971081527902047,-0.006879171587108379,-0.007783574725675035,-0.0059820634343181744
149056873-149056884-001,-0.0026156469851307262,-0.022650246097202786,-0.025605156525303818,-0.020133583154047452
149056873-149056884-002,0.0016084461850067733,0.01120384697397181,0.0127950262573292,0.009636616063198544
149056933-149056982-002,-0.0011507956629184246,-0.007294302103112105,-0.008455705088526555,-0.00614350644019368
149057756-149057766-002,-0.0009135928495069834,-0.013485691414374945,-0.014414371742622611,-0.012572098564867962
149057756-149057788-002,0.004749708428780197,0.05180568262647123,0.05574414986215159,0.048247004089655765
149057812-149057825-003,0.004689139937817832,0.04067698641058681,0.035869145148897164,0.03625631610798097
149057812-149057825-005,-0.0006182470406169704,-0.005702063291074699,-0.0063244795224968176,-0.005083816250457729
149057812-149057847-004,0.0,0.0,0.0,0.0
149057812-149057847-005,-0.0015860280636380564,-0.02141062207902067,-0.023039239511364884,-0.019824594015382613
149058262-149058272-003,0.001994495511160932,0.02229801673851184,0.0243707509048956,0.020303521227350907
149061666-149061699-003,0.0026791133600353456,0.02854285426759451,0.026873436643680693,0.025863740907559163
149095913-149095926-001,0.0073148063183675616,0.06774954265204758,0.07636613608439169,0.06078514280203029
149097324-149097373-001,0.0025401403091740438,-0.02399711297367857,-0.026650126885636727,-0.026537253282852613
149097594-149097637-001,0.004034125877972139,0.04150189117648795,0.045443801093021596,0.03783572526240908
149097594-149097637-002,0.0,0.0,0.0,0.0
149098972-149098988-002,-0.0009989251250215325,-0.012043617218998826,-0.0134931897981867,-0.010623377582093974
149099096-149099104-001,0.0,0.0,0.0,0.0
149099276-149099290-001,0.008093006220407872,0.09138331469303651,0.10152905523171707,0.08329030847262864
149099276-149099290-002,0.010235693452574135,0.03465402742931023,0.022444265013924047,0.024413122401448883
149099502-149099525-002,0.008888833140492491,0.04151376724882472,0.031020564509053217,0.032401829456005116
149100006-149100028-002,0.004081800716475237,0.014778028128736742,0.019156468095971324,0.010696227412261505
149100064-149100072-001,0.006583557677886653,0.1121636721722824,0.1199478904422322,0.10558011449439575
149101620-149101650-001,0.002619187171704729,-0.012120867540578506,-0.01485829827265317,-0.014740054712283235
149102442-149102451-001,0.000345780822951558,0.0037305804243198404,0.004078102881456491,0.0033847996013682824
149102510-149102519-001,-0.002912673996104398,-0.03365747153711174,-0.0367016961602431,-0.03074479754100734
149105003-149105050-001,-0.0008495731240472093,-0.008303360001130966,-0.009162462612555156,-0.007453786877083757
149105289-149105300-001,0.0,0.0,0.0,0.0
149105289-149105300-002,0.0009824180390137771,0.013094723742700543,0.014105524139815084,0.012112305703686765
149105289-149105311-001,0.0022793339167626603,0.011542625682588348,0.01301180805095492,0.010096964781896589
149105289-149105311-003,0.004308907086522651,0.03784766591501032,0.04303147051959655,0.03353875882848767
149105289-149105311-004,0.0011339040384794608,0.005860102458560168,0.0065687149059986405,0.005160224844200034
149140081-149140096-002,0.00459271396370553,0.05564169401360175,0.06073145536799951,0.05104898004989622
149140849-149140856-001,0.0031682730308316143,-0.038474444440041,-0.04243780891661564,-0.04204856569048443
149143028-149143108-002,0.0023776528618063564,0.022169776237015548,0.024618959889003644,0.019792123375209192
149143469-149143497-003,-0.003014752554320266,-0.023358234096894526,-0.02647540509946189,-0.02034348154257426
149146837-149146854-001,-0.0002845459864038169,-0.0036244632286341893,-0.0039097694630942925,-0.0033404529881772005
149181904-149181927-001,0.0017468063453355276,-0.013983986874545162,-0.016350111613263496,-0.01486987573558829
149181904-149181951-001,0.00029978683778220105,-0.004476020807655523,-0.0050397854528648756,-0.004775807645437724
149182125-149182135-002,-0.0003639402892416932,-0.003930316352937946,-0.004275799674775871,-0.0035865593779608185
149182657-149182667-001,-0.0027581571386013914,-0.027275678068818032,-0.03012336150305006,-0.02451752093021664
149182657-149182681-002,0.0006742944369977355,0.004917681400027907,0.005596725690277471,0.004243386963030171
149182657-149182698-003,-0.000894112302029404,-0.009536186320775353,-0.01044058947135229,-0.008642074018745949
149185604-149185616-001,0.001120699219631316,0.012009259344795908,0.013150484288987574,0.010888560125164592
149185604-149185645-003,0.0,0.0,0.0,0.0
149185604-149185657-001,-0.002723525037504837,-0.025394902319238022,-0.028080363860268243,-0.02279148332285308
149185698-149185709-002,-0.0027859817694150246,-0.03156270703087749,-0.03446440908271542,-0.028776725261462466
149185788-149185824-001,0.0016641877762816337,0.015578274824892602,0.017279716347267993,0.013914087048610968
149190861-149190868-001,0.007024773426901887,0.06800994843081054,0.06035362431225577,0.06146763327586158
149314453-149314465-001,0.0011044635359357402,0.010268424923629227,0.011382860280087725,0.009168052691923556
149314453-149314507-001,0.0,0.0,0.0,0.0
149314453-149314507-002,-0.0009382435042287751,-0.006300048439831785,-0.007246095472268399,-0.0053618049356030095
149314679-149314698-001,-0.0017950657897820577,-0.0168428829923416,-0.018684734568213623,-0.015047817202559544
149315229-149315310-001,0.0017779659639294287,-0.019414623293414923,-0.02125487028887363,-0.021192589257344352
149315671-149315731-001,-0.0010412959817485135,-0.010637358281703979,-0.011694538820368972,-0.009596062299955466
149315671-149315740-001,-0.0008320938937330657,-0.007041001025893445,-0.007882331038156276,-0.0062089071321603795
149316426-149316462-004,-0.002126965319372065,-0.015097085136624555,-0.017358716936107466,-0.012884897939117512
149316754-149316779-002,0.0023774950574158016,0.02747901248301421,0.02995920539808139,0.025101517425598407
149317002-149317010-002,-0.0023157287289170547,-0.01904220356801667,-0.02141090906111054,-0.016726474839099614
149317204-149317230-002,-0.0010597438358139755,-0.008936936542504603,-0.010009969503288807,-0.007877192706690628
149788987-149788996-003,-0.004677412774806822,-0.07031529457980312,-0.07544611065120199,-0.0656378818049963
153268807-153268826-001,0.007593011152717155,0.11098835443749688,0.11957734913252671,0.10362558516201359
153276386-153276405-001,-0.0006426190725962178,-0.007801608416495021,-0.008450489649693083,-0.007158989343898803
153276386-153276405-002,0.0027158440531280803,0.028245288511321853,0.03136776957287696,0.025366301316243567
153276386-153276414-001,0.0,0.0,0.0,0.0
153314466-153314473-003,0.010991118893517005,0.11518108431444518,0.10103714667169061,0.10329324667866979
153654869-153654880-001,-0.004280281414592801,-0.033614539397628485,-0.03816781382303036,-0.029334257983035683
153655016-153655039-005,0.0014966451116559254,0.010903389229463656,0.0124223773518356,0.00940674411780773
153655087-153655101-002,0.002870609494291909,0.02129566546569417,0.024031043502066307,0.018635893342217935
153656862-153656873-001,0.004876154267310584,0.0610499244478816,0.06633183081442895,0.05617054505571584
153657121-153657160-001,-0.0009410319113248855,-0.011417177862871775,-0.012371848560307153,-0.010476145949716464
153659229-153659264-001,0.000662472047221141,0.007677368832123221,0.008346396196406092,0.0070148967849020805
153697342-153697375-001,-0.0014628857671760143,-0.01415077927465136,-0.01567122325659054,-0.012657670989958847
153697342-153697384-001,-0.0005068146637793314,-0.004890534413645953,-0.005414439200907339,-0.004369850615021487
153697726-153697736-001,0.0062977459064752495,0.07075938758119715,0.06490694218077142,0.06563296002672614
153701009-153701019-002,0.002039546234966938,0.02750453373072148,0.029636843991761697,0.025464987495754543
153701622-153701650-001,-0.000874093549964261,-0.010432506548573306,-0.011318805032755397,-0.009558412998609045
153701949-153701958-001,-0.0033571529237746978,-0.05408294297703742,-0.05771234723181917,-0.05072579005326272
153702037-153702051-003,0.0022891507640249165,0.02727476962396924,0.02967432163504513,0.024985618859944325
153826963-153826970-001,-0.0026467332546046274,-0.03146211931338316,-0.03423552441222888,-0.028815386058778536
153826963-153826982-003,0.0009163144355844866,0.008676767062234192,0.009611694512610736,0.007760452626649705
153827595-153827657-002,-0.0005545391922662235,-0.004971161763154597,-0.0055292416689273205,-0.004416622570888373
153828877-153828902-002,-0.0009186330821636668,-0.01044350871319144,-0.011375294828998905,-0.009524875631027774
153828952-153828970-001,0.0016149033494472498,0.019475754693202174,0.02113054013417137,0.017860851343754924
153828952-153829005-001,0.0016570825997602734,-0.0011755253498519913,-0.0032695750559621484,-0.003186089941721315
153828952-153829005-002,0.0006397412998148111,0.0066834343114052785,0.007329395652459159,0.0060436930115904675
153829664-153829672-001,0.007740860730300003,0.003510071924562541,-0.005680335217120858,-0.004230788805737462
153829745-153829768-001,0.024356837318947222,0.06471335248423371,0.07194733989057966,0.05319423148727259
153829745-153829768-003,0.002019073175436037,0.014810624548205142,0.015946850279132563,0.013697161047628414
153830680-153830827-002,0.0015756357607511484,0.01707519711757932,0.01868513764401114,0.015499561356828173
153831352-153831372-004,0.0024721618464284,0.022225137085531144,0.02418414500277244,0.020363032016342097
153915432-153915441-002,0.0009203474029095826,0.00990157580896256,0.010839004711254985,0.008981228406052977
153915432-153915472-001,0.0030658203584006394,0.03334320387622297,0.0365833932938045,0.03031841551202774
153915726-153915736-001,0.003430147850298604,0.035757095778468084,0.039407212092202215,0.03232694792816948
153916114-153916129-002,0.00443906685740697,0.045816688014614915,0.0502657381226409,0.041882250038706714
153916114-153916150-001,-0.0023106520104846373,-0.022097517659006694,-0.024483373926980856,-0.019786865648522056
153916114-153916167-001,-0.0011253325429010363,-0.011623370604152972,-0.012786336863893077,-0.010478721685585612
153916569-153916586-001,-0.0039686509656455815,-0.031709643109991914,-0.03588870458533755,-0.027740992144346333
153956040-153956058-001,0.004797234709212339,0.043618588747495024,0.04454152039134884,0.038821354038282685
153956040-153956058-003,0.0005246908343223833,0.004872243316645486,0.005400192450109587,0.004347552482323103
153956040-153956072-003,-0.005365931283722203,-0.034613109292090494,-0.04027107564818477,-0.02924717800836829
153956444-153956458-004,0.004241298283160333,0.029625006253264807,0.026402936952341194,0.025383707970104474
153958154-153958211-001,0.0019673544494471784,0.013422764797438202,0.01543154753329723,0.011455410347991024
153958547-153958572-002,-0.002017094535846753,-0.011848917772229406,-0.013901033739915247,-0.009831823236382653
153958547-153958572-006,0.0,0.0,0.0,0.0
153958547-153958572-008,-0.0008704724762395033,-0.004775746479312004,-0.005653190848222023,-0.003905274003072501
153958547-153958572-009,0.001982962027634927,0.013072750645189535,0.01508984518103651,0.011089788617554608
153958547-153958590-002,0.007172744572167322,0.007826094502512704,0.013580138807777975,0.0024823993308829007
154519964-154519981-001,-0.004106155270853451,-0.05191493643497258,-0.05601384122222364,-0.048176124297996004
157181481-157181497-004,-0.0031227361265857567,-0.021240397185663396,-0.02444632024639659,-0.01811766105907764
157181671-157181697-001,0.014691112569712006,0.06789956049344448,0.08362294857310637,0.05237898395266616
157183193-157183279-001,0.019569968056784792,0.08920321205636805,0.11133649080442787,0.06963324399958326
157183828-157183877-001,0.01282942059661829,0.09368812342058608,0.10830108052129161,0.08037097457474207
157183964-157183980-001,0.024054843725663466,0.10765943980151682,0.13562127932642887,0.08360459607585335
157184013-157184031-001,0.019569968056784792,0.09159563536822468,0.10449562011678826,0.07202566731143989
157184850-157184920-002,-0.001929458164001585,-0.014599354547831234,-0.01656904363373435,-0.012669896383829649
157184850-157184942-001,0.013816663230792808,0.03765314485836646,0.05266766397240785,0.023836481627573652
157185208-157185238-001,0.012170090503895503,0.056785809303774526,0.06892864674253985,0.04540841277511454
157185433-157185479-002,-0.001105666164276431,-0.007837106574536068,-0.008932918119339939,-0.0067510184870206436
157185433-157185479-003,-0.0012647039878274091,-0.007905274512131188,-0.009182203151265944,-0.006640570524303779
157185433-157185479-004,0.0,0.0,0.0,0.0
157185433-157185479-006,0.0,0.0,0.0,0.0
157185433-157185508-001,-0.0015970728753792462,-0.011674445937870925,-0.013296157109285112,-0.010077373062491679
157185730-157185758-001,-0.0009276833270033258,-0.007153359001281612,-0.008094390914436922,-0.0063985272491520195
157185781-157185793-003,0.0,0.0,0.0,0.0
157222534-157222607-001,0.024113368688579495,0.08006026737921812,0.10539135719745285,0.05831674593086089
157222647-157222687-001,0.01168911836933495,0.08932196874207354,0.10186083751594044,0.07855029825222815
157222801-157222811-001,0.020756185788481263,0.058118598896664486,0.03322194971323833,0.03736241310818322
157223549-157223570-001,0.019714490203095902,0.10832189028305583,0.10830243079131852,0.08860740007995993
157224412-157224429-001,0.011200759411559735,0.046476800038184884,0.05850422190101667,0.03527604062662515
157224458-157224464-001,0.010535579248256988,0.07592125798738258,0.08803472152911196,0.06504949726320397
157224458-157224483-001,0.019569968056784792,0.07023294987691653,0.09203268668928222,0.05056148427294227
157227058-157227087-001,0.0006201782602889838,0.0030225450423860822,0.003648659561350742,0.0024023667820970984
157227461-157227503-003,-0.001127529281597317,-0.01473653532453767,-0.01624778458786902,-0.013252375280552897
157266930-157266947-001,-0.001311075926543337,-0.010222712514123544,-0.011556261428607106,-0.008911636587580207
157268504-157268544-001,0.012619491497839141,0.054383824392085556,0.07163440209010963,0.043459168374006985
158986766-158986776-001,0.001493108290180234,0.014411986137146116,0.015932430122844732,0.012918877846965882
158986813-158986820-001,0.0,0.0,0.0,0.0
158986920-158986928-004,0.13093501930320992,-0.11692266637425627,-0.018258486393048834,-0.2478576856774662
204870858-204870872-001,-0.0012765860099923643,-0.012446915590056729,-0.013745090006352934,-0.011170329580064364
204870951-204870961-002,0.005338049025605196,0.06834126515786842,0.07452637708214205,0.06300321613226323
204871030-204871038-001,0.004475016029007461,0.0740940711416912,0.07906359710045419,0.06961905511268374
204871030-204871038-002,0.005529539994662103,0.11597561387090727,0.12245792803051447,0.11044607387624517
209047342-209047443-001,0.01805180150058061,0.11067776678190966,0.13188427313599982,0.09244913756096507
209047526-209047626-001,0.012044811232690855,0.07856280915850533,0.09211779826908295,0.06651799792581448
209047526-209047798-001,0.01322125188987644,0.057306909779058834,0.07168420884027071,0.044085657889182395
209307421-209307504-001,0.015113287524499253,0.11750779420058777,0.13532477774385576,0.10230393844928476
209522474-209522522-001,0.013968158360370353,0.10610773086263914,0.12230348329290397,0.09213957250226879
209522940-209522970-001,0.015502787467240098,0.11899090425014358,0.13711463674491986,0.10348811678290348
209565409-209565503-001,0.013861971760479985,0.09866608928542375,0.11505385719373518,0.08404491253577961
209565409-209565600-001,0.00885150874306917,0.06694926462310224,0.07667024433530256,0.058097755880033075
209565864-209565890-001,0.016430218897376947,0.14425245644373696,0.16386872553815646,0.12782223754636002
209565864-209565911-001,0.013568890317964044,0.09341983502555729,0.1083178318733049,0.08040417813727996
209566047-209566095-001,0.014049546853803885,0.12089383723368485,0.136807779729734,0.10729124823420655
209566205-209566247-001,0.01615995002625792,0.11544110993925127,0.13405311589074098,0.09960356666711478
209566205-209566289-001,0.007169838056784172,0.0467246354377987,0.05444202781611951,0.03955479738101453
209566399-209566485-001,0.01112799135121878,0.08455124081193233,0.09704646988635546,0.07339714879656345
