cell_id,delta_C_area,delta_C_perimeter,delta_C_full,interaction_C,identity_residual
148495842-148495854-001,0.0009600775913886084,0.012032611449375508,0.012825395940552542,1.4344460301352058e-05,0.0
148497551-148497588-001,0.0019227541975956886,0.01997291746506702,0.021941994625473082,4.632296281037451e-05,0.0
148497788-148497816-002,0.011182866016226423,0.08917615720945093,0.10202069075131937,0.0016616675256420077,0.0
148503209-148503222-001,0.0033703643714813047,0.04288302455634724,0.04655116309189672,0.00029777416406817636,0.0
148503209-148503231-001,0.005859199717579644,0.08174080655749771,0.08848906657314959,0.0008890602980722306,0.0
148503400-148503432-001,0.00722888806257127,0.10945674612578238,0.11785895131244462,0.0011733171240909668,0.0
148503568-148503580-002,0.002390588634934576,0.03338558323012286,0.036079685246632076,0.00012092242855821222,0.0
148718455-148718461-001,0.006185176089842259,0.11362760204146471,0.12086712278585765,0.0010543446545506763,0.0
148719308-148719348-004,0.0005148707716378098,0.005056639816515052,0.0055917550509339,3.167114335123067e-06,0.0
148719308-148719357-001,0.0042397703052898805,0.042518293327180934,0.04700383411413078,0.0002457704816599682,0.0
148848523-148848559-002,0.0002746710519720974,0.0038602753377687815,0.004136178916987809,1.2325272469304593e-06,0.0
148881870-148882178-002,0.002274038301058545,0.02242036035238515,0.02476127186984567,6.687321640197474e-05,0.0
148882307-148882323-001,0.00899635838377666,0.14264214765079375,0.15359570595427297,0.001914911695233168,0.0
148882535-148882616-001,0.006258373184382493,0.045693837382720204,0.050777732457435165,0.0009148070599187541,0.0
148882671-148882687-001,0.0044110537964767715,0.06255372438567286,0.06744021920600285,0.00047544102385321807,0.0
149011613-149011656-001,0.009558898072353328,0.13185151676494067,0.143177528981569,0.001767114144274995,0.0
149013033-149013072-001,0.0014031409177549525,0.013062873796502616,0.014490906915013091,2.4892200755521898e-05,0.0
149014929-149014984-001,0.0005833808623317838,0.007579641741561893,0.008168437278313179,5.414674419501608e-06,0.0
149014929-149015008-003,0.0022616318131231106,0.02921932403411953,0.0315976775144895,0.00011672166724685518,0.0
149014929-149015022-001,0.0030962739728428446,0.029139754355845482,0.033517197179291136,0.00021437549184544213,0.0
149014929-149015022-002,0.004634942877560055,0.06087041104297908,0.0659109763841752,0.00040562246363606835,0.0
149053341-149053350-001,0.004223771779888086,0.05737914766959329,0.0619257364964918,0.00032281704701042635,0.0
149053945-149053969-001,0.0022534267668079533,0.022476546640523676,0.024799483578081483,7.227185414959703e-05,0.0
149053945-149053976-001,0.008423836531250117,0.07121935589034012,0.08174546161812757,0.0011232391176162482,0.0
149054642-149054677-003,0.001669827570157545,0.015436980459346272,0.01713916313526387,3.2355105760051295e-05,0.0
149056321-149056343-001,0.003496033598053727,0.052632896266077256,0.05638536845607611,0.0002564385919451295,0.0
149056321-149056360-001,0.002805928917191336,0.0042669180337809864,0.004684704759560843,2.2948644857745393e-06,0.0
149056410-149056458-001,0.0008971081527902047,0.006879171587108379,0.007783574725675035,7.29498577645149e-06,0.0
149056873-149056884-001,0.0026971777326068036,0.022830760886654256,0.025605156525303818,7.721790604275913e-05,0.0
149056873-149056884-002,0.0016084461850067733,0.01145951540828194,0.013092864560492523,2.4902967203810356e-05,0.0
149056933-149056982-002,0.0011507956629184246,0.007294302103112105,0.008455705088526555,1.0607322496025695e-05,0.0
149057756-149057766-002,0.0009373033482543702,0.013540644317668549,0.01449362878267757,1.5681116754651114e-05,0.0
149057756-149057788-002,0.004749708428780197,0.05180568262647123,0.05574414986215159,0.0003797886988649024,0.0
149057812-149057825-003,0.004689139937817832,0.07151215659868759,0.07664619229029757,0.0004448957537921405,0.0
149057812-149057825-005,0.0006182470406169704,0.005702063291074699,0.0063244795224968176,4.169190805147771e-06,0.0
149057812-149057847-004,0.0,0.0,0.0,0.0,0.0
149057812-149057847-005,0.0015860280636380564,0.02141062207902067,0.023039239511364884,4.258936870615848e-05,0.0
149058262-149058272-003,0.001994495511160932,0.02229801673851184,0.0243707509048956,7.823865522282869e-05,0.0
149061666-149061699-003,0.0026791133600353456,0.02854285426759451,0.03132378518149759,0.0001018175538677335,0.0
149095913-149095926-001,0.007314806318367506,0.06774954265204747,0.07636613608439169,0.0016521935823269884,0.0
149097324-149097373-001,0.003335568407312084,0.03972289434214371,0.04324610534180817,0.00018764259235237724,0.0
149097594-149097637-001,0.004034125877972139,0.04150189117648795,0.045443801093021596,0.000399799588398253,0.0
149097594-149097637-002,0.00032248985688598797,0.003931606947098709,0.004255665264203068,1.5684602183707597e-06,0.0
149098972-149098988-002,0.0009989251250215325,0.012043617218998826,0.0134931897981867,1.972071134181963e-05,0.0
149099096-149099104-001,0.0,0.0,0.0,0.0,0.0
149099276-149099290-001,0.008093006220407872,0.09138331469303651,0.10152905523171707,0.0015838712156184265,0.0
149099276-149099290-002,0.010235693452574135,0.1115009804419601,0.12358355599993864,0.0018468821054044016,0.0
149099502-149099525-002,0.008888833140492491,0.11032757593152176,0.12085937486959819,0.001381264946951899,0.0
149100006-149100028-002,0.004081800716475237,0.014778028128736742,0.019156468095971296,0.0002966392507593174,0.0
149100064-149100072-001,0.006583557677886653,0.1121636721722824,0.1199478904422322,0.0012006605920631408,0.0
149101620-149101650-001,0.0026566757629240545,0.03407935731962697,0.036856853304672144,0.00012082022212112076,0.0
149102442-149102451-001,0.00037988898612728583,0.004543469526450017,0.00492536445938796,2.005946810657022e-06,0.0
149102510-149102519-001,0.002912673996104398,0.03365747153711174,0.0367016961602431,0.00013155062702696618,0.0
149105003-149105050-001,0.0016920116848107014,0.013550471330498914,0.015280680256551271,3.8197241241655355e-05,0.0
149105289-149105300-001,0.0,0.0,0.0,0.0,0.0
149105289-149105300-002,0.0009824180390137771,0.013094723742700543,0.014105524139815084,2.8382358100764726e-05,0.0
149105289-149105311-001,0.0022793339167626603,0.011542625682588348,0.01301180805095492,2.352146767481411e-05,0.0
149105289-149105311-003,0.004308907086522651,0.03784766591501032,0.04303147051959655,0.0008748975180635776,0.0
149105289-149105311-004,0.001133904038479433,0.005860102458560168,0.0065687149059986405,2.971412652255645e-05,0.0
149140081-149140096-002,0.00459271396370553,0.05564169401360175,0.06073145536799951,0.0004956144095312753,0.0
149140849-149140856-001,0.0031682730308316143,0.05191910373584119,0.05535057332871862,0.0003732761778914573,0.0
149143028-149143108-002,0.0023776528618063564,0.022169776237015548,0.024618959889003644,7.153079018173969e-05,0.0
149143469-149143497-003,0.003014752554320266,0.023358234096894526,0.02647540509946189,0.00010241844824709911,0.0
149146837-149146854-001,0.0002845459864038169,0.0036244632286341893,0.0039097694630942925,1.29966725692654e-06,0.0
149181904-149181927-001,0.0017468063453355276,0.016583052638950435,0.0183381706499387,3.46294709512307e-05,0.0
149181904-149181951-001,0.0005601697805611705,0.005397687351692992,0.005945839158269073,3.594864648182039e-06,0.0
149182125-149182135-002,0.0003639402892416932,0.003930316352937946,0.004275799674775871,1.8808013535487333e-06,0.0
149182657-149182667-001,0.0027581571386013914,0.027275678068818032,0.03012336150305006,8.952629563063752e-05,0.0
149182657-149182681-002,0.0017067237456175333,0.015500693065725546,0.01724085550683485,3.343869549177203e-05,0.0
149182657-149182698-003,0.000894112302029404,0.009536186320775353,0.01044058947135229,1.0290848547533926e-05,0.0
149185604-149185616-001,0.001120699219631316,0.012009259344795908,0.013150484288987574,2.0525724560349623e-05,0.0
149185604-149185645-003,0.0009376349632974623,0.012089194953037397,0.013040394653222598,1.356473688773896e-05,0.0
149185604-149185657-001,0.002723525037504837,0.025394902319238022,0.028080363860268243,8.78320485730999e-05,0.0
149185698-149185709-002,0.0027859817694150246,0.03156270703087749,0.03446440908271542,0.00011572028242290422,0.0
149185788-149185824-001,0.0016641877762816337,0.015578274824892602,0.017279716347267993,3.72537460937572e-05,0.0
149190861-149190868-001,0.007024773426901887,0.1180988837702488,0.12662408637253109,0.0013027948376258536,0.0
149314453-149314465-001,0.0011044635359357402,0.010268424923629227,0.011382860280087725,1.414187829296143e-05,0.0
149314453-149314507-001,0.0,0.0,0.0,0.0,0.0
149314453-149314507-002,0.0009382435042287751,0.006300048439831785,0.007246095472268399,7.80352820783925e-06,0.0
149314679-149314698-001,0.0017950657897820577,0.0168428829923416,0.018684734568213623,4.678578608996453e-05,0.0
149315229-149315310-001,0.0017779659639294287,0.025139109301805407,0.026857447875823115,5.624427835160262e-05,0.0
149315671-149315731-001,0.001901160146238201,0.019055464497559682,0.021007647843987676,5.102320018979256e-05,0.0
149315671-149315740-001,0.0008320938937330657,0.007041001025893445,0.007882331038156276,9.236118529765136e-06,0.0
149316426-149316462-004,0.002126965319372065,0.015097085136624555,0.017358716936107466,4.659997135092464e-05,0.0
149316754-149316779-002,0.0023774950574158016,0.02747901248301421,0.02995920539808139,0.00010269785765137929,0.0
149317002-149317010-002,0.0032640912989201354,0.024771371492602556,0.028150964989965055,0.0001155021984423632,0.0
149317204-149317230-002,0.0010597438358139755,0.008936936542504603,0.010009969503288807,1.3289124970228272e-05,0.0
149788987-149788996-003,0.004677412774806822,0.07122145400491753,0.076316031186351,0.0005120458225292834,0.0
153268807-153268826-001,0.007593011152717155,0.11098835443749688,0.11957734913252671,0.001251022104358901,0.0
153276386-153276405-001,0.0006426190725962178,0.007801608416495021,0.008450489649693083,6.262160601844258e-06,0.0
153276386-153276405-002,0.0027158440531280803,0.02824528851132191,0.03136776957287701,0.0001312424934939438,0.0
153276386-153276414-001,0.000602182613964497,0.007688648279249866,0.008296510062200557,5.679168986194583e-06,0.0
153314466-153314473-003,0.010991118893517005,0.12497264371260597,0.1378510425927566,0.0018872799866336276,0.0
153654869-153654880-001,0.004280281414592801,0.033614539397628485,0.03816781382303036,0.000272993010809075,0.0
153655016-153655039-005,0.0014966451116559254,0.010903389229463656,0.0124223773518356,2.2343010716019407e-05,0.0
153655087-153655101-002,0.002870609494291909,0.02129566546569417,0.024031043502066307,9.51032926932438e-05,0.0
153656862-153656873-001,0.004876154267310584,0.0610499244478816,0.06633183081442895,0.0004025269743815896,0.0
153657121-153657160-001,0.0009410319113248855,0.011417177862871775,0.012371848560307153,1.3638783304847912e-05,0.0
153659229-153659264-001,0.000662472047221141,0.007677368832123221,0.008346396196406092,6.555317061729404e-06,0.0
153697342-153697375-001,0.0014628857671760143,0.01415077927465136,0.01567122325659054,2.6506249793945003e-05,0.0
153697342-153697384-001,0.0005206837986244661,0.0049714241435662165,0.005481331771350129,3.220988636920552e-06,0.0
153697726-153697736-001,0.0062977459064752495,0.10882171932615647,0.1161444036210435,0.001024938388411778,0.0
153701009-153701019-002,0.002039546234966938,0.02750453373072148,0.029636843991761697,9.27640260732776e-05,0.0
153701622-153701650-001,0.000874093549964261,0.010432506548573306,0.011318805032755397,1.2204934217829866e-05,0.0
153701949-153701958-001,0.0033571529237746978,0.05408294297703742,0.05771234723181917,0.00027225133100705623,0.0
153702037-153702051-003,0.0022891507640249165,0.02727476962396924,0.02967432163504513,0.00011040124705097298,0.0
153826963-153826970-001,0.0034799206858819876,0.03269394930429731,0.037021678594783725,0.0001723334107506247,0.0
153826963-153826982-003,0.0009163144355844866,0.011786617603789629,0.012586199810453058,1.7982986231679376e-05,0.0
153827595-153827657-002,0.0005545391922662235,0.004971161763154597,0.0055292416689273205,3.5407135065002038e-06,0.0
153828877-153828902-002,0.0009186330821636668,0.01044350871319144,0.011375294828998905,1.315303364379794e-05,0.0
153828952-153828970-001,0.0016149033494472498,0.019475754693202174,0.02113054013417137,3.988209152194777e-05,0.0
153828952-153829005-001,0.002010564591869324,0.02614823348951978,0.028242283195629936,8.348511424083327e-05,0.0
153828952-153829005-002,0.0006397412998148111,0.0066834343114052785,0.007329395652459159,6.220041239068941e-06,0.0
153829664-153829672-001,0.007740860730300003,0.1170307401301579,0.1262211472718413,0.0014495464113833956,0.0
153829745-153829768-001,0.024356837318947222,0.06471335248423371,0.07194733989057966,0.0027212997022956764,0.0
153829745-153829768-003,0.002019073175436037,0.02815571642014547,0.030250289083449622,7.549948786811367e-05,0.0
153830680-153830827-002,0.0016120573904154778,0.01725970088480011,0.01890726597461856,3.550769940297016e-05,0.0
153831352-153831372-004,0.0024721618464284,0.022225137085531144,0.02418414500277244,9.690284805224936e-05,0.0
153915432-153915441-002,0.001119474124066988,0.012283700862062652,0.013420889023584959,1.7714037455318632e-05,0.0
153915432-153915472-001,0.0030658203584006394,0.03934473982186115,0.04317551362629757,0.00021540105338629933,0.0
153915726-153915736-001,0.003430147850298604,0.035757095778468084,0.039407212092202215,0.000219968463435527,0.0
153916114-153916129-002,0.00443906685740697,0.045816688014614915,0.0502657381226409,0.0005146121321177866,0.0
153916114-153916150-001,0.0023106520104846373,0.022097517659006694,0.024483373926980856,7.520425748952508e-05,0.0
153916114-153916167-001,0.0011253325429010363,0.011623370604152972,0.012786336863893077,1.7853824016644815e-05,0.0
153916569-153916586-001,0.0039686509656455815,0.031709643109991914,0.03588870458533755,0.00021041050970005415,0.0
153956040-153956058-001,0.004797234709212339,0.043618588747495024,0.048679845179264714,0.00026402172255735046,0.0
153956040-153956058-003,0.0005246908343223833,0.004872243316645486,0.005400192450109587,3.25829914171738e-06,0.0
153956040-153956072-003,0.005365931283722203,0.034613109292090494,0.04027107564818477,0.0002920350723720766,0.0
153956444-153956458-004,0.004241298283160333,0.03610434724990963,0.040534289437423654,0.00018864390435369138,0.0
153958154-153958211-001,0.0019673544494471784,0.013422764797438202,0.01543154753329723,4.14282864118487e-05,0.0
153958547-153958572-002,0.002017094535846753,0.011848917772229406,0.013901033739915247,3.502143183908846e-05,0.0
153958547-153958572-006,0.0009210902566624268,0.006461681604314928,0.007390361933339529,7.590072362173572e-06,0.0
153958547-153958572-008,0.0008704724762395033,0.004775746479312004,0.005653190848222023,6.971892670515345e-06,0.0
153958547-153958572-009,0.001982962027634927,0.013072750645189535,0.01508984518103651,3.413250821204805e-05,0.0
153958547-153958590-002,0.007172744572167322,0.007826094502512718,0.013580138807777947,0.00041034913363538483,0.0
154519964-154519981-001,0.004106155270853451,0.05191493643497258,0.05601384122222364,0.0003712554037378357,0.0
157181481-157181497-004,0.0031227361265857567,0.021240397185663396,0.02444632024639659,8.318693414743894e-05,0.0
157181671-157181697-001,0.014691112569712006,0.06789956049344448,0.08362294857310637,0.0016927868267064827,0.0
157183193-157183279-001,0.019569968056784792,0.08920321205636805,0.11133649080442787,0.0025633106912750225,0.0
157183828-157183877-001,0.01282942059661829,0.09368812342058608,0.10830108052129161,0.0017835365040872464,0.0
157183964-157183980-001,0.024054843725663466,0.10765943980151682,0.13562127932642887,0.003906995947492886,0.0
157184013-157184031-001,0.019569968056784792,0.09159563536822468,0.11372891411628439,0.0025633106912749115,0.0
157184850-157184920-002,0.001929458164001585,0.014599354547831234,0.01656904363373435,4.023092190152955e-05,0.0
157184850-157184942-001,0.013816663230792808,0.03765314485836646,0.05266766397240785,0.001197855883248583,0.0
157185208-157185238-001,0.012170090503895503,0.056785809303774526,0.06892864674253985,0.0010932627204874867,0.0
157185433-157185479-002,0.001105666164276431,0.007837106574536068,0.008932918119339939,9.988151338458096e-06,0.0
157185433-157185479-003,0.0012647039878274091,0.007905274512131188,0.009182203151265944,1.2224651307346512e-05,0.0
157185433-157185479-004,0.001842180510254754,0.012178751807462418,0.0140514810262643,3.054870854712899e-05,0.0
157185433-157185479-006,0.0007132275416658063,0.005681947880546712,0.006594637384881696,5.167889538526538e-06,0.0
157185433-157185508-001,0.0015970728753792462,0.011674445937870925,0.013296157109285112,2.4638296034940055e-05,0.0
157185730-157185758-001,0.0009276833270033258,0.007153359001281612,0.008094390914436922,1.334858615198442e-05,0.0
157185781-157185793-003,0.0,0.0,0.0,0.0,0.0
157222534-157222607-001,0.024113368688579495,0.08006026737921812,0.10539135719745285,0.0026794941266662375,0.0
157222647-157222687-001,0.01168911836933495,0.08932196874207354,0.10186083751594044,0.0015279076923025992,0.0
157222801-157222811-001,0.020756185788481263,0.1249369831961692,0.15087264227318709,0.004089721529528134,0.0
157223549-157223570-001,0.019714490203095902,0.11330585399832305,0.13501027077275174,0.0038186330299549986,0.0
157224412-157224429-001,0.011200759411559735,0.046476800038184884,0.05850422190101667,0.0008266624512720533,0.0
157224458-157224464-001,0.010535579248256988,0.07592125798738258,0.08803472152911196,0.0012417028175507605,0.0
157224458-157224483-001,0.019569968056784792,0.07023294987691653,0.09203268668928222,0.00212827120839143,0.0
157227058-157227087-001,0.001215482008598917,0.005448617770873909,0.006692601703296053,2.850192382322647e-05,0.0
157227461-157227503-003,0.001127529281597317,0.01473653532453767,0.01624778458786902,2.5075949557806787e-05,0.0
157266930-157266947-001,0.001311075926543337,0.010222712514123544,0.011556261428607106,2.247298794022523e-05,0.0
157268504-157268544-001,0.012619491497839141,0.054383824392085556,0.07163440209010963,0.0011557780533067996,0.0
158986766-158986776-001,0.001493108290180234,0.014411986137146116,0.015932430122844732,2.733569551838233e-05,0.0
158986813-158986820-001,0.0,0.0,0.0,0.0,0.0
158986920-158986928-004,0.25976489166176286,-0.11692266637425627,-0.018258486393048834,-0.16110071168055543,2.7755575615628914e-17
204870858-204870872-001,0.0016033598268392346,0.016365163849969333,0.01800374282426187,3.521914745330257e-05,0.0
204870951-204870961-002,0.005338049025605196,0.06834126515786842,0.07452637708214205,0.000847062898668427,0.0
204871030-204871038-001,0.004475016029007461,0.0740940711416912,0.07906359710045419,0.0004945099297555267,0.0
204871030-204871038-002,0.005529539994662103,0.11597561387090727,0.12245792803051447,0.0009552142585930179,0.0
209047342-209047443-001,0.01805180150058061,0.11067776678190966,0.13188427313599982,0.002977877133145568,0.0
209047526-209047626-001,0.012044811232690855,0.07856280915850533,0.09211779826908295,0.0015101778778867647,0.0
209047526-209047798-001,0.01322125188987644,0.057306909779058834,0.07168420884027071,0.0011560471713354392,0.0
209307421-209307504-001,0.015113287524499253,0.11750779420058777,0.13532477774385576,0.0026131277919649865,0.0
209522474-209522522-001,0.013968158360370353,0.10610773086263914,0.12230348329290397,0.0022275940698944785,0.0
209522940-209522970-001,0.015502787467240098,0.11899090425014358,0.13711463674491986,0.0026209449376553007,0.0
209565409-209565503-001,0.013861971760479985,0.09866608928542375,0.11505385719373518,0.0020112182997256145,0.0
209565409-209565600-001,0.00885150874306917,0.06694926462310224,0.07667024433530256,0.0008694709691311475,0.0
209565864-209565890-001,0.016430218897376947,0.14425245644373696,0.1639404092264738,0.0033935526820862982,0.0
209565864-209565911-001,0.013568890317964044,0.09341983502555729,0.1083178318733049,0.0018823399594702916,0.0
209566047-209566095-001,0.014049546853803885,0.12089383723368485,0.136807779729734,0.0024809971919688145,0.0
209566205-209566247-001,0.01615995002625792,0.11544110993925127,0.13405311589074098,0.0027170877537129323,0.0
209566205-209566289-001,0.007169838056784172,0.0467246354377987,0.05444202781611951,0.0005475543215366363,0.0
209566399-209566485-001,0.01112799135121878,0.08455124081193233,0.09704646988635546,0.0013411370590542537,0.0
