cell_id,cf_severity,shape_perturbation,shape_severity,cf_dice,shape_dice,absolute_dice_difference,cf_abs_circ_change,shape_abs_circ_change,circ_change_diff,cf_abs_nc_change,shape_abs_nc_change,cf_perimeter_change
148497551-148497588-001,high,dilation,r1,0.977055449330784,0.9686979070198184,0.008357542310965638,0.0167375090620111,0.0059569611287856,0.010780547933225498,0.0,0.057982087542845,1.999999761581421
148497788-148497816-002,high,dilation,r1,0.9729241877256316,0.964107026321514,0.00881716140411759,0.0175191630054245,0.0342267460719011,-0.0167075830664766,0.0,0.0128151488871687,2.242640495300293
148497788-148497836-002,high,dilation,r1,0.9792459356624006,0.9719280551353168,0.00731788052708382,0.0105904154448548,0.0034868971441965,0.0071035183006583,0.0,0.0260745233852076,1.41421377658844
148499383-148499452-002,high,dilation,r1,0.9679658302189,0.9619928094504364,0.005973020768463622,0.012774146913866,0.0101010328288217,0.0026731140850443005,0.0,0.0433271356372383,1.4142136573791504
148499815-148500094-001,high,dilation,r1,0.9737072743207712,0.953216374269006,0.020490900051765237,0.0199150557006773,0.0237762137979388,-0.003861158097261501,0.0,0.0149881033279141,5.656854271888733
148719308-148719348-004,high,dilation,r1,0.9761999206664024,0.9679401036667308,0.008259816999671599,0.007081771906744,0.0062488285661416,0.0008329433406023996,0.0,0.0753164278745802,0.8284271955490112
148719308-148719357-001,high,dilation,r1,0.9783393501805054,0.9692092372288312,0.009130112951674207,0.0109489123639159,0.0069023675089889,0.004046544854927001,0.0,0.0364056532549844,1.4142135381698608
148848523-148848559-003,high,dilation,r1,0.9676898222940228,0.9616778871051268,0.006011935188895978,0.0190061869394277,0.0099374554533757,0.009068731486052,0.0,0.0576037627127693,1.999998688697815
148848523-148848559-004,high,dilation,r1,0.9645599527466036,0.962205171923842,0.0023547808227615263,0.0180541927814901,0.0672455354866312,-0.049191342705141104,0.0,0.0575296168340153,-2.0
148881870-148881960-001,high,dilation,r1,0.9730941704035876,0.9641158668396024,0.008978303563985213,0.0610660695352505,0.011333394364371,0.049732675170879495,0.0,0.0290681720608377,8.242641687393188
148881870-148882178-002,high,dilation,r1,0.9701789264413518,0.9626794258373206,0.007499500604031262,0.0167371846030846,0.0111296495665516,0.005607535036532999,0.0,0.101612693458187,2.000000596046448
149013033-149013072-001,high,dilation,r1,0.9771428571428572,0.968277388417558,0.008865468725299253,0.0086019304676687,0.011785644007603,-0.0031837135399343,0.0,0.0452295541516882,1.0710680484771729
149014631-149014646-001,high,dilation,r1,0.9736147757255936,0.967453733248245,0.0061610424773486105,0.0107970921294432,0.0046926184833301,0.0061044736461131005,0.0,0.0484813926779634,1.1715729236602783
149014631-149014646-002,high,dilation,r1,0.9684542586750788,0.9601211509338716,0.008333107741207213,0.0084935456446552,0.0142204532077803,-0.0057269075631251,0.0,0.0290184988169504,1.071066975593567
149014929-149015008-003,high,dilation,r1,0.9783236994219652,0.9698668535388928,0.008456845883072384,0.011607053974016,0.0099899346087048,0.0016171193653111999,0.0,0.0615357139543729,1.4142134189605713
149053945-149053969-001,high,dilation,r1,0.9739243807040416,0.966603654694392,0.007320726009649614,0.0206119792497604,0.0059411479558504,0.01467083129391,0.0,0.0185885614594117,2.2426403760910034
149054642-149054677-003,high,dilation,r1,0.9751655629139072,0.9660135945621752,0.009151968351732043,0.0030141780177687,0.0190887059454936,-0.016074527927724902,0.0,0.0440588599914174,-0.3431460857391357
149056321-149056360-001,high,dilation,r1,0.9716847569608306,0.9609977324263038,0.010687024534526746,0.0063467144996066,0.0313942322617154,-0.0250475177621088,0.0,0.0788367353709829,-0.928932785987854
149056410-149056423-003,high,dilation,r1,0.9623588456712672,0.954491017964072,0.007867827707195185,0.0114082325789364,0.0598888692558771,-0.048480636676940705,0.0,0.0458853857989098,1.656854271888733
149056410-149056423-004,high,dilation,r1,0.973045822102426,0.9572135024725864,0.015832319629839553,0.0046955730769888,0.0235805486712906,-0.0188849755943018,0.0,0.1002422367411522,1.071067452430725
149056410-149056458-001,medium,dilation,r1,0.9766718506998444,0.9547141796585004,0.02195767104134405,0.024708267263594,0.0180105315489982,0.006697735714595799,0.0,0.1048979023536696,2.2426400184631348
149056410-149056458-001,high,erosion,r1,0.9533437013996888,0.9519152404237978,0.0014284609758909994,0.0398088602290954,0.0107776502252731,0.0290312100038223,0.0,0.090090713492248,3.6568541526794434
149056410-149056458-002,medium,dilation,r1,0.9763593380614656,0.9609996213555472,0.015359716705918403,0.0062256491595066,0.0167977589779286,-0.010572109818421998,0.0,0.1891188761999338,0.5857867002487183
149056545-149056555-001,high,dilation,r1,0.9746835443037974,0.966557911908646,0.008125632395151405,0.0074946322146841,0.0068419315406815,0.0006527006740025994,0.0,0.0622938794088462,0.8284279108047485
149056785-149056797-003,high,dilation,r1,0.964221824686941,0.960206126538792,0.0040156981481489495,0.0041750837227975,0.0151430868820476,-0.0109680031592501,0.0,0.0953498024452367,-0.3431456089019775
149056785-149056797-004,high,dilation,r1,0.9670691547749726,0.961731327527052,0.005337827247920535,0.0057184724121576,0.0094619519177671,-0.0037434795056094997,0.0,0.1718794845255056,0.5857863426208496
149056873-149056884-001,high,dilation,r1,0.967444384156267,0.9621508744453146,0.005293509710952438,0.0113409846233182,0.009023933276436,0.002317051346882199,0.0,0.1092952837373923,1.1715723276138306
149056873-149056884-002,high,dilation,r1,0.9631675874769796,0.9599292869770184,0.003238300499961211,0.0437101496444459,0.0102528912833376,0.0334572583611083,0.0,0.2064259325675415,4.82842743396759
149056933-149056982-002,medium,dilation,r1,0.9740484429065744,0.951832029641828,0.022216413264746437,0.0314615760549861,0.0133333722972321,0.018128203757753997,0.0,0.0727131987163257,2.8284271955490112
149056933-149056982-003,medium,dilation,r1,0.9770466717674062,0.9543629061701352,0.022683765597271033,0.0103294104142982,0.0181430869525219,-0.0078136765382237,0.0,0.046986929277521,0.8284270763397217
149056933-149056982-003,high,erosion,r1,0.9540933435348126,0.95146409947854,0.0026292440562725172,0.0543967198335797,0.0047976209025837,0.049599098930996004,0.0,0.0425703291873476,4.485281467437744
149057812-149057825-005,high,dilation,r1,0.9729607931500676,0.971753886577622,0.0012069065724455985,0.0019029293324803,0.0098495289373928,-0.0079465996049125,0.0,0.0448233873213508,0.2426401376724243
149057812-149057847-004,high,dilation,r1,0.9787384833451452,0.9690934065934066,0.009645076751738646,0.0169122865052001,0.0075619127180741,0.009350373787125998,0.0,0.0383551307847082,2.2426401376724243
149057812-149057847-006,high,dilation,r1,0.9655963302752294,0.9571899012074644,0.008406429067765009,0.0156007965914041,0.0374539015988901,-0.021853105007486003,0.0,0.0442365721695696,-1.9999996423721316
149059215-149059228-001,high,dilation,r1,0.9732262382864793,0.965948275862069,0.007277962424410256,0.0211066589404039,0.006279203419628,0.014827455520775901,0.0,0.0108456206110145,2.242639899253845
149061666-149061683-003,high,dilation,r1,0.967654986522911,0.9606421543241844,0.007012832198726615,0.0,0.0124566627203897,-0.0124566627203897,0.0,0.0447047061093472,0.0
149097594-149097661-001,high,dilation,r1,0.9733924611973392,0.9624413145539906,0.01095114664334862,0.0083474257279009,0.0188720925928091,-0.0105246668649082,0.0,0.0154793175328309,-1.171573042869568
149098972-149098988-001,high,dilation,r1,0.9786856127886324,0.9627222982216144,0.01596331456701805,0.0062332833155327,0.0231290786448926,-0.0168957953293599,0.0,0.0519146463383664,1.4142135381698608
149098972-149098988-002,high,dilation,r1,0.9771341463414634,0.9580138736765242,0.01912027266493921,0.0110144893113391,0.0361842249839388,-0.0251697356725997,0.0,0.1108873954803866,3.656854271888733
149098972-149099015-002,high,dilation,r1,0.9741267787839586,0.9652445369406868,0.008882241843271799,0.0116466941296557,0.0097859478396407,0.0018607462900149998,0.0,0.0297854099878565,1.414214015007019
149099096-149099104-001,high,dilation,r1,0.969589457678662,0.9600973236009732,0.009492134077688785,0.0206184606889189,0.0244258853176474,-0.0038074246287285,0.0,0.0676582410428543,2.8284270763397217
149100006-149100028-002,high,dilation,r1,0.9737876802096984,0.9615626969124134,0.012224983297285053,0.0074718297977955,0.0196823153173487,-0.012210485519553203,0.0,0.0821491254412835,1.4142136573791504
149101620-149101664-001,high,dilation,r1,0.9791811242192922,0.96906523201076,0.010115892208532151,0.0016764080888024,0.0170724320168389,-0.0153960239280365,0.0,0.0434949681638204,0.2426401376724243
149101894-149101909-001,high,dilation,r1,0.97709049255441,0.9658860409367508,0.011204451617659261,0.0041085078585809,0.0228464847145147,-0.0187379768559338,0.0,0.0896018948987099,1.0710673332214355
149101894-149101909-002,medium,dilation,r1,0.9794661190965092,0.974,0.005466119096509181,3.79805809025413e-09,0.0325750478505553,-0.03257504405249721,0.0,0.5380670611439844,3.5762786865234375e-07
149101894-149101909-003,high,dilation,r1,0.969309462915601,0.962817040137897,0.00649242277770401,0.0248521671221819,0.0097617191139189,0.015090448008263,0.0,0.0380851493139628,2.8284279108047485
149101894-149101918-001,medium,dilation,r1,0.9742046431642304,0.9501633986928104,0.024041244471419976,0.0109288335635887,0.0522216240861925,-0.041292790522603796,0.0,0.0286143824002089,-0.9289321899414062
149101894-149101930-002,medium,dilation,r1,0.9796195652173914,0.9658792650918636,0.013740300125527738,0.0017558066161116,0.0299888332218636,-0.028233026605752,0.0,0.4557505597543927,0.2426406145095825
149102510-149102519-002,high,dilation,r1,0.9729486023444543,0.9618386816999132,0.011109920644541194,0.0141727984504107,0.0154764933989932,-0.0013036949485825,0.0,0.0841076972128845,2.2426406145095825
149105003-149105050-001,high,dilation,r1,0.9782608695652174,0.9655413678502712,0.01271950171494618,0.0059990685729096,0.0281929127532334,-0.022193844180323802,0.0,0.0376826947999398,1.0710676908493042
149105131-149105155-001,medium,dilation,r1,0.974293059125964,0.9644628099173552,0.009830249208608755,0.0155813859414725,0.0060462213258094,0.009535164615663099,0.0,0.1727782997873497,1.4142130613327026
149105289-149105300-001,high,dilation,r1,0.9658508821855436,0.9603716862530746,0.005479195932469039,0.0224102025592989,0.010234897958497,0.0121753046008019,0.0,0.0747998442557126,2.242640733718872
149143028-149143108-002,high,dilation,r1,0.9770114942528736,0.9673832468495182,0.009628247403355439,0.0108142169276049,0.0090294297798476,0.0017847871477573007,0.0,0.0834537761814131,1.4142136573791504
149143469-149143497-003,high,dilation,r1,0.9697122665320546,0.9727473606678124,0.0030350941357578654,0.0054876396963556,0.0041180457558207,0.0013695939405348996,0.0,0.1928332686364757,0.8284274339675903
149146635-149146651-001,high,dilation,r1,0.973753280839895,0.9631346113334738,0.010618669506421208,0.0049873151288022,0.0318078881122755,-0.0268205729834733,0.0,0.2847783635523446,-0.8284263610839844
149147060-149147075-001,high,dilation,r1,0.9638989169675092,0.9587539659648112,0.005144951002697962,0.0103423800462723,0.0141979193990439,-0.0038555393527716,0.0,0.1835148977823938,1.4142146110534668
149147848-149147864-002,high,dilation,r1,0.9768250289687138,0.968212415856395,0.008612613112318868,0.0210983306697386,0.0077490978386236,0.013349232831114999,0.0,0.0657939228958665,2.8284271955490112
149147949-149147960-002,high,dilation,r1,0.9629171817058096,0.9509256538348516,0.01199152787095803,0.0046853152455305,0.0322164708365279,-0.0275311555909974,0.0,0.0977761759102381,0.8284271955490112
149181904-149181927-001,high,dilation,r1,0.9739921976592978,0.9670928526514356,0.0068993450078621565,0.0130920308001892,0.0051779788157204,0.0079140519844688,0.0,0.1322708243382347,1.414214015007019
149181904-149181951-001,high,dilation,r1,0.9760095961615354,0.9673177335138272,0.00869186264770816,0.0071662595431795,0.0070619316418759,0.00010432790130359988,0.0,0.2269407572459252,0.8284269571304321
149182125-149182135-001,high,dilation,r1,0.9690721649484536,0.9613478691774032,0.007724295771050382,0.0088969279138388,0.0336414136176808,-0.024744485703841995,0.0,0.2400167084377609,-0.9289323091506958
149182125-149182135-002,high,dilation,r1,0.9797775530839232,0.9658203125,0.013957240583923225,0.0146161605724051,0.0294572964676347,-0.014841135895229599,0.0,0.2580339692477991,-2.5857863426208496
149182550-149182571-004,high,dilation,r1,0.9794871794871794,0.975,0.004487179487179471,0.0057559327990861,0.0036801097430725,0.0020758230560136005,0.0,0.0311299268268209,0.8284274339675903
149182657-149182667-001,high,dilation,r1,0.9748427672955976,0.970498474059003,0.004344293236594576,0.002797881831634,0.026805393841255,-0.024007512009621,0.0,0.1293793970704462,-0.3431458473205566
149182657-149182667-003,high,dilation,r1,0.9661781285231116,0.9607365285675602,0.005441599955551379,0.0211953183005444,0.0273887917899068,-0.006193473489362399,0.0,0.0800234013274716,3.0710673332214355
149182657-149182681-002,high,dilation,r1,0.9774943735933984,0.9726377234585918,0.004856650134806628,0.0097977117134501,0.0336065326163174,-0.023808820902867303,0.0,0.3295346755554369,-1.2720783948898315
149182657-149182698-003,high,dilation,r1,0.979473144030106,0.9672402382528128,0.01223290577729319,0.0389521709870849,0.065453767235876,-0.026501596248791094,0.0,0.057104998287817,-6.343145966529846
149185497-149185527-003,high,dilation,r1,0.9796195652173914,0.973705969902431,0.005913595314960385,0.0267734680591331,0.0414935835828125,-0.0147201155236794,0.0,1.2096979591836736,-3.7573593854904175
149185604-149185657-001,high,dilation,r1,0.9759615384615384,0.9663182346109176,0.009643303850620843,0.0282479346532901,0.0208010581420392,0.007446876511250901,0.0,0.7702716654918671,4.242640614509583
149186957-149186968-001,high,dilation,r1,0.9792746113989638,0.9691998660863744,0.01007474531258934,0.0042841963914387,0.0126176494332669,-0.0083334530418282,0.0,0.0389893665265554,0.5857862234115601
149187049-149187100-002,high,dilation,r1,0.967373572593801,0.9761146496815286,0.008741077087727644,0.0471099737530803,0.0073320111982009,0.0397779625548794,0.0,0.2988719467061436,8.727921843528748
149314453-149314465-001,high,dilation,r1,0.9743150684931506,0.9674880927728308,0.006826975720319872,0.0073018132297568,0.0052704455283962,0.0020313677013606,0.0,0.1234634494364409,0.828427791595459
149314453-149314507-001,medium,dilation,r1,0.974025974025974,0.9545454545454546,0.01948051948051943,0.0107492140232747,0.0247569551863813,-0.0140077411631066,0.0,0.6586983759572018,0.8284270763397217
149314453-149314507-002,medium,dilation,r1,0.9761146496815286,0.9515151515151516,0.024599498166376965,0.0085589685798597,0.0167858355368351,-0.0082268669569754,0.0,0.0520072438268691,0.8284269571304321
149314453-149314507-003,medium,dilation,r1,0.9760383386581468,0.9571865443425076,0.018851794315639214,0.0088646602331143,0.0137923437840323,-0.004927683550917999,0.0,0.1559837121797844,-0.8284268379211426
149315671-149315740-001,high,dilation,r1,0.976780185758514,0.9665232840845334,0.010256901673980634,0.0148863481186117,0.0244772800776599,-0.0095909319590482,0.0,0.7983709695539827,2.8284274339675903
149315671-149315740-003,high,dilation,r1,0.9793317258008956,0.9715528781793842,0.0077788476215113755,0.0094961083840873,0.0438212258921267,-0.0343251175080394,0.0,0.9026112185686652,-1.414214015007019
149315671-149315740-004,high,dilation,r1,0.9667957941339236,0.9733369243199568,0.006541130186033195,7.932866585846908e-10,0.0158102685923878,-0.015810267799101142,0.0,0.7211998923863332,-1.1920928955078125e-07
149315775-149315790-001,high,dilation,r1,0.9745654938533276,0.9620717781402937,0.012493715713033926,0.0136865413156216,0.0200130432968541,-0.0063265019812325015,0.0,0.2264495272525029,2.242640972137451
149316025-149316032-001,high,dilation,r1,0.9731182795698924,0.9660246699848518,0.007093609585040572,0.0129132465332617,0.0194979009809739,-0.006584654447712201,0.0,0.300777487022051,1.6568539142608645
149316426-149316462-004,high,dilation,r1,0.9620253164556962,0.9584470730967546,0.003578243358941635,0.009846933540443,0.0321703229807952,-0.022323389440352205,0.0,0.2923528558449193,1.6568551063537598
149316754-149316779-002,high,dilation,r1,0.9751861042183624,0.9660407510986816,0.009145353119680788,0.0195095230282429,0.0085824279434852,0.010927095084757699,0.0,0.0551659853213368,2.242640495300293
149316754-149316795-002,high,dilation,r1,0.9683042789223456,0.9604261796042618,0.007878099318083809,0.0013566822128521,0.0347515806171339,-0.033394898404281795,0.0,0.7303208566200277,-0.1005055904388427
149317002-149317010-002,high,dilation,r1,0.962382445141066,0.9602649006622516,0.0021175444788144038,0.0071271743096282,0.0100314013881207,-0.0029042270784924995,0.0,0.2669287232193222,0.8284274339675903
149317114-149317152-001,high,dilation,r1,0.9700598802395208,0.9641568438777964,0.005903036361724401,0.0136542041293539,0.0265637504392097,-0.0129095463098558,0.0,0.485198436431989,1.4142131805419922
149317204-149317230-002,high,dilation,r1,0.9730215827338128,0.9580012922679302,0.015020290465882602,0.0018741748850905,0.0200268525736361,-0.0181526776885456,0.0,0.1961450968504818,-0.3431458473205566
149357849-149357857-003,high,dilation,r1,0.9765074393108848,0.9665089877010408,0.009998451609844028,0.0057237385492902,0.0233287297225356,-0.0176049911732454,0.0,0.0460281416891475,0.8284264802932739
153314857-153314909-001,high,dilation,r1,0.9746728577458844,0.9635956884279032,0.011077169317981195,7.71495867191163e-10,0.0179947954813876,-0.017994794709891734,0.0,0.2903573135419302,1.1920928955078125e-07
153315615-153315629-001,medium,dilation,r1,0.9797434166103984,0.9561007101355712,0.023642706474827246,4.6067164527485716e-09,0.0139699710759146,-0.013969966469198148,0.0,0.0989796363953945,4.76837158203125e-07
153315615-153315629-001,high,erosion,r1,0.9594868332207968,0.953356890459364,0.0061299427614327495,0.1250938302352375,0.0160615016477424,0.10903232858749512,0.0,0.0857740483376088,14.485281705856323
153654325-153654351-001,high,dilation,r1,0.9735333039258932,0.9673565180285896,0.006176785897303638,0.0067222724427482,0.0292936679457805,-0.0225713955030323,0.0,0.2932682558118098,-0.828426718711853
153654325-153654351-003,high,dilation,r1,0.9762845849802372,0.9725158562367864,0.0037687287434508,0.0159980061336726,0.0590056042963301,-0.04300759816265751,0.0,0.222531847133758,-2.242639899253845
153655016-153655039-005,high,dilation,r1,0.9697275479313824,0.97252208047105,0.00279453253966766,0.0039282140289987,0.0054531552622064,-0.0015249412332076998,0.0,0.188139470186393,-0.3431456089019775
153655087-153655101-002,high,dilation,r1,0.9691358024691358,0.9623762376237625,0.006759564845373323,0.0076997986710347,0.0098210676046921,-0.0021212689336573996,0.0,0.1540235024840178,0.8284269571304321
153659229-153659243-001,high,dilation,r1,0.9714285714285714,0.958029197080292,0.013399374348279425,0.0042858136889254,0.0449491674249264,-0.040663353736000996,0.0,0.0813496758460913,0.8284270763397217
153659229-153659256-003,high,dilation,r1,0.9771949828962372,0.9715657311669128,0.0056292517293243804,0.049906269844805,0.0167471873707264,0.0331590824740786,0.0,0.1809556750265017,9.556349158287048
153697342-153697375-001,high,dilation,r1,0.9767351686700272,0.9662795054327464,0.010455663237280755,0.0123138908191319,0.0261929428227761,-0.0138790520036442,0.0,0.2540870686674525,-1.514718532562256
153697342-153697384-001,high,dilation,r1,0.9759711653984782,0.96577064397602,0.010200521422458197,1.8759044317917532e-09,0.01536332073534,-0.015363318859435569,0.0,0.1062736023612392,-2.384185791015625e-07
153698259-153698268-001,high,dilation,r1,0.9761620977353992,0.9706903200925568,0.005471777642842346,0.0996864566545873,0.0011780078518104,0.0985084488027769,0.0,0.1880728486012799,12.242639660835266
153698259-153698268-002,high,dilation,r1,0.9767711962833914,0.9683223992502344,0.00844879703315693,0.0122791090465654,0.0059463688450626,0.0063327402015028005,0.0,0.3018559777574976,1.4142135381698608
153701139-153701158-001,medium,dilation,r1,0.9794097460535348,0.954158480681074,0.025251265372460807,0.0098705550929428,0.0281709593084675,-0.0183004042155247,0.0,0.0623317805383022,1.4142132997512815
153701139-153701158-004,medium,dilation,r1,0.9770290964777948,0.9550274223034736,0.022001674174321195,0.0,0.0106373014789096,-0.0106373014789096,0.0,0.0897991277405791,0.0
153701139-153701158-004,high,erosion,r1,0.9540581929555896,0.9522663457681508,0.0017918471874387443,0.0543514164366822,0.0052286773409301,0.0491227390957521,0.0,0.0781075847296682,4.828426837921143
153701139-153701158-005,high,dilation,r1,0.9738675958188152,0.9638958858102435,0.009971710008571666,0.0016199611004266,0.012539071051429,-0.0109191099510024,0.0,0.1681848935775942,0.2426402568817138
153827595-153827604-002,high,dilation,r1,0.9737647573240052,0.9625420875420876,0.01122266978191766,0.0108706519858415,0.052719941903076,-0.0418492899172345,0.0,0.1170242206724772,-1.5147186517715454
153827595-153827618-002,high,dilation,r1,0.9630314232902032,0.958653278204371,0.00437814508583223,0.0157921028536175,0.0176595366010179,-0.0018674337474004002,0.0,0.11761902546869,1.656854271888733
153827595-153827657-002,high,dilation,r1,0.9722991689750692,0.9620253164556962,0.010273852519372961,0.0716084670254819,0.0245338943909529,0.04707457263452901,0.0,0.2047619242087281,-9.41421389579773
153828952-153828980-001,high,dilation,r1,0.9669785360484314,0.960867265996827,0.006111270051604389,0.045393569592632,0.0117283603411199,0.033665209251512104,0.0,0.3851980813956044,5.414214015007019
153828952-153829000-001,high,erosion,r1,0.9777448071216616,0.965861143076333,0.01188366404532859,0.029171248035713,0.0035676331689898,0.025603614866723197,0.0,0.8702060886215062,3.899494647979736
153828952-153829000-003,high,dilation,r1,0.9754299754299754,0.9661721068249258,0.009257868605049624,0.0102625624587056,0.0294675720350009,-0.019205009576295298,0.0,0.7045838255620973,1.4142132997512815
153830680-153830827-002,high,dilation,r1,0.9798183652875884,0.9766754270696452,0.003142938217943203,0.0155576758200639,0.0063242916854369,0.009233384134627001,0.0,0.476971112532548,1.9999998807907104
153831352-153831372-003,high,dilation,r1,0.9786704585851403,0.9698327874504395,0.008837671134700797,0.0204513294022725,0.0349252546414401,-0.014473925239167598,0.0,0.1767718268525311,-3.414213061332702
153915432-153915441-002,high,dilation,r1,0.9796472184531886,0.9686216527024808,0.011025565750707789,0.0097065868382514,0.0098713116747162,-0.00016472483646479998,0.0,0.1293922761212481,1.4142134189605713
153915432-153915472-001,high,dilation,r1,0.9794450154162384,0.9686411149825784,0.010803900433659974,0.0041461608459006,0.0096375888614129,-0.0054914280155123,0.0,0.0432716399217981,0.5857864618301392
153915634-153915665-003,high,dilation,r1,0.9678628816282808,0.9631158111942224,0.00474707043405842,0.0144505616282772,0.0065880550724891,0.007862506555788101,0.0,0.2844684241306849,1.41421377658844
153915634-153915665-006,high,dilation,r1,0.973297730307076,0.9635506003430532,0.009747129964022827,0.0061130071229882,0.0126295812250629,-0.0065165741020747,0.0,0.1078387270402356,0.828426718711853
153915634-153915665-007,high,dilation,r1,0.97539975399754,0.9657493565630568,0.009650397434483149,0.0076074161251892,0.030249625465398,-0.022642209340208802,0.0,0.1312779436273355,1.071067452430725
153915726-153915736-001,high,dilation,r1,0.9727272727272728,0.9623797025371827,0.010347570190090027,0.0164146240451793,0.0783947131267359,-0.061980089081556604,0.0,0.0943849780277885,-2.343146085739136
153916001-153916020-001,high,dilation,r1,0.9775280898876404,0.967741935483871,0.009786154403769398,0.0265955701627511,0.0085783441013231,0.018017226061428,0.0,0.0981969164658401,3.414213538169861
153916001-153916020-003,high,dilation,r1,0.9662542182227222,0.9592662530347992,0.006987965187922995,0.0107710991677023,0.0296024035213963,-0.018831304353694,0.0,0.0661608428103619,1.3137080669403076
153916114-153916150-001,high,dilation,r1,0.9785943631823046,0.9658855961405928,0.012708767041711866,0.0019630926581495,0.024441069093763,-0.0224779764356135,0.0,0.2215614724516801,-0.3431459665298462
153916114-153916167-001,high,dilation,r1,0.9763593380614656,0.9562923888470234,0.020066949214442187,0.060441252145555,0.1042113526970545,-0.043770100551499505,0.0,0.2672544097377132,-20.242640376091003
153916569-153916586-001,high,dilation,r1,0.9634369287020108,0.9502026635784596,0.013234265123551192,0.0102370191481164,0.1724541487435836,-0.16221712959546722,0.0,0.1498237021165995,-2.343145489692688
153956040-153956058-001,high,dilation,r1,0.9721706864564008,0.9655172413793104,0.006653445077090425,0.0270188468470513,0.0060736235914569,0.0209452232555944,0.0,0.0440579372383409,2.8284270763397217
153956040-153956058-002,high,dilation,r1,0.9748743718592964,0.9644588045234248,0.010415567335871567,0.0106330279247958,0.0122862580663563,-0.0016532301415604998,0.0,0.0491009666936501,1.4142135381698608
153956040-153956058-003,high,dilation,r1,0.9724391364262748,0.9643410852713178,0.008098051154956987,0.0175646905576843,0.0095024339643914,0.0080622565932929,0.0,0.0643587522211753,1.9999996423721316
153956040-153956058-005,high,dilation,r1,0.9629629629629628,0.9591474245115452,0.003815538451417577,0.0226465484988027,0.0311905258262604,-0.008543977327457701,0.0,0.0418198117436127,2.2426403760910034
153956040-153956058-006,medium,dilation,r1,0.974597798475868,0.9528035498184751,0.02179424865739288,0.018351862218259,0.0122095626595695,0.006142299558689501,0.0,0.0493099369932319,1.656854510307312
153956040-153956072-001,high,dilation,r1,0.9744354495100128,0.9646526921496096,0.009782757360403238,0.0111108994965564,0.011365292645397,-0.0002543931488405999,0.0,0.0612391897292141,1.414214015007019
153956040-153956072-003,high,dilation,r1,0.9677938808373592,0.9571024916516824,0.010691389185676803,0.001389135872731,0.0227996284930472,-0.021410492620316197,0.0,0.0444256487051673,0.2426404953002929
153956279-153956296-001,medium,dilation,r1,0.9773242630385488,0.9528267915016204,0.024497471536928384,0.013622516118233,0.0304064687664806,-0.0167839526482476,0.0,0.0084734268656336,1.4142131805419922
153956444-153956458-002,medium,dilation,r1,0.9768339768339768,0.9578402366863904,0.01899374014758637,0.0613121497771752,0.0854970300426073,-0.024184880265432092,0.0,0.0577907549688604,-6.82842743396759
153956444-153956458-004,high,dilation,r1,0.9668141592920354,0.9681392235609104,0.0013250642688750203,0.0086330096878989,0.0050501190970132,0.0035828905908856998,0.0,0.0573730264541652,0.8284261226654053
153958154-153958194-001,medium,dilation,r1,0.979381443298969,0.9613478691774032,0.01803357412156581,0.0173851297525129,0.0009858231007476,0.016399306651765297,0.0,0.0976240707253365,1.4142134189605713
153958154-153958194-001,high,erosion,r1,0.9587628865979382,0.9562410329985652,0.0025218535993729585,0.0246134930308727,0.007541127795255,0.0170723652356177,0.0,0.0910070136374551,1.999999403953552
153958154-153958211-001,medium,dilation,r1,0.9709864603481624,0.9547553093259464,0.01623115102221595,0.0288595630316047,0.003176864227136,0.0256826988044687,0.0,0.0421536619688255,2.242640733718872
153958547-153958572-008,medium,dilation,r1,0.9733570159857904,0.9694360740421868,0.003920941943603595,0.020271487814511,0.0341059973783854,-0.013834509563874397,0.0,0.4414189773256201,4.485281109809876
153958547-153958590-002,high,dilation,r1,0.9795640326975475,0.9705785123966942,0.008985520300853311,0.0067123182737079,0.0164861174486707,-0.0097737991749628,0.0,0.0248057086997975,0.8284280300140381
157181481-157181497-002,high,dilation,r1,0.9623352165725048,0.9596385542168676,0.002696662355637147,0.0023564271536463,0.0083088841430586,-0.0059524569894123,0.0,0.1205501965755043,0.2426409721374511
157183828-157183877-001,medium,dilation,r1,0.9775784753363228,0.9570815450643776,0.020496930271945213,0.0149446730360831,0.0065134530370614,0.0084312199990217,0.0,0.0018765469403053,1.171573042869568
157183828-157183877-001,high,erosion,r1,0.9551569506726456,0.9546875,0.00046945067264558826,0.0954307856051775,0.0079152866806904,0.0875154989244871,0.0,0.0018074586549809,8.242641568183899
157185433-157185454-001,high,dilation,r1,0.9765441751368256,0.9687559174398788,0.007788257696946799,0.0062837533518753,0.0219920990573692,-0.0157083457054939,0.0,0.03543171748784,0.8284269571304321
157185433-157185479-001,medium,dilation,r1,0.9779897285399852,0.9588462891311994,0.019143439408785823,0.0657186781727816,0.0159328262202009,0.0497858519525807,0.0,0.0855695321032407,10.485281229019163
157185433-157185479-002,medium,dilation,r1,0.977645305514158,0.9595995709688953,0.018045734545262704,0.0166458640355066,0.0269671369348772,-0.010321272899370598,0.0,0.0597271301777367,1.4142134189605713
157185433-157185479-002,high,erosion,r1,0.955290611028316,0.9519718859820384,0.0033187250462776152,0.0259835789146767,0.001264890357379,0.0247186885572977,0.0,0.05991198513957,2.2426403760910034
157185433-157185479-004,medium,dilation,r1,0.9734982332155476,0.9617672047578588,0.011731028457688808,0.0121642071544307,0.0058211943973635,0.006343012757067201,0.0,0.0591776625267705,-1.1715729236602783
157185433-157185479-007,medium,dilation,r1,0.975609756097561,0.9520123839009288,0.02359737219663216,0.0126072621223176,0.021767833033464,-0.0091605709111464,0.0,0.0511908276587074,1.171573042869568
157185433-157185508-005,medium,dilation,r1,0.9786931818181818,0.9555480149304376,0.02314516688774415,0.0076088450655027,0.0196442492914759,-0.012035404225973202,0.0,0.0623056378736326,0.8284271955490112
157185433-157185508-005,high,erosion,r1,0.9573863636363636,0.9527705466716252,0.004615816964738451,0.0019769235149803,0.0043223766473668,-0.0023454531323865,0.0,0.0556735794975551,0.242640733718872
157185527-157185540-003,high,dilation,r1,0.9612403100775194,0.957624497370863,0.0036158127066564516,0.0214530992252689,0.0204456619515371,0.001007437273731801,0.0,0.1851598144063022,2.242640495300293
157185677-157185690-001,medium,dilation,r1,0.976869699306091,0.9519266055045872,0.024943093801503835,0.0056463219322148,0.0177593297634187,-0.0121130078312039,0.0,0.001619680297539,0.5857864618301392
157185730-157185758-001,high,dilation,r1,0.9691675231243576,0.955561011539406,0.01360651158495163,0.0444255097569449,0.0791703067658676,-0.034744797008922704,0.0,0.1333667599367952,-13.514718651771544
157185781-157185793-003,high,dilation,r1,0.9753492193919474,0.9652984334721396,0.010050785919807792,0.0029398427848588,0.0157562293837283,-0.012816386598869498,0.0,0.0599500930420205,-0.3431458473205566
157185781-157185814-002,high,dilation,r1,0.9736263736263736,0.9619450317124736,0.011681341913900023,0.0086690489769446,0.1097274172244272,-0.1010583682474826,0.0,0.0484486420378517,-1.5147186517715454
157222534-157222579-001,medium,dilation,r1,0.9733806566104702,0.9526627218934912,0.020717934716979025,0.0190176019267012,0.0084984167772388,0.010519185149462401,0.0,0.0021802609371904,1.4142134189605713
157222647-157222687-001,medium,dilation,r1,0.9769762087490408,0.9563302752293578,0.020645933519683024,0.0172850366940846,0.0074570571844605,0.009827979509624099,0.0,0.0019597762614717,1.4142135381698608
157223779-157224140-001,medium,dilation,r1,0.9766355140186916,0.9557126907331596,0.020922823285532077,0.0078587227578158,0.007159855577267,0.0006988671805487996,0.0,0.0014383603160514,0.5857862234115601
157224458-157224464-001,medium,dilation,r1,0.9725776965265084,0.9525468001741402,0.02003089635236821,0.0192534032048399,0.0157180377572193,0.0035353654476206024,0.0,0.0031569702280792,1.4142130613327026
157227461-157227503-003,high,dilation,r1,0.977859778597786,0.9785159776132876,0.000656199015501624,0.016316715694423,0.0129366347982704,0.0033800808961526006,0.0,0.0816584649108602,2.4852817058563232
157266930-157266947-003,medium,dilation,r1,0.9725022914757104,0.9754135002235136,0.002911208747803151,3.426880335055671e-09,0.007295112487532,-0.007295109060651665,0.0,0.1363609611111926,3.5762786865234375e-07
158986766-158986776-001,high,dilation,r1,0.9750415973377704,0.9662379421221864,0.008803655215584016,0.0069437247484839,0.0085288629600781,-0.0015851382115942003,0.0,0.0643300804448026,0.8284268379211426
158986813-158986820-001,medium,dilation,r1,0.974726200505476,0.9591919191919192,0.01553428131355683,0.0273254389396873,0.0001264636303371,0.027198975309350202,0.0,0.0518973651166455,2.2426406145095825
158986920-158986928-001,medium,dilation,r1,0.9749582637729548,0.9653505237711524,0.009607740001802423,0.0039441509565343,0.0165909860986168,-0.0126468351420825,0.0,0.0879416657146757,-0.5857858657836914
158986920-158986928-004,high,erosion,r1,0.9707317073170731,0.9659520807061792,0.004779626610893928,0.0180832186374335,0.006981415574372,0.0111018030630615,0.0,0.0615059211167899,2.242640495300293
204870858-204870872-001,high,dilation,r1,0.979288919571971,0.9719845663479282,0.00730435322404277,0.0289830495479789,0.0576535268902204,-0.028670477342241502,0.0,0.0853401685039534,-5.41421377658844
209047526-209047626-001,medium,dilation,r1,0.9751449875724938,0.9526440410418312,0.02250094653066259,0.016346192779281,0.0128130857861391,0.0035331069931418997,0.0,0.0023664858208671,1.414212942123413
209047526-209047762-001,medium,dilation,r1,0.9770642201834864,0.956140350877193,0.02092386930629342,1.4915032542361926e-09,0.0074283081396475,-0.007428306648144246,0.0,0.0026222318625247,-1.1920928955078125e-07
209047881-209047928-001,medium,dilation,r1,0.9798115746971736,0.9577827908475668,0.022028783849606826,0.0085922346553193,0.0104016258372758,-0.0018093911819565007,0.0,0.0020147247150093,0.828426718711853
209047881-209047928-001,high,erosion,r1,0.9596231493943472,0.9553602811950792,0.004262868199268022,0.021045023974668,0.0120950914175765,0.008949932557091499,0.0,0.0019456546684685,2.0000001192092896
209048086-209048137-001,medium,dilation,r1,0.9786324786324786,0.9577080491132332,0.020924429519245447,0.0154318980329214,0.0059647988015226,0.009467099231398799,0.0,0.0015261633865791,1.17157244682312
209048086-209048137-001,high,erosion,r1,0.9572649572649572,0.9553571428571428,0.001907814407814401,0.1549756135119213,0.0073828681763135,0.1475927453356078,0.0,0.0014725837783211,13.656853556632996
209048086-209048239-001,medium,dilation,r1,0.9785561115082202,0.9582191780821918,0.02033693342602838,0.0075301325678887,0.0055044327531106,0.0020256998147780998,0.0,0.0026149417088752,0.5857856273651123
209048086-209048239-001,high,erosion,r1,0.9571122230164404,0.9559701492537314,0.0011420737627090283,0.0248767794062882,0.0067552941869428,0.0181214852193454,0.0,0.0025166256697656,2.0000001192092896
209307421-209307504-001,medium,dilation,r1,0.977116704805492,0.954843408594319,0.02227329621117291,0.0171942608221649,0.0104096041336965,0.006784656688468402,0.0,0.0057197507092498,1.4142134189605713
209307421-209307504-001,high,erosion,r1,0.954233409610984,0.9520383693045564,0.002195040306427587,0.0338676541611608,0.0124464682987459,0.0214211858624149,0.0,0.0054769190393641,2.8284271955490112
209307421-209307561-001,medium,dilation,r1,0.9791231732776616,0.958,0.021123173277661667,0.0092731874466422,0.0081575061203987,0.0011156813262434995,0.0,0.0062752959612074,0.8284276723861694
209307421-209307561-001,high,erosion,r1,0.9582463465553236,0.9556686046511628,0.002577741904160824,0.0183898689452867,0.0096463789804548,0.0087434899648319,0.0,0.006006530327472,1.6568541526794434
209522316-209522391-001,medium,dilation,r1,0.9750830564784052,0.9555555555555556,0.019527500922849605,0.0392772136829147,0.0038584971458505,0.0354187165370642,0.0,0.0020042180611456,2.8284268379211426
209522316-209522391-001,high,erosion,r1,0.9501661129568106,0.9530434782608695,0.0028773653040589098,0.2472305425790321,0.0050847755871972,0.2421457669918349,0.0,0.0019252158703605,21.656854033470157
209522474-209522522-001,medium,dilation,r1,0.975609756097561,0.9534883720930232,0.02212138400453778,7.121249590014145e-09,0.0113282453795291,-0.01132823825827951,0.0,0.0033147464651811,5.960464477539062e-07
209522474-209522522-001,high,erosion,r1,0.951219512195122,0.9505119453924916,0.0007075668026303994,0.0922866226188374,0.0134775264854414,0.078809096133396,0.0,0.0031841564668997,8.24264121055603
209522940-209522970-001,medium,dilation,r1,0.9789621318373072,0.9583333333333334,0.02062879850397381,0.0074831591245236,0.0058905568650612,0.0015926022594624006,0.0,0.0048156922479793,0.585785984992981
209522940-209522970-001,high,erosion,r1,0.9579242636746144,0.9560761346998536,0.001848128974760721,0.0174663044306981,0.0072028219731864,0.0102634824575117,0.0,0.0046187583984845,1.4142130613327026
209522940-209522991-001,medium,dilation,r1,0.9790940766550522,0.9579439252336448,0.021150151421407415,0.0267681495680337,0.0071204619922253,0.0196476875758084,0.0,0.0036213795769047,2.242640495300293
209522940-209522991-001,high,erosion,r1,0.9581881533101044,0.955604075691412,0.002584077618692393,0.0431228957607843,0.0085995489226774,0.0345233468381069,0.0,0.0034825364366028,3.656854510307312
209522940-209523052-001,medium,dilation,r1,0.9793246037215714,0.956493078444298,0.02283152527727339,0.0213173699219013,0.0247014595205549,-0.0033840895986535988,0.0,0.0051331669805339,2.0
209522940-209523052-001,high,erosion,r1,0.9586492074431426,0.953857245854362,0.004791961588780591,0.0617618357973207,0.0064563339621898,0.055305501835130895,0.0,0.0049302903385257,6.14213490486145
209565409-209565503-001,medium,dilation,r1,0.9787234042553192,0.9578804347826086,0.020842969472710582,0.0175703621416773,0.0063399109193454,0.011230451222331902,0.0,0.0028703755867705,1.414212942123413
209565409-209565503-001,high,erosion,r1,0.9574468085106383,0.9555555555555556,0.001891252955082745,0.017570356412833,0.0077412890956467,0.009829067317186298,0.0,0.002762656193695,1.4142124652862549
209565409-209565600-001,high,dilation,r1,0.9688311688311688,0.9634634634634636,0.0053677053677052555,0.0225899712417058,0.0066409580990676,0.0159490131426382,0.0,0.0023074133339533,2.2426401376724243
209565864-209565890-001,high,dilation,r1,0.9691516709511568,0.964781746031746,0.004369924919410795,0.0215620731691416,0.0035758512485787,0.0179862219205629,0.0,0.0040706820279472,1.9999995231628416
209565864-209565911-001,high,dilation,r1,0.963963963963964,0.961038961038961,0.002925002925002973,0.0093771270850658,0.0127908747541853,-0.0034137476691194994,0.0,0.0027923191782086,0.8284274339675903
209565864-209565950-001,medium,dilation,r1,0.9770290964777948,0.9567765567765568,0.02025253970123797,0.0109291160380226,0.004980257933869,0.0059488581041536,0.0,0.0023214753334829,0.8284265995025635
209565864-209565950-001,high,erosion,r1,0.9540581929555896,0.9543634907926342,0.00030529783704458247,0.1183006682796158,0.0022352978170524,0.1160653704625634,0.0,0.0022328386703332,9.656853556632996
209566047-209566095-001,high,dilation,r1,0.969199178644764,0.96364086074697,0.005558317897794041,0.0226236529354629,0.0065557496871366,0.0160679032483263,0.0,0.0046533858772449,2.2426403760910034
209566047-209566125-001,medium,dilation,r1,0.9763593380614656,0.9512743628185908,0.025084975242874785,0.0089675942211107,0.1045658155778271,-0.0955982213567164,0.0,0.002344980143939,1.0710676908493042
209566205-209566247-001,high,dilation,r1,0.9651365485183032,0.9617211511595418,0.003415397358761396,0.0182139112793083,0.0058790460096265,0.012334865269681802,0.0,0.0034989183555431,1.6568541526794434
209566205-209566289-001,high,dilation,r1,0.964622641509434,0.9598189020939444,0.004803739415489616,0.0199291594564688,0.0106063172603857,0.009322842196083099,0.0,0.0031347326663228,2.000000238418579
209566205-209566333-001,medium,dilation,r1,0.9798251513113652,0.9587362991618312,0.021088852149533932,0.0072965954232385,0.0066463909998537,0.0006502044233848,0.0,0.0035345273712025,0.5857865810394287
209566205-209566333-001,high,erosion,r1,0.9596503026227304,0.9564912280701754,0.003159074552555041,0.065283648614791,0.0080435063659518,0.05724014224883919,0.0,0.0034013016581781,5.656854748725891
209566399-209566464-001,high,dilation,r1,0.9630314232902032,0.9612081729345572,0.0018232503556460111,0.0430382503008142,0.0040860092065785,0.0389522410942357,0.0,0.0033929112541795,3.656853556632996
209566399-209566485-001,high,dilation,r1,0.9675850891410048,0.9633099141295862,0.004275175011418608,0.0150908249657987,0.0053846882257788,0.0097061367400199,0.0,0.0023557739981949,1.4142135381698608
209566399-209566517-001,high,dilation,r1,0.961904761904762,0.958029197080292,0.003875564824470046,0.0085417268736851,0.0114374115359922,-0.0028956846623071006,0.0,0.00284265868339,0.8284269571304321
