cell_id,circ_change_diff
148497551-148497588-001,0.010780547933225498
148497788-148497816-002,-0.0167075830664766
148497788-148497836-002,0.0071035183006583
148499383-148499452-002,0.0026731140850443005
148499815-148500094-001,-0.003861158097261501
148719308-148719348-004,0.0008329433406023996
148719308-148719357-001,0.004046544854927001
148848523-148848559-003,0.009068731486052
148848523-148848559-004,-0.049191342705141104
148881870-148881960-001,0.049732675170879495
148881870-148882178-002,0.005607535036532999
149013033-149013072-001,-0.0031837135399343
149014631-149014646-001,0.0061044736461131005
149014631-149014646-002,-0.0057269075631251
149014929-149015008-003,0.0016171193653111999
149053945-149053969-001,0.01467083129391
149054642-149054677-003,-0.016074527927724902
149056321-149056360-001,-0.0250475177621088
149056410-149056423-003,-0.048480636676940705
149056410-149056423-004,-0.0188849755943018
149056410-149056458-001,0.01786447285920905
149056410-149056458-002,-0.010572109818421998
149056545-149056555-001,0.0006527006740025994
149056785-149056797-003,-0.0109680031592501
149056785-149056797-004,-0.0037434795056094997
149056873-149056884-001,0.002317051346882199
149056873-149056884-002,0.0334572583611083
149056933-149056982-002,0.018128203757753997
149056933-149056982-003,0.02089271119638615
149057812-149057825-005,-0.0079465996049125
149057812-149057847-004,0.009350373787125998
149057812-149057847-006,-0.021853105007486003
149059215-149059228-001,0.014827455520775901
149061666-149061683-003,-0.0124566627203897
149097594-149097661-001,-0.0105246668649082
149098972-149098988-001,-0.0168957953293599
149098972-149098988-002,-0.0251697356725997
149098972-149099015-002,0.0018607462900149998
149099096-149099104-001,-0.0038074246287285
149100006-149100028-002,-0.012210485519553203
149101620-149101664-001,-0.0153960239280365
149101894-149101909-001,-0.0187379768559338
149101894-149101909-002,-0.03257504405249721
149101894-149101909-003,0.015090448008263
149101894-149101918-001,-0.041292790522603796
149101894-149101930-002,-0.028233026605752
149102510-149102519-002,-0.0013036949485825
149105003-149105050-001,-0.022193844180323802
149105131-149105155-001,0.009535164615663099
149105289-149105300-001,0.0121753046008019
149143028-149143108-002,0.0017847871477573007
149143469-149143497-003,0.0013695939405348996
149146635-149146651-001,-0.0268205729834733
149147060-149147075-001,-0.0038555393527716
149147848-149147864-002,0.013349232831114999
149147949-149147960-002,-0.0275311555909974
149181904-149181927-001,0.0079140519844688
149181904-149181951-001,0.00010432790130359988
149182125-149182135-001,-0.024744485703841995
149182125-149182135-002,-0.014841135895229599
149182550-149182571-004,0.0020758230560136005
149182657-149182667-001,-0.024007512009621
149182657-149182667-003,-0.006193473489362399
149182657-149182681-002,-0.023808820902867303
149182657-149182698-003,-0.026501596248791094
149185497-149185527-003,-0.0147201155236794
149185604-149185657-001,0.007446876511250901
149186957-149186968-001,-0.0083334530418282
149187049-149187100-002,0.0397779625548794
149314453-149314465-001,0.0020313677013606
149314453-149314507-001,-0.0140077411631066
149314453-149314507-002,-0.0082268669569754
149314453-149314507-003,-0.004927683550917999
149315671-149315740-001,-0.0095909319590482
149315671-149315740-003,-0.0343251175080394
149315671-149315740-004,-0.015810267799101142
149315775-149315790-001,-0.0063265019812325015
149316025-149316032-001,-0.006584654447712201
149316426-149316462-004,-0.022323389440352205
149316754-149316779-002,0.010927095084757699
149316754-149316795-002,-0.033394898404281795
149317002-149317010-002,-0.0029042270784924995
149317114-149317152-001,-0.0129095463098558
149317204-149317230-002,-0.0181526776885456
149357849-149357857-003,-0.0176049911732454
153314857-153314909-001,-0.017994794709891734
153315615-153315629-001,0.04753118105914848
153654325-153654351-001,-0.0225713955030323
153654325-153654351-003,-0.04300759816265751
153655016-153655039-005,-0.0015249412332076998
153655087-153655101-002,-0.0021212689336573996
153659229-153659243-001,-0.040663353736000996
153659229-153659256-003,0.0331590824740786
153697342-153697375-001,-0.0138790520036442
153697342-153697384-001,-0.015363318859435569
153698259-153698268-001,0.0985084488027769
153698259-153698268-002,0.0063327402015028005
153701139-153701158-001,-0.0183004042155247
153701139-153701158-004,0.01924271880842125
153701139-153701158-005,-0.0109191099510024
153827595-153827604-002,-0.0418492899172345
153827595-153827618-002,-0.0018674337474004002
153827595-153827657-002,0.04707457263452901
153828952-153828980-001,0.033665209251512104
153828952-153829000-001,0.025603614866723197
153828952-153829000-003,-0.019205009576295298
153830680-153830827-002,0.009233384134627001
153831352-153831372-003,-0.014473925239167598
153915432-153915441-002,-0.00016472483646479998
153915432-153915472-001,-0.0054914280155123
153915634-153915665-003,0.007862506555788101
153915634-153915665-006,-0.0065165741020747
153915634-153915665-007,-0.022642209340208802
153915726-153915736-001,-0.061980089081556604
153916001-153916020-001,0.018017226061428
153916001-153916020-003,-0.018831304353694
153916114-153916150-001,-0.0224779764356135
153916114-153916167-001,-0.043770100551499505
153916569-153916586-001,-0.16221712959546722
153956040-153956058-001,0.0209452232555944
153956040-153956058-002,-0.0016532301415604998
153956040-153956058-003,0.0080622565932929
153956040-153956058-005,-0.008543977327457701
153956040-153956058-006,0.006142299558689501
153956040-153956072-001,-0.0002543931488405999
153956040-153956072-003,-0.021410492620316197
153956279-153956296-001,-0.0167839526482476
153956444-153956458-002,-0.024184880265432092
153956444-153956458-004,0.0035828905908856998
153958154-153958194-001,0.016735835943691497
153958154-153958211-001,0.0256826988044687
153958547-153958572-008,-0.013834509563874397
153958547-153958590-002,-0.0097737991749628
157181481-157181497-002,-0.0059524569894123
157183828-157183877-001,0.0479733594617544
157185433-157185454-001,-0.0157083457054939
157185433-157185479-001,0.0497858519525807
157185433-157185479-002,0.007198707828963551
157185433-157185479-004,0.006343012757067201
157185433-157185479-007,-0.0091605709111464
157185433-157185508-005,-0.007190428679179851
157185527-157185540-003,0.001007437273731801
157185677-157185690-001,-0.0121130078312039
157185730-157185758-001,-0.034744797008922704
157185781-157185793-003,-0.012816386598869498
157185781-157185814-002,-0.1010583682474826
157222534-157222579-001,0.010519185149462401
157222647-157222687-001,0.009827979509624099
157223779-157224140-001,0.0006988671805487996
157224458-157224464-001,0.0035353654476206024
157227461-157227503-003,0.0033800808961526006
157266930-157266947-003,-0.007295109060651665
158986766-158986776-001,-0.0015851382115942003
158986813-158986820-001,0.027198975309350202
158986920-158986928-001,-0.0126468351420825
158986920-158986928-004,0.0111018030630615
204870858-204870872-001,-0.028670477342241502
209047526-209047626-001,0.0035331069931418997
209047526-209047762-001,-0.007428306648144246
209047881-209047928-001,0.003570270687567499
209048086-209048137-001,0.07852992228350329
209048086-209048239-001,0.01007359251706175
209307421-209307504-001,0.01410292127544165
209307421-209307561-001,0.0049295856455377
209522316-209522391-001,0.13878224176444956
209522474-209522522-001,0.03374042893755824
209522940-209522970-001,0.0059280423584870505
209522940-209522991-001,0.02708551720695765
209522940-209523052-001,0.025960706118238648
209565409-209565503-001,0.0105297592697591
209565409-209565600-001,0.0159490131426382
209565864-209565890-001,0.0179862219205629
209565864-209565911-001,-0.0034137476691194994
209565864-209565950-001,0.061007114283358505
209566047-209566095-001,0.0160679032483263
209566047-209566125-001,-0.0955982213567164
209566205-209566247-001,0.012334865269681802
209566205-209566289-001,0.009322842196083099
209566205-209566333-001,0.028945173336111997
209566399-209566464-001,0.0389522410942357
209566399-209566485-001,0.0097061367400199
209566399-209566517-001,-0.0028956846623071006
